input_id,input_id_type,inchikey,mapping_confidence
003563-27-7(1),CASRN,NLLMJANWPUQQTA-UHFFFAOYSA-N,inchi
100-00-5(4),CASRN,CZGCEKJOLUNIFY-UHFFFAOYSA-N,inchi
100-01-6(2),CASRN,TYMLOMAKGOJONV-UHFFFAOYSA-N,inchi
"100-02-7(4), 824-78-2(2)",CASRN,BTJIUGUIPKRLHP-UHFFFAOYSA-N,inchi
100-06-1(2),CASRN,NTPLXRHDUXRPNE-UHFFFAOYSA-N,inchi
100-10-7(2),CASRN,BGNGWHSBYQYVRX-UHFFFAOYSA-N,inchi
100-11-8(2),CASRN,VOLRSQPSJGXRNJ-UHFFFAOYSA-N,inchi
100-14-1(2),CASRN,KGCNHWXDPDPSBV-UHFFFAOYSA-N,inchi
100-15-2(2),CASRN,XIFJZJPMHNUGRA-UHFFFAOYSA-N,inchi
100-18-5(4),CASRN,SPPWGCYEYAMHDT-UHFFFAOYSA-N,inchi
100-19-6(2),CASRN,YQYGPGKTNQNXMH-UHFFFAOYSA-N,inchi
100-20-9(4),CASRN,LXEJRKJRKIFVNY-UHFFFAOYSA-N,inchi
100-21-0(4),CASRN,KKEYFWRCBNTPAC-UHFFFAOYSA-N,inchi
100-22-1(2),CASRN,CJAOGUFAAWZWNI-UHFFFAOYSA-N,inchi
100-27-6(2),CASRN,IKMXRUOZUUKSON-UHFFFAOYSA-N,inchi
100-29-8(2),CASRN,NWPKEYHUZKMWKJ-UHFFFAOYSA-N,inchi
100-37-8(4),CASRN,BFSVOASYOCHEOV-UHFFFAOYSA-N,inchi
100-39-0(2),CASRN,AGEZXYOZHKGVCM-UHFFFAOYSA-N,inchi
100-40-3(2),CASRN,BBDKZWKEPDTENS-UHFFFAOYSA-N,inchi
100-41-4(2),CASRN,YNQLUTRBYVCPMQ-UHFFFAOYSA-N,inchi
100-42-5(4),CASRN,PPBRXRYQALVLMV-UHFFFAOYSA-N,inchi
100-44-7(2),CASRN,KCXMKQUNVWSEMD-UHFFFAOYSA-N,inchi
100-46-9(2),CASRN,WGQKYBSKWIADBV-UHFFFAOYSA-N,inchi
100-47-0(4),CASRN,JFDZBHWFFUWGJE-UHFFFAOYSA-N,inchi
100-48-1(2),CASRN,GPHQHTOMRSGBNZ-UHFFFAOYSA-N,inchi
100-50-5(2),CASRN,DCFDVJPDXYGCOK-UHFFFAOYSA-N,inchi
100-51-6(6),CASRN,WVDDGKGOMKODPV-UHFFFAOYSA-N,inchi
100-52-7(6),CASRN,HUMNYLRZRPPJDN-UHFFFAOYSA-N,inchi
100-53-8(2),CASRN,UENWRTRMUIOCKN-UHFFFAOYSA-N,inchi
100-54-9(4),CASRN,GZPHSAQLYPIAIN-UHFFFAOYSA-N,inchi
100-55-0(4),CASRN,MVQVNTPHUGQQHK-UHFFFAOYSA-N,inchi
100-61-8(2),CASRN,AFBPFSWMIHJQDM-UHFFFAOYSA-N,inchi
100-64-1(4),CASRN,AFLQDEOAJRGCOW-UHFFFAOYSA-N,inchi
100-65-2(2),CASRN,CKRZKMFTZCFYGB-UHFFFAOYSA-N,inchi
100-69-6(2),CASRN,KGIGUEBEKRSTEW-UHFFFAOYSA-N,inchi
100-70-9(4),CASRN,FFNVQNRYTPFDDP-UHFFFAOYSA-N,inchi
100-74-3(2),CASRN,HVCNXQOWACZAFN-UHFFFAOYSA-N,inchi
100-75-4(2),CASRN,UWSDONTXWQOZFN-UHFFFAOYSA-N,inchi
100-86-7(2),CASRN,RIWRBSMFKVOJMN-UHFFFAOYSA-N,inchi
"100-88-9(4), 139-05-9(2)",CASRN,HCAJEUSONLESMK-UHFFFAOYSA-N,inchi
100-97-0(6),CASRN,VKYKSIONXSXAKP-UHFFFAOYSA-N,inchi
1000-05-1(2),CASRN,MMAKNNYIZYDWTD-UHFFFAOYSA-N,inchi
10001-13-5(2),CASRN,FRSIMZWJVMLPAI-UHFFFAOYSA-N,inchi
10004-44-1(2),CASRN,KGVPNLBXJKTABS-UHFFFAOYSA-N,inchi
10016-20-3(6),CASRN,HFHDHCJBZVLPGP-UHFFFAOYSA-N,inchi
1002-69-3(2),CASRN,ZTEHOZMYMCEYRM-UHFFFAOYSA-N,inchi
1002-84-2(2),CASRN,WQEPLUUGTLDZJY-UHFFFAOYSA-N,inchi
10023-54-8(2),CASRN,CMLVHSVFSYNMGM-WYMLVPIESA-N,inchi
100286-90-6(2),CASRN,UWKQSNNFCGGAFS-UHFFFAOYSA-N,inchi
100299-08-9(2),CASRN,HIANJWSAHKJQTH-UHFFFAOYSA-N,inchi
10032-15-2(2),CASRN,YUECNVSODFDKOQ-UHFFFAOYSA-N,inchi
10040-45-6(2),CASRN,UJIDKYTZIQTXPM-UHFFFAOYSA-N,inchi
10042-59-8(2),CASRN,YLQLIQIAXYRMDL-UHFFFAOYSA-N,inchi
10049-83-9(2),CASRN,SIXLXDIJGIWWFU-UHFFFAOYSA-N,inchi
10052-47-8(2),CASRN,SEACXNRNJAXIBM-UHFFFAOYSA-N,inchi
100643-71-8(2),CASRN,JAUOIFJMECXRGI-UHFFFAOYSA-N,inchi
100678-32-8(2),CASRN,IPOBOOXFSRWSHL-UHFFFAOYSA-N,inchi
1007-28-9(2),CASRN,IVENSCMCQBJAKW-UHFFFAOYSA-N,inchi
1008-72-6(2),CASRN,SHHKMWMIKILKQW-UHFFFAOYSA-N,inchi
10081-67-1(4),CASRN,UJAWGGOCYUPCPS-UHFFFAOYSA-N,inchi
1009-61-6(2),CASRN,SKBBQSLSGRSQAJ-UHFFFAOYSA-N,inchi
1009-93-4(2),CASRN,WGGNJZRNHUJNEM-UHFFFAOYSA-N,inchi
10094-34-5(2),CASRN,SHSGYHAHMQLYRB-UHFFFAOYSA-N,inchi
101-02-0(4),CASRN,HVLLSGMXQDNUAL-UHFFFAOYSA-N,inchi
101-05-3(2),CASRN,IMHBYKMAHXWHRP-UHFFFAOYSA-N,inchi
101-10-0(2),CASRN,YNTJKQDWYXUTLZ-UHFFFAOYSA-N,inchi
101-11-1(2),CASRN,BQGRVFPPZJPWPB-UHFFFAOYSA-N,inchi
101-14-4(2),CASRN,IBOFVQJTBBUKMU-UHFFFAOYSA-N,inchi
101-18-8(2),CASRN,NDACNGSDAFKTGE-UHFFFAOYSA-N,inchi
101-20-2(6),CASRN,ICUTUKXCWQYESQ-UHFFFAOYSA-N,inchi
101-21-3(4),CASRN,CWJSHJJYOPWUGX-UHFFFAOYSA-N,inchi
101-26-8(2),CASRN,RVOLLAQWKVFTGE-UHFFFAOYSA-N,inchi
101-27-9(2),CASRN,MCOQHIWZJUDQIC-UHFFFAOYSA-N,inchi
101-37-1(2),CASRN,BJELTSYBAHKXRW-UHFFFAOYSA-N,inchi
101-39-3(2),CASRN,VLUMOWNVWOXZAU-VQHVLOKHSA-N,inchi
101-40-6(2),CASRN,JCRIVQIOJSSCQD-UHFFFAOYSA-N,inchi
101-41-7(2),CASRN,CRZQGDNQQAALAY-UHFFFAOYSA-N,inchi
101-42-8(2),CASRN,XXOYNJXVWVNOOJ-UHFFFAOYSA-N,inchi
101-48-4(2),CASRN,WNJSKZBEWNVKGU-UHFFFAOYSA-N,inchi
101-53-1(2),CASRN,HJSPWKGEPDZNLK-UHFFFAOYSA-N,inchi
"101-54-2(4), 2198-59-6(2)",CASRN,ATGUVEKSASEFFO-UHFFFAOYSA-N,inchi
101-55-3(4),CASRN,JDUYPUMQALQRCN-UHFFFAOYSA-N,inchi
101-61-1(4),CASRN,JNRLEMMIVRBKJE-UHFFFAOYSA-N,inchi
101-63-3(2),CASRN,MWAGUKZCDDRDCS-UHFFFAOYSA-N,inchi
101-70-2(2),CASRN,VCOONNWIINSFBA-UHFFFAOYSA-N,inchi
101-71-3(2),CASRN,ZBJBRUSGEJORQL-UHFFFAOYSA-N,inchi
101-77-9(4),CASRN,YBRVSVVVWCFQMG-UHFFFAOYSA-N,inchi
101-79-1(2),CASRN,YTISFYMPVILQRL-UHFFFAOYSA-N,inchi
101-80-4(4),CASRN,HLBLWEWZXPIGSM-UHFFFAOYSA-N,inchi
101-81-5(2),CASRN,CZZYITDELCSZES-UHFFFAOYSA-N,inchi
101-83-7(6),CASRN,XBPCUCUWBYBCDP-UHFFFAOYSA-N,inchi
101-84-8(4),CASRN,USIUVYZYUHIAEV-UHFFFAOYSA-N,inchi
101-85-9(2),CASRN,LIPHCKNQPJXUQF-KAMYIIQDSA-N,inchi
101-86-0(4),CASRN,GUUHFMWKWLOQMM-NTCAYCPXSA-N,inchi
101-90-6(2),CASRN,WPYCRFCQABTEKC-UHFFFAOYSA-N,inchi
"101-93-9(4), 620-99-5(2)",CASRN,QXDAEKSDNVPFJG-UHFFFAOYSA-N,inchi
101-96-2(2),CASRN,FSWDLYNGJBGFJH-UHFFFAOYSA-N,inchi
101-97-3(2),CASRN,DULCUDSUACXJJC-UHFFFAOYSA-N,inchi
101001-34-7(2),CASRN,ISCHOARKJADAKJ-UHFFFAOYSA-N,inchi
101152-94-7(2),CASRN,GJJFMKBJSRMPLA-UHFFFAOYSA-N,inchi
101200-48-0(2),CASRN,VLCQZHSMCYCDJL-UHFFFAOYSA-N,inchi
101312-92-9(2),CASRN,LLYYNOVSVPBRGV-UHFFFAOYSA-N,inchi
1014-70-6(2),CASRN,MGLWZSOBALDPEK-UHFFFAOYSA-N,inchi
101463-69-8(2),CASRN,RYLHNOVXKPXDIP-UHFFFAOYSA-N,inchi
101477-54-7(2),CASRN,JQSAYKKFZOSZGJ-UHFFFAOYSA-N,inchi
101526-62-9(2),CASRN,KHYPYQZQJSBPIX-UHFFFAOYSA-N,inchi
101530-10-3(2),CASRN,ZRTQSJFIDWNVJW-OWBHPGMISA-N,inchi
10161-33-8(4),CASRN,MEHHPFQKXOUFFV-UHFFFAOYSA-N,inchi
10161-34-9(2),CASRN,CMRJPMODSSEAPL-UHFFFAOYSA-N,inchi
101626-70-4(2),CASRN,DHSSDEDRBUKTQY-UHFFFAOYSA-N,inchi
"101828-21-1(2), 101827-46-7(2)",CASRN,ABJKWBDEJIDSJZ-UHFFFAOYSA-N,inchi
101831-37-2(2),CASRN,ZSZFUDFOPOMEET-UHFFFAOYSA-N,inchi
10190-99-5(2),CASRN,BBFQZRXNYIEMAW-UHFFFAOYSA-N,inchi
101973-77-7(2),CASRN,YRSSFEUQNAXQMX-UHFFFAOYSA-N,inchi
101975-10-4(2),CASRN,HJMQDJPMQIHLPB-UHFFFAOYSA-N,inchi
102-01-2(4),CASRN,DYRDKSSFIWVSNM-UHFFFAOYSA-N,inchi
102-05-6(2),CASRN,WYZDCUGWXKHESN-UHFFFAOYSA-N,inchi
102-06-7(4),CASRN,OWRCNXZUPFZXOS-UHFFFAOYSA-N,inchi
102-07-8(2),CASRN,GWEHVDNNLFDJLR-UHFFFAOYSA-N,inchi
102-08-9(2),CASRN,FCSHMCFRCYZTRQ-UHFFFAOYSA-N,inchi
102-09-0(2),CASRN,ROORDVPLFPIABK-UHFFFAOYSA-N,inchi
102-16-9(2),CASRN,MIYFJEKZLFWKLZ-UHFFFAOYSA-N,inchi
102-20-5(2),CASRN,ZOZIRNMDEZKZHM-UHFFFAOYSA-N,inchi
102-27-2(4),CASRN,GUYMMHOQXYZMJQ-UHFFFAOYSA-N,inchi
102-28-3(2),CASRN,PEMGGJDINLGTON-UHFFFAOYSA-N,inchi
102-29-4(2),CASRN,ZZPKZRHERLGEKA-UHFFFAOYSA-N,inchi
102-36-3(2),CASRN,MFUVCHZWGSJKEQ-UHFFFAOYSA-N,inchi
102-40-9(2),CASRN,IAXFZZHBFXRZMT-UHFFFAOYSA-N,inchi
102-50-1(4),CASRN,CDGNLUSBENXDGG-UHFFFAOYSA-N,inchi
102-60-3(6),CASRN,NSOXQYCFHDMMGV-UHFFFAOYSA-N,inchi
102-70-5(2),CASRN,VPYJNCGUESNPMV-UHFFFAOYSA-N,inchi
102-71-6(6),CASRN,GSEJCLTVZPLZKY-UHFFFAOYSA-N,inchi
102-76-1(6),CASRN,URAYPUMNDPQOKB-UHFFFAOYSA-N,inchi
102-77-2(2),CASRN,MHKLKWCYGIBEQF-UHFFFAOYSA-N,inchi
102-79-4(2),CASRN,GVNHOISKXMSMPX-UHFFFAOYSA-N,inchi
102-81-8(2),CASRN,IWSZDQRGNFLMJS-UHFFFAOYSA-N,inchi
102-82-9(4),CASRN,IMFACGCPASFAPR-UHFFFAOYSA-N,inchi
102-87-4(2),CASRN,SWZDQOUHBYYPJD-UHFFFAOYSA-N,inchi
"102-96-5(2), 5153-67-3(2)",CASRN,PIAOLBVUVDXHHL-VOTSOKGWSA-N,inchi
102121-60-8(2),CASRN,SZWKGOZKRMMLAJ-UHFFFAOYSA-N,inchi
10213-75-9(2),CASRN,HXBFULVLSKAGSQ-UHFFFAOYSA-N,inchi
10217-34-2(2),CASRN,UDUKMRHNZZLJRB-UHFFFAOYSA-N,inchi
1021868-82-5(2),CASRN,BGWRJAXPPYHIRG-UHFFFAOYSA-N,inchi
10222-01-2(2),CASRN,UUIVKBHZENILKB-UHFFFAOYSA-N,inchi
102268-15-5(2),CASRN,MTAVBTGOXNGCJR-UHFFFAOYSA-N,inchi
10238-21-8(4),CASRN,ZNNLBTZKUZBEKO-UHFFFAOYSA-N,inchi
102394-31-0(2),CASRN,UBRKDAVQCKZSPO-UHFFFAOYSA-N,inchi
1024-57-3(2),CASRN,ZXFXBSWRVIQKOD-UHFFFAOYSA-N,inchi
102409-92-7(2),CASRN,BUZDGGFWWPZBIN-UHFFFAOYSA-N,inchi
1025-15-6(2),CASRN,KOMNUTZXSVSERR-UHFFFAOYSA-N,inchi
102518-79-6(2),CASRN,JUGJMXIKPNJQLT-QDEBKDIKSA-N,inchi
10258-54-5(2),CASRN,SGLKIEOMYXTGBH-UHFFFAOYSA-N,inchi
"10262-69-8(2), 10347-81-6(2)",CASRN,QSLMDECMDJKHMQ-UHFFFAOYSA-N,inchi
"102625-70-7(2), 138786-67-1(4)",CASRN,IQPSEEYGBUAQFF-UHFFFAOYSA-N,inchi
10265-92-6(4),CASRN,NNKVPIKMPCQWCG-UHFFFAOYSA-N,inchi
102676-31-3(2),CASRN,CLPFFLWZZBQMAO-UHFFFAOYSA-N,inchi
1027-14-1(2),CASRN,GOZBHBFUQHMKQB-UHFFFAOYSA-N,inchi
1027-87-8(2),CASRN,SHVCKTUQDUTJDT-UHFFFAOYSA-N,inchi
102778-59-6(2),CASRN,RGJOEKWQDUBAIZ-UHFFFAOYSA-N,inchi
"10281-55-7(2), 2436-90-0(2)",CASRN,FUDNBFMOXDUIIE-UHFFFAOYSA-N,inchi
"102851-06-9(2), 69409-94-5(2)",CASRN,INISTDXBRIBGOC-UHFFFAOYSA-N,inchi
10287-53-3(2),CASRN,FZUGPQWGEGAKET-UHFFFAOYSA-N,inchi
102992-93-8(2),CASRN,DCOAXFMVFWUZET-UHFFFAOYSA-N,inchi
103-03-7(6),CASRN,AVKHCKXGKPAGEI-UHFFFAOYSA-N,inchi
103-05-9(2),CASRN,YXVSKJDFNJFXAJ-UHFFFAOYSA-N,inchi
103-09-3(4),CASRN,WOYWLLHHWAMFCB-UHFFFAOYSA-N,inchi
103-11-7(4),CASRN,GOXQRTZXKQZDDN-UHFFFAOYSA-N,inchi
103-16-2(4),CASRN,VYQNWZOUAUKGHI-UHFFFAOYSA-N,inchi
103-16-2(6),CASRN,VYQNWZOUAUKGHI-UHFFFAOYSA-N,inchi
103-17-3(1),CASRN,ZHLKXBJTJHRTTE-UHFFFAOYSA-N,inchi
103-23-1(4),CASRN,SAOKZLXYCUGLFA-UHFFFAOYSA-N,inchi
103-24-2(4),CASRN,ZDWGXBPVPXVXMQ-UHFFFAOYSA-N,inchi
103-29-7(2),CASRN,QWUWMCYKGHVNAV-UHFFFAOYSA-N,inchi
103-30-0(2),CASRN,PJANXHGTPQOBST-VAWYXSNFSA-N,inchi
103-31-1(4),CASRN,QKHRGPYNTXRMSL-VOTSOKGWSA-N,inchi
103-33-3(4),CASRN,DMLAVOWQYNRWNQ-UHFFFAOYSA-N,inchi
103-34-4(4),CASRN,HLBZWYXLQJQBKU-UHFFFAOYSA-N,inchi
103-36-6(2),CASRN,KBEBGUQPQBELIU-CMDGGOBGSA-N,inchi
103-37-7(2),CASRN,VONGZNXBKCOUHB-UHFFFAOYSA-N,inchi
103-38-8(2),CASRN,HVJKZICIMIWFCP-UHFFFAOYSA-N,inchi
103-41-3(4),CASRN,NGHOLYJTSCBCGC-VAWYXSNFSA-N,inchi
103-45-7(2),CASRN,MDHYEMXUFSJLGV-UHFFFAOYSA-N,inchi
103-48-0(2),CASRN,JDQVBGQWADMTAM-UHFFFAOYSA-N,inchi
103-49-1(2),CASRN,BWLUMTFWVZZZND-UHFFFAOYSA-N,inchi
103-50-4(2),CASRN,MHDVGSVTJDSBDK-UHFFFAOYSA-N,inchi
103-52-6(2),CASRN,WFNDDSQUKATKNX-UHFFFAOYSA-N,inchi
103-53-7(2),CASRN,MJQVZIANGRDJBT-VAWYXSNFSA-N,inchi
103-54-8(2),CASRN,WJSDHUCWMSHDCR-VMPITWQZSA-N,inchi
103-59-3(2),CASRN,KLKQSZIWHVEARN-RMKNXTFCSA-N,inchi
103-60-6(2),CASRN,MJTPMXWJHPOWGH-UHFFFAOYSA-N,inchi
103-63-9(2),CASRN,WMPPDTMATNBGJN-UHFFFAOYSA-N,inchi
103-65-1(2),CASRN,ODLMAHJVESYWTB-UHFFFAOYSA-N,inchi
103-69-5(4),CASRN,OJGMBLNIHDZDGS-UHFFFAOYSA-N,inchi
103-70-8(2),CASRN,DYDNPESBYVVLBO-UHFFFAOYSA-N,inchi
103-72-0(2),CASRN,QKFJKGMPGYROCL-UHFFFAOYSA-N,inchi
103-74-2(2),CASRN,BXGYBSJAZFGIPX-UHFFFAOYSA-N,inchi
103-76-4(4),CASRN,WFCSWCVEJLETKA-UHFFFAOYSA-N,inchi
103-82-2(4),CASRN,WLJVXDMOQOGPHL-UHFFFAOYSA-N,inchi
103-83-3(4),CASRN,XXBDWLFCJWSEKW-UHFFFAOYSA-N,inchi
103-84-4(4),CASRN,FZERHIULMFGESH-UHFFFAOYSA-N,inchi
103-85-5(4),CASRN,FULZLIGZKMKICU-UHFFFAOYSA-N,inchi
103-89-9(2),CASRN,YICAMJWHIUMFDI-UHFFFAOYSA-N,inchi
103-90-2(6),CASRN,RZVAJINKPMORJF-UHFFFAOYSA-N,inchi
103-95-7(2),CASRN,ZFNVDHOSLNRHNN-UHFFFAOYSA-N,inchi
103055-07-8(4),CASRN,PWPJGUXAGUPAHP-UHFFFAOYSA-N,inchi
1031-07-8(2),CASRN,AAPVQEMYVNZIOO-UHFFFAOYSA-N,inchi
10310-32-4(2),CASRN,ULLNJSBQMBKOJH-UHFFFAOYSA-N,inchi
10311-84-9(2),CASRN,MUMQYXACQUZOFP-UHFFFAOYSA-N,inchi
103112-35-2(2),CASRN,GMBRUAIJEFRHFQ-UHFFFAOYSA-N,inchi
103177-37-3(2),CASRN,NBQKINXMPLXUET-UHFFFAOYSA-N,inchi
10319-14-9(2),CASRN,DVBLPJWQXDCAKU-UHFFFAOYSA-N,inchi
1032350-13-2(2),CASRN,ULDXWLCXEDXJGE-UHFFFAOYSA-N,inchi
103300-74-9(2),CASRN,LQZAIAZUDWIVPM-UHFFFAOYSA-N,inchi
103361-09-7(2),CASRN,FOUWCSDKDDHKQP-UHFFFAOYSA-N,inchi
103377-41-9(2),CASRN,WFNRNNUZFPVBSM-UHFFFAOYSA-N,inchi
10338-51-9(2),CASRN,ILRCGYURZSFMEG-UHFFFAOYSA-N,inchi
10339-55-6(2),CASRN,KRLBLPBPZSSIGH-CSKARUKUSA-N,inchi
1034-01-1(2),CASRN,NRPKURNSADTHLJ-UHFFFAOYSA-N,inchi
103420-77-5(2),CASRN,NFHRQQKPEBFUJK-UHFFFAOYSA-N,inchi
103577-45-3(4),CASRN,MJIHNNLFOKEZEW-UHFFFAOYSA-N,inchi
103597-45-1(2),CASRN,FQUNFJULCYSSOP-UHFFFAOYSA-N,inchi
103628-46-2(2),CASRN,KQKPFRSPSRPDEB-UHFFFAOYSA-N,inchi
"103639-04-9(2), 99614-02-5(2)",CASRN,FELGMEQIXOGIFQ-UHFFFAOYSA-N,inchi
103725-47-9(2),CASRN,VDPYMEBVIDZKMD-UHFFFAOYSA-N,inchi
10373-78-1(2),CASRN,VNQXSTWCDUXYEZ-UHFFFAOYSA-N,inchi
103766-25-2(2),CASRN,AXYGRUFURGOCPO-UHFFFAOYSA-N,inchi
1038-59-1(2),CASRN,XTOBSLUVJNOXGB-UHFFFAOYSA-N,inchi
10381-75-6(2),CASRN,SKTFQHRVFFOHTQ-UHFFFAOYSA-N,inchi
103878-83-7(2),CASRN,JZXRLKWWVNUZRB-UHFFFAOYSA-N,inchi
103909-75-7(2),CASRN,DTXXSJZBSTYZKE-WWBRWCDLSA-N,inchi
103922-33-4(2),CASRN,IFVDWRVXVXSEPA-QAUMPCNCSA-N,inchi
104-06-3(4),CASRN,SRVJKTDHMYAMHA-WUXMJOGZSA-N,inchi
104-12-1(2),CASRN,ADAKRBAJFHTIEW-UHFFFAOYSA-N,inchi
104-13-2(2),CASRN,OGIQUQKNJJTLSZ-UHFFFAOYSA-N,inchi
"104-14-3(2), 770-05-8(2)",CASRN,QHGUCRYDKWKLMG-UHFFFAOYSA-N,inchi
104-20-1(2),CASRN,PCBSXBYCASFXTM-UHFFFAOYSA-N,inchi
"104-21-2(2), 1331-83-5(2)",CASRN,HFNGYHHRRMSKEU-UHFFFAOYSA-N,inchi
104-22-3(2),CASRN,ZHKXBELKPQXYEH-UHFFFAOYSA-N,inchi
104-27-8(2),CASRN,SLDQOBRACOQXGE-QPJJXVBHSA-N,inchi
104-29-0(2),CASRN,MXOAEAUPQDYUQM-UHFFFAOYSA-N,inchi
104-31-4(2),CASRN,MAFMQEKGGFWBAB-UHFFFAOYSA-N,inchi
104-32-5(2),CASRN,WTFXJFJYEJZMFO-UHFFFAOYSA-N,inchi
104-38-1(2),CASRN,WTPYFJNYAMXZJG-UHFFFAOYSA-N,inchi
104-40-5(4),CASRN,IGFHQQFPSIBGKE-UHFFFAOYSA-N,inchi
104-43-8(2),CASRN,KJWMCPYEODZESQ-UHFFFAOYSA-N,inchi
104-43-8(4),CASRN,KJWMCPYEODZESQ-UHFFFAOYSA-N,inchi
104-45-0(2),CASRN,KBHWKXNXTURZCD-UHFFFAOYSA-N,inchi
104-46-1(4),CASRN,RUVINXPYWBROJD-ARJAWSKDSA-N,inchi
104-50-7(2),CASRN,IPBFYZQJXZJBFQ-UHFFFAOYSA-N,inchi
104-51-8(2),CASRN,OCKPCBLVNKHBMX-UHFFFAOYSA-N,inchi
104-53-0(2),CASRN,YGCZTXZTJXYWCO-UHFFFAOYSA-N,inchi
104-54-1(4),CASRN,OOCCDEMITAIZTP-QPJJXVBHSA-N,inchi
104-61-0(2),CASRN,OALYTRUKMRCXNH-UHFFFAOYSA-N,inchi
104-63-2(2),CASRN,XNIOWJUQPMKCIJ-UHFFFAOYSA-N,inchi
104-66-5(4),CASRN,XCSGHNKDXGYELG-UHFFFAOYSA-N,inchi
104-67-6(2),CASRN,PHXATPHONSXBIL-UHFFFAOYSA-N,inchi
104-75-6(2),CASRN,LTHNHFOGQMKPOV-UHFFFAOYSA-N,inchi
104-76-7(4),CASRN,YIWUKEYIRIRTPP-UHFFFAOYSA-N,inchi
104-85-8(2),CASRN,VCZNNAKNUVJVGX-UHFFFAOYSA-N,inchi
104-88-1(2),CASRN,AVPYQKSLYISFPO-UHFFFAOYSA-N,inchi
104-91-6(4),CASRN,JSTCPNFNKICNNO-UHFFFAOYSA-N,inchi
104-93-8(2),CASRN,CHLICZRVGGXEOD-UHFFFAOYSA-N,inchi
104-98-3(2),CASRN,LOIYMIARKYCTBW-OWOJBTEDSA-N,inchi
10402-33-2(2),CASRN,JEEUACXJJPNYOL-UHFFFAOYSA-N,inchi
10402-53-6(2),CASRN,BSHWLCACYCVCJE-UHFFFAOYSA-N,inchi
10405-02-4(2),CASRN,OYYDSUSKLWTMMQ-UHFFFAOYSA-N,inchi
"104054-27-5(2), 104075-48-1(2)",CASRN,HSWPZIDYAHLZDD-UHFFFAOYSA-N,inchi
104076-39-3(2),CASRN,KUBONGDXTUOOLM-UHFFFAOYSA-N,inchi
104098-48-8(2),CASRN,PVSGXWMWNRGTKE-UHFFFAOYSA-N,inchi
10417-94-4(2),CASRN,JAZBEHYOTPTENJ-JLNKQSITSA-N,inchi
10420-33-4(2),CASRN,XREKLQOUFWBSFH-UHFFFAOYSA-N,inchi
104206-82-8(2),CASRN,KPUREKXXPHOJQT-UHFFFAOYSA-N,inchi
104227-87-4(2),CASRN,GGXKWVWZWMLJEH-UHFFFAOYSA-N,inchi
104344-23-2(4),CASRN,VHYCDWMUTMEGQY-UHFFFAOYSA-N,inchi
104376-79-6(2),CASRN,VAAUVRVFOQPIGI-GYRAYZOKSA-N,inchi
10447-39-9(2),CASRN,PZMAHNDJABQWGS-UHFFFAOYSA-N,inchi
10457-90-6(2),CASRN,RKLNONIVDFXQRX-UHFFFAOYSA-N,inchi
"104632-26-0(2), 191217-81-9(2)",CASRN,FASDKYOPVNHBLU-UHFFFAOYSA-N,inchi
10469-09-7(2),CASRN,GXFRQLQUKBSYQL-UHFFFAOYSA-N,inchi
104757-53-1(2),CASRN,XHEATHCDTLUVIM-UHFFFAOYSA-N,inchi
104795-68-8(2),CASRN,TVVXHFWWAYXBNC-UHFFFAOYSA-N,inchi
104931-87-5(2),CASRN,MKKYBZZTJQGVCD-UHFFFAOYSA-N,inchi
1049737-99-6(2),CASRN,FPLZDFIDWYDARU-AATRIKPKSA-N,inchi
104987-11-3(2),CASRN,QJJXYPPXXYFBGM-FWWCNTFXSA-N,inchi
105-05-5(2),CASRN,DSNHSQKRULAAEI-UHFFFAOYSA-N,inchi
105-06-6(2),CASRN,WEERVPDNCOGWJF-UHFFFAOYSA-N,inchi
105-08-8(2),CASRN,YIMQCDZDWXUDCA-UHFFFAOYSA-N,inchi
105-11-3(2),CASRN,FFVVRMLNYSANFV-UHFFFAOYSA-N,inchi
"105-13-5(2), 1331-81-3(2)",CASRN,MSHFRERJPWKJFX-UHFFFAOYSA-N,inchi
105-16-8(2),CASRN,SJIXRGNQPBQWMK-UHFFFAOYSA-N,inchi
105-21-5(2),CASRN,VLSVVMPLPMNWBH-UHFFFAOYSA-N,inchi
105-30-6(2),CASRN,PFNHSEQQEPMLNI-UHFFFAOYSA-N,inchi
105-34-0(2),CASRN,ANGDWNBGPBMQHW-UHFFFAOYSA-N,inchi
105-36-2(2),CASRN,PQJJJMRNHATNKG-UHFFFAOYSA-N,inchi
105-37-3(2),CASRN,FKRCODPIKNYEAC-UHFFFAOYSA-N,inchi
105-39-5(2),CASRN,VEUUMBGHMNQHGO-UHFFFAOYSA-N,inchi
105-44-2(2),CASRN,IZNNCPVDZZDSKD-UHFFFAOYSA-N,inchi
105-45-3(2),CASRN,WRQNANDWMGAFTP-UHFFFAOYSA-N,inchi
105-53-3(4),CASRN,IYXGSMUGOJNHAZ-UHFFFAOYSA-N,inchi
105-54-4(2),CASRN,OBNCKNCVKJNDBV-UHFFFAOYSA-N,inchi
105-55-5(4),CASRN,FLVIGYVXZHLUHP-UHFFFAOYSA-N,inchi
105-56-6(2),CASRN,ZIUSEGSNTOUIPT-UHFFFAOYSA-N,inchi
105-57-7(4),CASRN,DHKHKXVYLBGOIT-UHFFFAOYSA-N,inchi
105-58-8(2),CASRN,OIFBSDVPJOWBCH-UHFFFAOYSA-N,inchi
105-59-9(2),CASRN,CRVGTESFCCXCTH-UHFFFAOYSA-N,inchi
105-60-2(4),CASRN,JBKVHLHDHHXQEQ-UHFFFAOYSA-N,inchi
105-67-9(4),CASRN,KUFFULVDNCHOFZ-UHFFFAOYSA-N,inchi
105-85-1(2),CASRN,DZNVIZQPWLDQHI-UHFFFAOYSA-N,inchi
105-86-2(2),CASRN,FQMZVFJYMPNUCT-YRNVUSSQSA-N,inchi
105-87-3(4),CASRN,HIGQPQRQIQDZMP-DHZHZOJOSA-N,inchi
105-95-3(2),CASRN,XRHCAGNSDHCHFJ-UHFFFAOYSA-N,inchi
105-99-7(2),CASRN,XTJFFFGAUHQWII-UHFFFAOYSA-N,inchi
1050-79-9(2),CASRN,AGAHNABIDCTLHW-UHFFFAOYSA-N,inchi
105219-56-5(4),CASRN,JGPJQFOROWSRRS-UHFFFAOYSA-N,inchi
10527-16-9(2),CASRN,SHYBXXMECBHHFH-UHFFFAOYSA-N,inchi
1054-88-2(2),CASRN,JVGBTTIJPBFLTE-UHFFFAOYSA-N,inchi
105431-72-9(2),CASRN,YEJCDKJIEMIWRQ-UHFFFAOYSA-N,inchi
1055-55-6(2),CASRN,FGGFIMIICGZCCJ-UHFFFAOYSA-N,inchi
105512-06-9(2),CASRN,JBDHZKLJNAIJNC-UHFFFAOYSA-N,inchi
10552-74-6(2),CASRN,VJAWBEFMCIINFU-UHFFFAOYSA-N,inchi
105624-86-0(2),CASRN,LAKWINYVWJPHQW-UHFFFAOYSA-N,inchi
105628-07-7(2),CASRN,NGOGFTYYXHNFQH-UHFFFAOYSA-N,inchi
10563-29-8(2),CASRN,OMKZWUPRGQMQJC-UHFFFAOYSA-N,inchi
10563-70-9(2),CASRN,GWWLWDURRGNSRS-UHFFFAOYSA-N,inchi
105650-23-5(1),CASRN,UQVKZNNCIHJZLS-UHFFFAOYSA-N,inchi
105816-04-4(2),CASRN,OELFLUMRDSZNSF-UHFFFAOYSA-N,inchi
10592-13-9(2),CASRN,VXVNYCRICCVPTD-UHFFFAOYSA-N,inchi
10595-06-9(2),CASRN,CEXQWAAGPPNOQF-UHFFFAOYSA-N,inchi
10595-72-9(2),CASRN,MZHULIWXRDLGRR-UHFFFAOYSA-N,inchi
10595-95-6(2),CASRN,RTDCJKARQCRONF-UHFFFAOYSA-N,inchi
10599-70-9(2),CASRN,KBSVBCHYXYXDAG-UHFFFAOYSA-N,inchi
106-02-5(2),CASRN,FKUPPRZPSYCDRS-UHFFFAOYSA-N,inchi
106-14-9(4),CASRN,ULQISTXYYBZJSJ-UHFFFAOYSA-N,inchi
106-19-4(2),CASRN,NKOUWLLFHNBUDW-UHFFFAOYSA-N,inchi
106-20-7(2),CASRN,SAIKULLUBZKPDA-UHFFFAOYSA-N,inchi
106-21-8(2),CASRN,PRNCMAKCNVRZFX-UHFFFAOYSA-N,inchi
"106-22-9(4), 7540-51-4(2)",CASRN,QMVPMAAFGQKVCJ-UHFFFAOYSA-N,inchi
106-23-0(2),CASRN,NEHNMFOYXAPHSD-UHFFFAOYSA-N,inchi
106-24-1(6),CASRN,GLZPCOQZEFWAFX-JXMROGBWSA-N,inchi
106-27-4(2),CASRN,PQLMXFQTAMDXIZ-UHFFFAOYSA-N,inchi
106-29-6(2),CASRN,ZSBOMYJPSRFZAL-JLHYYAGUSA-N,inchi
106-30-9(2),CASRN,TVQGDYNRXLTQAP-UHFFFAOYSA-N,inchi
106-31-0(2),CASRN,YHASWHZGWUONAO-UHFFFAOYSA-N,inchi
106-33-2(2),CASRN,MMXKVMNBHPAILY-UHFFFAOYSA-N,inchi
106-36-5(2),CASRN,MCSINKKTEDDPNK-UHFFFAOYSA-N,inchi
106-37-6(4),CASRN,SWJPEBQEEAHIGZ-UHFFFAOYSA-N,inchi
106-38-7(2),CASRN,ZBTMRBYMKUEVEU-UHFFFAOYSA-N,inchi
106-40-1(4),CASRN,WDFQBORIUYODSI-UHFFFAOYSA-N,inchi
106-41-2(1),CASRN,GZFGOTFRPZRKDS-UHFFFAOYSA-N,inchi
106-42-3(2),CASRN,URLKBWYHVLBVBO-UHFFFAOYSA-N,inchi
106-43-4(4),CASRN,NPDACUSDTOMAMK-UHFFFAOYSA-N,inchi
106-45-6(2),CASRN,WLHCBQAPPJAULW-UHFFFAOYSA-N,inchi
106-46-7(6),CASRN,OCJBOOLMMGQPQU-UHFFFAOYSA-N,inchi
106-48-9(6),CASRN,WXNZTHHGJRFXKQ-UHFFFAOYSA-N,inchi
"106-49-0(4), 540-23-8(2)",CASRN,RZXMPPFPUUCRFN-UHFFFAOYSA-N,inchi
106-50-3(6),CASRN,CBCKQZAAMUWICA-UHFFFAOYSA-N,inchi
106-51-4(4),CASRN,AZQWKYJCGOJGHM-UHFFFAOYSA-N,inchi
106-63-8(2),CASRN,CFVWNXQPGQOHRJ-UHFFFAOYSA-N,inchi
106-65-0(4),CASRN,MUXOBHXGJLMRAB-UHFFFAOYSA-N,inchi
106-68-3(2),CASRN,RHLVCLIPMVJYKS-UHFFFAOYSA-N,inchi
106-69-4(2),CASRN,ZWVMLYRJXORSEP-UHFFFAOYSA-N,inchi
106-71-8(2),CASRN,AEPWOCLBLLCOGZ-UHFFFAOYSA-N,inchi
106-72-9(2),CASRN,YGFGZTXGYTUXBA-UHFFFAOYSA-N,inchi
106-75-2(2),CASRN,XFSAZBKSWGOXRH-UHFFFAOYSA-N,inchi
106-79-6(2),CASRN,ALOUNLDAKADEEB-UHFFFAOYSA-N,inchi
106-87-6(4),CASRN,OECTYKWYRCHAKR-UHFFFAOYSA-N,inchi
106-88-7(2),CASRN,RBACIKXCRWGCBB-UHFFFAOYSA-N,inchi
106-89-8(4),CASRN,BRLQWZUYTZBJKN-UHFFFAOYSA-N,inchi
106-91-2(4),CASRN,VOZRXNHHFUQHIL-UHFFFAOYSA-N,inchi
106-92-3(2),CASRN,LSWYGACWGAICNM-UHFFFAOYSA-N,inchi
106-93-4(4),CASRN,PAAZPARNPHGIKF-UHFFFAOYSA-N,inchi
106-94-5(2),CASRN,CYNYIHKIEHGYOZ-UHFFFAOYSA-N,inchi
106-95-6(2),CASRN,BHELZAPQIKSEDF-UHFFFAOYSA-N,inchi
106017-08-7(2),CASRN,NJCJBUHJQLFDSW-UHFFFAOYSA-N,inchi
10605-21-7(4),CASRN,TWFZGCMQGLPBSX-UHFFFAOYSA-N,inchi
106133-22-6(2),CASRN,IQXXEPZFOOTTBA-UHFFFAOYSA-N,inchi
106134-32-1(2),CASRN,YYGZCHLVUTUNGZ-UHFFFAOYSA-N,inchi
1061517-62-1(2),CASRN,HMGSYODAZJHCRL-UHFFFAOYSA-N,inchi
1062243-51-9(2),CASRN,DJNZZLZKAXGMMC-UHFFFAOYSA-N,inchi
106266-06-2(2),CASRN,RAPZEAPATHNIPO-UHFFFAOYSA-N,inchi
106308-44-5(2),CASRN,POGQSBRIGCQNEG-UHFFFAOYSA-N,inchi
106463-17-6(2),CASRN,DRHKJLXJIQTDTD-UHFFFAOYSA-N,inchi
106516-24-9(4),CASRN,GZKLJWGUPQBVJQ-UHFFFAOYSA-N,inchi
106560-14-9(2),CASRN,HGGAKXAHAYOLDJ-UHFFFAOYSA-N,inchi
106685-40-9(2),CASRN,LZCDAPDGXCYOEH-UHFFFAOYSA-N,inchi
1067-25-0(2),CASRN,HQYALQRYBUJWDH-UHFFFAOYSA-N,inchi
1067-53-4(4),CASRN,WOXXJEVNDJOOLV-UHFFFAOYSA-N,inchi
106797-53-9(2),CASRN,GJKGAPPUXSSCFI-UHFFFAOYSA-N,inchi
1068967-96-3(2),CASRN,YNVKAENVJKEMOU-UHFFFAOYSA-N,inchi
106941-25-7(2),CASRN,SUPKOOSCJHTBAH-UHFFFAOYSA-N,inchi
107-02-8(2),CASRN,HGINCPLSRVDWNT-UHFFFAOYSA-N,inchi
107-04-0(4),CASRN,IBYHHJPAARCAIE-UHFFFAOYSA-N,inchi
107-05-1(2),CASRN,OSDWBNJEKMUWAV-UHFFFAOYSA-N,inchi
107-06-2(2),CASRN,WSLDOOZREJYCGB-UHFFFAOYSA-N,inchi
107-07-3(2),CASRN,SZIFAVKTNFCBPC-UHFFFAOYSA-N,inchi
107-12-0(2),CASRN,FVSKHRXBFJPNKK-UHFFFAOYSA-N,inchi
107-13-1(4),CASRN,NLHHRLWOUZZQLW-UHFFFAOYSA-N,inchi
107-14-2(2),CASRN,RENMDAKOXSCIGH-UHFFFAOYSA-N,inchi
"107-15-3(4), 5700-49-2(2)",CASRN,PIICEJLVQHRZGT-UHFFFAOYSA-N,inchi
107-18-6(4),CASRN,XXROGKLTLUQVRX-UHFFFAOYSA-N,inchi
107-19-7(2),CASRN,TVDSBUOJIPERQY-UHFFFAOYSA-N,inchi
107-20-0(2),CASRN,QSKPIOLLBIHNAC-UHFFFAOYSA-N,inchi
107-21-1(4),CASRN,LYCAIKOWRPUZTN-UHFFFAOYSA-N,inchi
107-22-2(4),CASRN,LEQAOMBKQFMDFZ-UHFFFAOYSA-N,inchi
107-30-2(4),CASRN,XJUZRXYOEPSWMB-UHFFFAOYSA-N,inchi
107-31-3(2),CASRN,TZIHFWKZFHZASV-UHFFFAOYSA-N,inchi
107-35-7(4),CASRN,XOAAWQZATWQOTB-UHFFFAOYSA-N,inchi
"107-39-1(2), 25167-70-8(2)",CASRN,FXNDIJDIPNCZQJ-UHFFFAOYSA-N,inchi
107-40-4(2),CASRN,LAAVYEUJEMRIGF-UHFFFAOYSA-N,inchi
107-41-5(4),CASRN,SVTBMSDMJJWYQN-UHFFFAOYSA-N,inchi
"107-43-7(4), 590-46-5(4), 590-47-6(2)",CASRN,KWIUHFFTVRNATP-UHFFFAOYSA-O,inchi
107-45-9(2),CASRN,QIJIUJYANDSEKG-UHFFFAOYSA-N,inchi
107-46-0(6),CASRN,UQEAIHBTYFGYIE-UHFFFAOYSA-N,inchi
107-49-3(2),CASRN,IDCBOTIENDVCBQ-UHFFFAOYSA-N,inchi
107-51-7(2),CASRN,CXQXSVUQTKDNFP-UHFFFAOYSA-N,inchi
107-54-0(2),CASRN,NECRQCBKTGZNMH-UHFFFAOYSA-N,inchi
107-58-4(2),CASRN,XFHJDMUEHUHAJW-UHFFFAOYSA-N,inchi
107-66-4(2),CASRN,JYFHYPJRHGVZDY-UHFFFAOYSA-N,inchi
107-70-0(2),CASRN,KOKPBCHLPVDQTK-UHFFFAOYSA-N,inchi
107-74-4(2),CASRN,FPCCDPXRNNVUOM-UHFFFAOYSA-N,inchi
107-75-5(4),CASRN,WPFVBOQKRVRMJB-UHFFFAOYSA-N,inchi
107-83-5(2),CASRN,AFABGHUZZDYHJO-UHFFFAOYSA-N,inchi
107-86-8(2),CASRN,SEPQTYODOKLVSB-UHFFFAOYSA-N,inchi
107-87-9(4),CASRN,XNLICIUVMPYHGG-UHFFFAOYSA-N,inchi
107-88-0(4),CASRN,PUPZLCDOIYMWBV-UHFFFAOYSA-N,inchi
107-94-8(2),CASRN,QEYMMOKECZBKAC-UHFFFAOYSA-N,inchi
107-96-0(2),CASRN,DKIDEFUBRARXTE-UHFFFAOYSA-N,inchi
107-98-2(4),CASRN,ARXJGSRGQADJSQ-UHFFFAOYSA-N,inchi
1070-11-7(2),CASRN,AEUTYOVWOVBAKS-UHFFFAOYSA-N,inchi
1070-70-8(2),CASRN,JHWGFJBTMHEZME-UHFFFAOYSA-N,inchi
107007-99-8(2),CASRN,MFWNKCLOYSRHCJ-UHFFFAOYSA-N,inchi
107071-66-9(2),CASRN,NHKWRRHZTGQJMT-UHFFFAOYSA-N,inchi
1071-93-8(2),CASRN,IBVAQQYNSHJXBV-UHFFFAOYSA-N,inchi
1072-15-7(2),CASRN,KETHQOOVMIVLCH-UHFFFAOYSA-N,inchi
1072-53-3(2),CASRN,ZPFAVCIQZKRBGF-UHFFFAOYSA-N,inchi
1072-67-9(2),CASRN,FKPXGNGUVSHWQQ-UHFFFAOYSA-N,inchi
1072-71-5(2),CASRN,BIGYLAKFCGVRAN-UHFFFAOYSA-N,inchi
1072-83-9(2),CASRN,IGJQUJNPMOYEJY-UHFFFAOYSA-N,inchi
1074-12-0(2),CASRN,OJUGVDODNPJEEC-UHFFFAOYSA-N,inchi
107534-96-3(4),CASRN,PXMNMQRDXWABCY-UHFFFAOYSA-N,inchi
1076-56-8(2),CASRN,LSQXNMXDFRRDSJ-UHFFFAOYSA-N,inchi
1076-97-7(2),CASRN,PXGZQGDTEZPERC-UHFFFAOYSA-N,inchi
1077-28-7(6),CASRN,AGBQKNBQESQNJD-UHFFFAOYSA-N,inchi
107724-20-9(2),CASRN,JUKPWJGBANNWMW-UHFFFAOYSA-N,inchi
107753-78-6(2),CASRN,YEEZWCHGZNKEEK-UHFFFAOYSA-N,inchi
107793-72-6(2),CASRN,UUMLTINZBQPNGF-UHFFFAOYSA-N,inchi
107868-30-4(2),CASRN,BFYIZQONLCFLEV-UHFFFAOYSA-N,inchi
108-01-0(6),CASRN,UEEJHVSXFDXPFK-UHFFFAOYSA-N,inchi
108-03-2(4),CASRN,JSZOAYXJRCEYSX-UHFFFAOYSA-N,inchi
108-05-4(2),CASRN,XTXRWKRVRITETP-UHFFFAOYSA-N,inchi
108-09-8(2),CASRN,UNBMPKNTYKDYCG-UHFFFAOYSA-N,inchi
108-10-1(2),CASRN,NTIZESTWPVYFNL-UHFFFAOYSA-N,inchi
108-11-2(4),CASRN,WVYWICLMDOOCFB-UHFFFAOYSA-N,inchi
"108-16-7(2), 53636-17-2(2)",CASRN,NCXUNZWLEYGQAH-UHFFFAOYSA-N,inchi
108-18-9(4),CASRN,UAOMVDZJSHZZME-UHFFFAOYSA-N,inchi
108-19-0(4),CASRN,OHJMTUPIZMNBFR-UHFFFAOYSA-N,inchi
108-20-3(2),CASRN,ZAFNJMIOTHYJRJ-UHFFFAOYSA-N,inchi
108-21-4(4),CASRN,JMMWKPVZQRWMSS-UHFFFAOYSA-N,inchi
108-22-5(4),CASRN,HETCEOQFVDFGSY-UHFFFAOYSA-N,inchi
108-24-7(2),CASRN,WFDIJRYMOXRFFG-UHFFFAOYSA-N,inchi
108-29-2(2),CASRN,GAEKPEKOJKCEMS-UHFFFAOYSA-N,inchi
108-30-5(2),CASRN,RINCXYDBBGOEEQ-UHFFFAOYSA-N,inchi
108-31-6(2),CASRN,FPYJFEHAWHCUMM-UHFFFAOYSA-N,inchi
108-32-7(4),CASRN,RUOJZAUFBMNUDX-UHFFFAOYSA-N,inchi
"108-38-3(4), 1330-20-7(2)",CASRN,IVSZLXZYQVIEFR-UHFFFAOYSA-N,inchi
108-39-4(4),CASRN,RLSSMJSEOOYNOY-UHFFFAOYSA-N,inchi
108-42-9(4),CASRN,PNPCRKVUWYDDST-UHFFFAOYSA-N,inchi
108-43-0(2),CASRN,HORNXRXVQWOLPJ-UHFFFAOYSA-N,inchi
"108-44-1(4), 638-03-9(2)",CASRN,JJYPMNFTHPTTDI-UHFFFAOYSA-N,inchi
"108-45-2(4), 541-69-5(2)",CASRN,WZCQRUWWHSTZEM-UHFFFAOYSA-N,inchi
108-46-3(6),CASRN,GHMLBKRAJCXXBS-UHFFFAOYSA-N,inchi
108-55-4(2),CASRN,VANNPISTIUFMLH-UHFFFAOYSA-N,inchi
108-59-8(4),CASRN,BEPAFCGSDWSTEL-UHFFFAOYSA-N,inchi
108-60-1(2),CASRN,QCFYJCYNJLBDRT-UHFFFAOYSA-N,inchi
108-64-5(2),CASRN,PPXUHEORWJQRHJ-UHFFFAOYSA-N,inchi
108-65-6(2),CASRN,LLHKCFNBLRBOGN-UHFFFAOYSA-N,inchi
108-67-8(4),CASRN,AUHZEENZYGFFBQ-UHFFFAOYSA-N,inchi
108-68-9(4),CASRN,TUAMRELNJMMDMT-UHFFFAOYSA-N,inchi
108-69-0(2),CASRN,MKARNSWMMBGSHX-UHFFFAOYSA-N,inchi
108-70-3(2),CASRN,XKEFYDZQGKAQCN-UHFFFAOYSA-N,inchi
108-77-0(4),CASRN,MGNCLNQXLYJVJD-UHFFFAOYSA-N,inchi
108-78-1(2),CASRN,JDSHMPZPIAZGSV-UHFFFAOYSA-N,inchi
108-80-5(4),CASRN,ZFSLODLOARCGLH-UHFFFAOYSA-N,inchi
108-82-7(2),CASRN,HXQPUEQDBSPXTE-UHFFFAOYSA-N,inchi
108-83-8(4),CASRN,PTTPXKJBFFKCEK-UHFFFAOYSA-N,inchi
108-86-1(2),CASRN,QARVLSVVCXYDNA-UHFFFAOYSA-N,inchi
108-88-3(4),CASRN,YXFVVABEGXRONW-UHFFFAOYSA-N,inchi
108-89-4(4),CASRN,FKNQCJSGGFJEIZ-UHFFFAOYSA-N,inchi
108-90-7(2),CASRN,MVPPADPHJFYWMZ-UHFFFAOYSA-N,inchi
"108-91-8(4), 4998-76-9(4)",CASRN,PAFZNILMFXTMIY-UHFFFAOYSA-N,inchi
108-93-0(4),CASRN,HPXRVTGHNJAIIH-UHFFFAOYSA-N,inchi
108-94-1(4),CASRN,JHIVVAPYMSGYDF-UHFFFAOYSA-N,inchi
"108-95-2(6), 139-02-6(4)",CASRN,ISWSIDIOOBJBQZ-UHFFFAOYSA-N,inchi
"108-98-5(4), 930-69-8(4)",CASRN,RMVRSNDYEFQCLF-UHFFFAOYSA-N,inchi
108-99-6(4),CASRN,ITQTTZVARXURQS-UHFFFAOYSA-N,inchi
108032-11-7(2),CASRN,YWJXCIXBAKGUKZ-UHFFFAOYSA-N,inchi
108050-54-0(2),CASRN,JTSDBFGMPLKDCD-PKKFATPISA-N,inchi
1081-34-1(2),CASRN,KXSFECAJUBPPFE-UHFFFAOYSA-N,inchi
1081-75-0(1),CASRN,VEAFKIYNHVBNIP-UHFFFAOYSA-N,inchi
108171-26-2(2),CASRN,ZPSFPNSXYWWGRF-UHFFFAOYSA-N,inchi
1083-27-8(6),CASRN,ULULAZKOCFNOIM-UHFFFAOYSA-N,inchi
1083-57-4(6),CASRN,LIAWQASKBFCRNR-UHFFFAOYSA-N,inchi
108319-06-8(2),CASRN,QKDHBVNJCZBTMR-UHFFFAOYSA-N,inchi
1084-65-7(2),CASRN,FNQQBFNIYODEMB-UHFFFAOYSA-N,inchi
108419-33-6(2),CASRN,NCHJIJCRXQRDGU-UHFFFAOYSA-N,inchi
1085-12-7(4),CASRN,ZTJORNVITHUQJA-UHFFFAOYSA-N,inchi
1085-98-9(2),CASRN,WURGXGVFSMYFCG-UHFFFAOYSA-N,inchi
108612-45-9(2),CASRN,PVLJETXTTWAYEW-UHFFFAOYSA-N,inchi
1088-11-5(2),CASRN,AKPLHCDWDRPJGD-UHFFFAOYSA-N,inchi
108929-04-0(2),CASRN,WHWZLSFABNNENI-UHFFFAOYSA-N,inchi
109-02-4(4),CASRN,SJRJJKPEHAURKC-UHFFFAOYSA-N,inchi
109-06-8(4),CASRN,BSKHPKMHTQYZBB-UHFFFAOYSA-N,inchi
109-09-1(4),CASRN,OKDGRDCXVWSXDC-UHFFFAOYSA-N,inchi
109-16-0(4),CASRN,HWSSEYVMGDIFMH-UHFFFAOYSA-N,inchi
109-17-1(2),CASRN,LTHJXDSHSVNJKG-UHFFFAOYSA-N,inchi
109-29-5(2),CASRN,LOKPJYNMYCVCRM-UHFFFAOYSA-N,inchi
109-31-9(2),CASRN,MJOKHGMXPJXFTG-UHFFFAOYSA-N,inchi
109-42-2(2),CASRN,GRAORJFMGCQWRN-UHFFFAOYSA-N,inchi
109-43-3(2),CASRN,PYGXAGIECVVIOZ-UHFFFAOYSA-N,inchi
109-46-6(2),CASRN,KFFQABQEJATQAT-UHFFFAOYSA-N,inchi
109-53-5(2),CASRN,OZCMOJQQLBXBKI-UHFFFAOYSA-N,inchi
109-55-7(4),CASRN,IUNMPGNGSSIWFP-UHFFFAOYSA-N,inchi
109-57-9(4),CASRN,HTKFORQRBXIQHD-UHFFFAOYSA-N,inchi
109-59-1(2),CASRN,HCGFUIQPSOCUHI-UHFFFAOYSA-N,inchi
109-60-4(2),CASRN,YKYONYBAUNKHLG-UHFFFAOYSA-N,inchi
109-64-8(2),CASRN,VEFLKXRACNJHOV-UHFFFAOYSA-N,inchi
109-66-0(4),CASRN,OFBQJSOFQDEBGM-UHFFFAOYSA-N,inchi
109-67-1(2),CASRN,YWAKXRMUMFPDSH-UHFFFAOYSA-N,inchi
109-69-3(4),CASRN,VFWCMGCRMGJXDK-UHFFFAOYSA-N,inchi
109-73-9(2),CASRN,HQABUPZFAYXKJW-UHFFFAOYSA-N,inchi
109-77-3(2),CASRN,CUONGYYJJVDODC-UHFFFAOYSA-N,inchi
109-79-5(2),CASRN,WQAQPCDUOCURKW-UHFFFAOYSA-N,inchi
109-83-1(2),CASRN,OPKOKAMJFNKNAS-UHFFFAOYSA-N,inchi
109-84-2(2),CASRN,GBHCABUWWQUMAJ-UHFFFAOYSA-N,inchi
109-86-4(2),CASRN,XNWFRZJHXBZDAG-UHFFFAOYSA-N,inchi
109-95-5(2),CASRN,QQZWEECEMNQSTG-UHFFFAOYSA-N,inchi
109-99-9(2),CASRN,WYURNTSHIVDZCO-UHFFFAOYSA-N,inchi
1092351-67-1(2),CASRN,MFAQYJIYDMLAIM-UHFFFAOYSA-N,inchi
109293-98-3(2),CASRN,IRJQWZWMQCVOLA-DNTJNYDQSA-N,inchi
1093-58-9(2),CASRN,KCZCIYZKSLLNNH-UHFFFAOYSA-N,inchi
1094-08-2(2),CASRN,CDOZDBSBBXSXLB-UHFFFAOYSA-N,inchi
1095-90-5(6),CASRN,USSIQXCVUWKGNF-UHFFFAOYSA-N,inchi
109543-76-2(2),CASRN,LNXXSBRGLBOASF-UHFFFAOYSA-N,inchi
109732-56-1(2),CASRN,KYCIUIVANPKXLW-UHFFFAOYSA-N,inchi
1098-60-8(2),CASRN,XSCGXQMFQXDFCW-UHFFFAOYSA-N,inchi
109826-26-8(2),CASRN,HTGCJAAPDHZCHL-UHFFFAOYSA-N,inchi
110-00-9(2),CASRN,YLQBMQCUIZJEEH-UHFFFAOYSA-N,inchi
110-02-1(2),CASRN,YTPLMLYBLZKORZ-UHFFFAOYSA-N,inchi
110-03-2(2),CASRN,ZWNMRZQYWRLGMM-UHFFFAOYSA-N,inchi
110-05-4(4),CASRN,LSXWFXONGKSEMY-UHFFFAOYSA-N,inchi
110-12-3(4),CASRN,FFWSICBKRCICMR-UHFFFAOYSA-N,inchi
110-13-4(2),CASRN,OJVAMHKKJGICOG-UHFFFAOYSA-N,inchi
110-15-6(6),CASRN,KDYFGRWQOYBRFD-UHFFFAOYSA-N,inchi
110-16-7(6),CASRN,VZCYOOQTPOCHFL-UPHRSURJSA-N,inchi
110-18-9(2),CASRN,KWYHDKDOAIKMQN-UHFFFAOYSA-N,inchi
110-19-0(2),CASRN,GJRQTCIYDGXPES-UHFFFAOYSA-N,inchi
110-21-4(2),CASRN,ULUZGMIUTMRARO-UHFFFAOYSA-N,inchi
110-26-9(2),CASRN,ZIUHHBKFKCYYJD-UHFFFAOYSA-N,inchi
110-27-0(6),CASRN,AXISYYRBXTVTFY-UHFFFAOYSA-N,inchi
110-33-8(2),CASRN,HHECSPXBQJHZAF-UHFFFAOYSA-N,inchi
110-38-3(2),CASRN,RGXWDWUGBIJHDO-UHFFFAOYSA-N,inchi
110-40-7(2),CASRN,ONKUXPIBXRRIDU-UHFFFAOYSA-N,inchi
110-41-8(2),CASRN,NFAVNWJJYQAGNB-UHFFFAOYSA-N,inchi
110-42-9(4),CASRN,YRHYCMZPEVDGFQ-UHFFFAOYSA-N,inchi
110-43-0(4),CASRN,CATSNJVOTSVZJV-UHFFFAOYSA-N,inchi
"110-44-1(6), 24634-61-5(2)",CASRN,WSWCOQWTEOXDQX-MQQKCMAXSA-N,inchi
110-46-3(4),CASRN,OWFXIOWLTKNBAP-UHFFFAOYSA-N,inchi
110-52-1(2),CASRN,ULTHEAFYOOPTTB-UHFFFAOYSA-N,inchi
110-53-2(2),CASRN,YZWKKMVJZFACSU-UHFFFAOYSA-N,inchi
110-54-3(2),CASRN,VLKZOEOYAKHREP-UHFFFAOYSA-N,inchi
"110-57-6(2), 764-41-0(2)",CASRN,FQDIANVAWVHZIR-OWOJBTEDSA-N,inchi
110-59-8(2),CASRN,RFFFKMOABOFIDF-UHFFFAOYSA-N,inchi
110-61-2(2),CASRN,IAHFWCOBPZCAEA-UHFFFAOYSA-N,inchi
110-62-3(2),CASRN,HGBOYTHUEUWSSQ-UHFFFAOYSA-N,inchi
110-63-4(4),CASRN,WERYXYBDKMZEQL-UHFFFAOYSA-N,inchi
110-64-5(2),CASRN,ORTVZLZNOYNASJ-OWOJBTEDSA-N,inchi
110-65-6(4),CASRN,DLDJFQGPPSQZKI-UHFFFAOYSA-N,inchi
110-67-8(2),CASRN,OOWFYDWAMOKVSF-UHFFFAOYSA-N,inchi
110-69-0(4),CASRN,VVGONFMJWMFEMZ-UHFFFAOYSA-N,inchi
110-71-4(2),CASRN,XTHFKEDIFFGKHM-UHFFFAOYSA-N,inchi
110-73-6(2),CASRN,MIJDSYMOBYNHOT-UHFFFAOYSA-N,inchi
110-80-5(4),CASRN,ZNQVEEAIQZEUHB-UHFFFAOYSA-N,inchi
110-82-7(2),CASRN,XDTMQSROBMDMFD-UHFFFAOYSA-N,inchi
"110-85-0(6), 142-64-3(2)",CASRN,GLUUGHFHXGJENI-UHFFFAOYSA-N,inchi
110-87-2(2),CASRN,BUDQDWGNQVEFAC-UHFFFAOYSA-N,inchi
110-88-3(2),CASRN,BGJSXRVXTHVRSN-UHFFFAOYSA-N,inchi
110-89-4(2),CASRN,NQRYJNQNLNOLGT-UHFFFAOYSA-N,inchi
110-91-8(4),CASRN,YNAVUWVOSKDBBP-UHFFFAOYSA-N,inchi
110-93-0(4),CASRN,UHEPJGULSIKKTP-UHFFFAOYSA-N,inchi
110-94-1(4),CASRN,JFCQEDHGNNZCLN-UHFFFAOYSA-N,inchi
110-95-2(2),CASRN,DMQSHEKGGUOYJS-UHFFFAOYSA-N,inchi
110-96-3(2),CASRN,NJBCRXCAPCODGX-UHFFFAOYSA-N,inchi
110-97-4(4),CASRN,LVTYICIALWPMFW-UHFFFAOYSA-N,inchi
110-98-5(4),CASRN,AZUXKVXMJOIAOF-UHFFFAOYSA-N,inchi
110-99-6(2),CASRN,QEVGZEDELICMKH-UHFFFAOYSA-N,inchi
11006-34-1(2),CASRN,VAJLRIOJDADNAT-OSIHOIPCSA-N,inchi
11013-97-1(4),CASRN,GUMSHIGGVOJLBP-UHFFFAOYSA-N,inchi
110221-44-8(2),CASRN,FIQOFIRCTOWDOW-UHFFFAOYSA-N,inchi
110235-47-7(2),CASRN,CIFWZNRJIBNXRE-UHFFFAOYSA-N,inchi
"11032-49-8(2), 863-61-6(2)",CASRN,DKHGMERMDICWDU-GHDNBGIDSA-N,inchi
110347-85-8(2),CASRN,LPMRCCNDNGONCD-UHFFFAOYSA-N,inchi
1104-22-9(2),CASRN,OCJYIGYOJCODJL-UHFFFAOYSA-N,inchi
11042-64-1(4),CASRN,FODTZLFLDFKIQH-GHRIWEEISA-N,inchi
110488-70-5(2),CASRN,QNBTYORWCCMPQP-NBVRZTHBSA-N,inchi
11070-44-3(2),CASRN,LOYDTBZMMPQJNI-UHFFFAOYSA-N,inchi
110871-86-8(2),CASRN,DZZWHBIBMUVIIW-UHFFFAOYSA-N,inchi
1109-28-0(2),CASRN,FYGDTMLNYKFZSV-UHFFFAOYSA-N,inchi
110958-19-5(2),CASRN,GOWRRBABHQUJMX-UHFFFAOYSA-N,inchi
11096-82-5(2),CASRN,BTAGRXWGMYTPBY-UHFFFAOYSA-N,inchi
111-01-3(2),CASRN,PRAKJMSDJKAYCZ-UHFFFAOYSA-N,inchi
111-02-4(4),CASRN,YYGNTYWPHWGJRM-AAJYLUCBSA-N,inchi
111-11-5(4),CASRN,JGHZJRVDZXSNKQ-UHFFFAOYSA-N,inchi
111-12-6(2),CASRN,FRLZQXRXIKQFNS-UHFFFAOYSA-N,inchi
111-14-8(4),CASRN,MNWFXJYAOYHMED-UHFFFAOYSA-N,inchi
111-15-9(2),CASRN,SVONRAPFKPVNKG-UHFFFAOYSA-N,inchi
111-16-0(2),CASRN,WLJVNTCWHIRURA-UHFFFAOYSA-N,inchi
111-17-1(2),CASRN,ODJQKYXPKWQWNK-UHFFFAOYSA-N,inchi
"111-18-2(2), 9011-4-5(2)",CASRN,TXXWBTOATXBWDR-UHFFFAOYSA-N,inchi
111-20-6(4),CASRN,CXMXRPHRNRROMY-UHFFFAOYSA-N,inchi
111-21-7(4),CASRN,OVOUKWFJRHALDD-UHFFFAOYSA-N,inchi
111-24-0(2),CASRN,IBODDUNKEPPBKW-UHFFFAOYSA-N,inchi
111-25-1(2),CASRN,MNDIARAMWBIKFW-UHFFFAOYSA-N,inchi
111-26-2(2),CASRN,BMVXCPBXGZKUPN-UHFFFAOYSA-N,inchi
111-27-3(4),CASRN,ZSIAUFGUXNUGDI-UHFFFAOYSA-N,inchi
111-29-5(2),CASRN,ALQSHHUCVQOPAS-UHFFFAOYSA-N,inchi
111-30-8(6),CASRN,SXRSQZLOMIGNAQ-UHFFFAOYSA-N,inchi
111-36-4(2),CASRN,HNHVTXYLRVGMHD-UHFFFAOYSA-N,inchi
111-40-0(6),CASRN,RPNUMPOLZDHAAY-UHFFFAOYSA-N,inchi
111-41-1(2),CASRN,LHIJANUOQQMGNT-UHFFFAOYSA-N,inchi
111-42-2(4),CASRN,ZBCBWPMODOFKDW-UHFFFAOYSA-N,inchi
111-43-3(2),CASRN,POLCUAVZOMRGSN-UHFFFAOYSA-N,inchi
111-44-4(4),CASRN,ZNSMNVMLTJELDZ-UHFFFAOYSA-N,inchi
111-46-6(4),CASRN,MTHSVFCYNBDYFN-UHFFFAOYSA-N,inchi
111-48-8(4),CASRN,YODZTKMDCQEPHD-UHFFFAOYSA-N,inchi
111-49-9(4),CASRN,ZSIQJIWKELUFRJ-UHFFFAOYSA-N,inchi
111-55-7(4),CASRN,JTXMVXSTHSMVQF-UHFFFAOYSA-N,inchi
111-60-4(2),CASRN,RFVNOJDQRGSOEL-UHFFFAOYSA-N,inchi
111-62-6(2),CASRN,LVGKNOAMLMIIKO-QXMHVHEDSA-N,inchi
111-64-8(2),CASRN,REEZZSHJLXOIHL-UHFFFAOYSA-N,inchi
111-65-9(2),CASRN,TVMXDCGIABBOFY-UHFFFAOYSA-N,inchi
111-66-0(2),CASRN,KWKAKUADMBZCLK-UHFFFAOYSA-N,inchi
111-68-2(2),CASRN,WJYIASZWHGOTOU-UHFFFAOYSA-N,inchi
111-69-3(4),CASRN,BTGRAWJCKBQKAO-UHFFFAOYSA-N,inchi
111-70-6(4),CASRN,BBMCTIGTTCKYKF-UHFFFAOYSA-N,inchi
111-71-7(4),CASRN,FXHGMKSSBGDXIY-UHFFFAOYSA-N,inchi
111-76-2(4),CASRN,POAOYUHQDCAZBD-UHFFFAOYSA-N,inchi
111-77-3(2),CASRN,SBASXUCJHJRPEV-UHFFFAOYSA-N,inchi
111-78-4(2),CASRN,VYXHVRARDIDEHS-QGTKBVGQSA-N,inchi
111-80-8(2),CASRN,NTLJTUMJJWVCTL-UHFFFAOYSA-N,inchi
111-81-9(2),CASRN,KISVAASFGZJBCY-UHFFFAOYSA-N,inchi
111-82-0(4),CASRN,UQDUPQYQJKYHQI-UHFFFAOYSA-N,inchi
111-83-1(2),CASRN,VMKOFRJSULQZRM-UHFFFAOYSA-N,inchi
111-84-2(4),CASRN,BKIMMITUMNQMOS-UHFFFAOYSA-N,inchi
111-85-3(4),CASRN,CNDHHGUSRIZDSL-UHFFFAOYSA-N,inchi
111-86-4(2),CASRN,IOQPZZOEVPZRBK-UHFFFAOYSA-N,inchi
111-87-5(4),CASRN,KBPLFHHGFOOTCA-UHFFFAOYSA-N,inchi
111-88-6(2),CASRN,KZCOBXFFBQJQHH-UHFFFAOYSA-N,inchi
111-90-0(4),CASRN,XXJWXESWEXIICW-UHFFFAOYSA-N,inchi
111-91-1(2),CASRN,NLXGURFLBLRZRO-UHFFFAOYSA-N,inchi
111-92-2(2),CASRN,JQVDAXLFBXTEQA-UHFFFAOYSA-N,inchi
111-94-4(2),CASRN,SBAJRGRUGUQKAF-UHFFFAOYSA-N,inchi
111-96-6(4),CASRN,SBZXBUIDTXKZTM-UHFFFAOYSA-N,inchi
111-97-7(2),CASRN,NDVLTZFQVDXFAN-UHFFFAOYSA-N,inchi
111011-63-3(2),CASRN,YDJXRHCTKNMBAT-UHFFFAOYSA-N,inchi
1111-78-0(2),CASRN,KXDHJXZQYSOELW-UHFFFAOYSA-N,inchi
111109-77-4(2),CASRN,KWDCKLXGUZOEGM-UHFFFAOYSA-N,inchi
11111-34-5(2),CASRN,YKNFBGRYAKVNNI-UHFFFAOYSA-N,inchi
1112-39-6(2),CASRN,JJQZDUKDJDQPMQ-UHFFFAOYSA-N,inchi
1113-02-6(2),CASRN,PZXOQEXFMJCDPG-UHFFFAOYSA-N,inchi
111358-88-4(2),CASRN,UIARLYUEJFELEN-UHFFFAOYSA-N,inchi
"1114-34-7(2), 58-86-6(2)",CASRN,SRBFZHDQGSBBOR-UHFFFAOYSA-N,inchi
1114-71-2(4),CASRN,SGEJQUSYQTVSIU-UHFFFAOYSA-N,inchi
111406-87-2(4),CASRN,MWLSOWXNZPKENC-UHFFFAOYSA-N,inchi
111470-99-6(4),CASRN,APRTUXPAFSNIOL-UHFFFAOYSA-N,inchi
1115-20-4(4),CASRN,SZCWBURCISJFEZ-UHFFFAOYSA-N,inchi
"1115-70-4(2), 657-24-9(2)",CASRN,XZWYZXLIPXDOLR-UHFFFAOYSA-N,inchi
1116-54-7(2),CASRN,YFCDLVPYFMHRQZ-UHFFFAOYSA-N,inchi
111686-79-4(2),CASRN,YSGASDXSLKIKOD-UHFFFAOYSA-N,inchi
111696-23-2(2),CASRN,DASYMCLQENWCJG-BHGWPJFGSA-N,inchi
1117-55-1(2),CASRN,PBGWNXWNCSSXCO-UHFFFAOYSA-N,inchi
1117-86-8(2),CASRN,AEIJTFQOBWATKX-UHFFFAOYSA-N,inchi
1118-12-3(2),CASRN,JLEHSYHLHLHPAL-UHFFFAOYSA-N,inchi
1118-27-0(2),CASRN,WCDGWAIZRYMVOW-UHFFFAOYSA-N,inchi
1118-39-4(2),CASRN,DCXXKSXLKWAZNO-UHFFFAOYSA-N,inchi
1118-71-4(2),CASRN,YRAJNWYBUCUFBD-UHFFFAOYSA-N,inchi
1118-92-9(2),CASRN,VHRUBWHAOUIMDW-UHFFFAOYSA-N,inchi
111812-58-9(2),CASRN,YYJNOYZRYGDPNH-MFKUBSTISA-N,inchi
1119-40-0(4),CASRN,XTDYIOOONNVFMA-UHFFFAOYSA-N,inchi
1119-62-6(2),CASRN,YCLSOMLVSHPPFV-UHFFFAOYSA-N,inchi
"1119-97-7(4), 4574-4-3(2)",CASRN,GLFDLEXFOHUASB-UHFFFAOYSA-N,inchi
"111974-69-7(2), 111974-72-2(2)",CASRN,URKOMYMAXPYINW-UHFFFAOYSA-N,inchi
111988-49-9(2),CASRN,HOKKPVIRMVDYPB-UVTDQMKNSA-N,inchi
111991-09-4(2),CASRN,RTCOGUMHFFWOJV-UHFFFAOYSA-N,inchi
"112-00-5(4), 1119-94-4(2)",CASRN,VICYBMUVWHJEFT-UHFFFAOYSA-N,inchi
112-03-8(2),CASRN,PDSVZUAJOIQXRK-UHFFFAOYSA-N,inchi
112-05-0(4),CASRN,FBUKVWPVBMHYJY-UHFFFAOYSA-N,inchi
112-06-1(2),CASRN,ZCZSIDMEHXZRLG-UHFFFAOYSA-N,inchi
112-07-2(4),CASRN,NQBXSWAWVZHKBZ-UHFFFAOYSA-N,inchi
112-12-9(2),CASRN,KYWIYKKSMDLRDC-UHFFFAOYSA-N,inchi
112-14-1(2),CASRN,YLYBTZIQSIBWLI-UHFFFAOYSA-N,inchi
112-15-2(2),CASRN,FPZWZCWUIYYYBU-UHFFFAOYSA-N,inchi
112-17-4(2),CASRN,NUPSHWCALHZGOV-UHFFFAOYSA-N,inchi
112-18-5(2),CASRN,YWFWDNVOPHGWMX-UHFFFAOYSA-N,inchi
112-24-3(4),CASRN,VILCJCGEZXAXTO-UHFFFAOYSA-N,inchi
112-25-4(4),CASRN,UPGSWASWQBLSKZ-UHFFFAOYSA-N,inchi
112-26-5(2),CASRN,AGYUOJIYYGGHKV-UHFFFAOYSA-N,inchi
112-27-6(6),CASRN,ZIBGPFATKBEMQZ-UHFFFAOYSA-N,inchi
112-30-1(4),CASRN,MWKFXSUHUHTGQN-UHFFFAOYSA-N,inchi
112-31-2(2),CASRN,KSMVZQYAVGTKIV-UHFFFAOYSA-N,inchi
112-34-5(4),CASRN,OAYXUHPQHDHDDZ-UHFFFAOYSA-N,inchi
112-35-6(4),CASRN,JLGLQAWTXXGVEM-UHFFFAOYSA-N,inchi
112-36-7(2),CASRN,RRQYJINTUHWNHW-UHFFFAOYSA-N,inchi
112-37-8(2),CASRN,ZDPHROOEEOARMN-UHFFFAOYSA-N,inchi
112-38-9(4),CASRN,FRPZMMHWLSIFAZ-UHFFFAOYSA-N,inchi
112-39-0(2),CASRN,FLIACVVOZYBSBS-UHFFFAOYSA-N,inchi
112-40-3(2),CASRN,SNRUBQQJIBEYMU-UHFFFAOYSA-N,inchi
112-41-4(4),CASRN,CRSBERNSMYQZNG-UHFFFAOYSA-N,inchi
112-42-5(4),CASRN,KJIOQYGWTQBHNH-UHFFFAOYSA-N,inchi
112-44-7(2),CASRN,KMPQYAYAQWNLME-UHFFFAOYSA-N,inchi
112-45-8(2),CASRN,OFHHDSQXFXLTKC-UHFFFAOYSA-N,inchi
112-49-2(2),CASRN,YFNKIDBQEZZDLK-UHFFFAOYSA-N,inchi
112-50-5(4),CASRN,WFSMVVDJSNMRAR-UHFFFAOYSA-N,inchi
112-52-7(4),CASRN,YAYNEUUHHLGGAH-UHFFFAOYSA-N,inchi
112-53-8(4),CASRN,LQZZUXJYWNFBMV-UHFFFAOYSA-N,inchi
112-55-0(4),CASRN,WNAHIZMDSQCWRP-UHFFFAOYSA-N,inchi
112-56-1(4),CASRN,JVGPVVUTUMQJKL-UHFFFAOYSA-N,inchi
112-57-2(4),CASRN,FAGUFWYHJQFNRV-UHFFFAOYSA-N,inchi
112-57-2(5),CASRN,FAGUFWYHJQFNRV-UHFFFAOYSA-N,inchi
112-59-4(4),CASRN,GZMAAYIALGURDQ-UHFFFAOYSA-N,inchi
112-60-7(4),CASRN,UWHCKJMYHZGTIT-UHFFFAOYSA-N,inchi
112-62-9(2),CASRN,QYDYPVFESGNLHU-KHPPLWFESA-N,inchi
112-63-0(4),CASRN,WTTJVINHCBCLGX-NQLNTKRDSA-N,inchi
112-66-3(2),CASRN,VZWGRQBCURJOMT-UHFFFAOYSA-N,inchi
112-69-6(2),CASRN,NHLUVTZJQOJKCC-UHFFFAOYSA-N,inchi
112-70-9(4),CASRN,XFRVVPUIAFSTFO-UHFFFAOYSA-N,inchi
112-71-0(2),CASRN,KOFZTCSTGIWCQG-UHFFFAOYSA-N,inchi
112-72-1(4),CASRN,HLZKNKRTKFSKGZ-UHFFFAOYSA-N,inchi
112-73-2(2),CASRN,KZVBBTZJMSWGTK-UHFFFAOYSA-N,inchi
112-75-4(2),CASRN,SFBHPFQSSDCYSL-UHFFFAOYSA-N,inchi
112-80-1(6),CASRN,ZQPPMHVWECSIRJ-KTKRTIGZSA-N,inchi
112-82-3(2),CASRN,HNTGIJLWHDPAFN-UHFFFAOYSA-N,inchi
112-86-7(2),CASRN,DPUOLQHDNGRHBS-KTKRTIGZSA-N,inchi
112-88-9(2),CASRN,CCCMONHAUSKTEQ-UHFFFAOYSA-N,inchi
112-90-3(2),CASRN,QGLWBTPVKHMVHM-KTKRTIGZSA-N,inchi
112-92-5(2),CASRN,GLDOVTGHNKAZLK-UHFFFAOYSA-N,inchi
1120-01-0(2),CASRN,LPTIRUACFKQDHZ-UHFFFAOYSA-N,inchi
1120-04-3(2),CASRN,HVWGGPRWKSHASF-UHFFFAOYSA-N,inchi
1120-21-4(2),CASRN,RSJKGSCJYJTIGS-UHFFFAOYSA-N,inchi
1120-36-1(2),CASRN,HFDVRLIODXPAHB-UHFFFAOYSA-N,inchi
1120-71-4(4),CASRN,FSSPGSAQUIYDCN-UHFFFAOYSA-N,inchi
1121-76-2(2),CASRN,DPJVRASYWYOFSJ-UHFFFAOYSA-N,inchi
1121-92-2(2),CASRN,QXNDZONIWRINJR-UHFFFAOYSA-N,inchi
112108-01-7(2),CASRN,DMJWENQHWZZWDF-UHFFFAOYSA-N,inchi
112192-04-8(2),CASRN,HGEYJZMMUGWEOT-UHFFFAOYSA-N,inchi
1122-58-3(2),CASRN,VHYFNPMBLIVWCW-UHFFFAOYSA-N,inchi
1122-62-9(4),CASRN,AJKVQEKCUACUMD-UHFFFAOYSA-N,inchi
112226-61-6(2),CASRN,CNKHSLKYRMDDNQ-UHFFFAOYSA-N,inchi
112281-77-3(2),CASRN,LQDARGUHUSPFNL-UHFFFAOYSA-N,inchi
1123-85-9(2),CASRN,RNDNSYIPLPAXAZ-UHFFFAOYSA-N,inchi
112398-08-0(2),CASRN,QMLVECGLEOSESV-UHFFFAOYSA-N,inchi
1124-04-5(2),CASRN,PSOJLBXHRBFLLQ-UHFFFAOYSA-N,inchi
1124-05-6(2),CASRN,UTGSRNVBAFCOEU-UHFFFAOYSA-N,inchi
1124-11-4(2),CASRN,FINHMKGKINIASC-UHFFFAOYSA-N,inchi
1124-33-0(2),CASRN,RXKNNAKAVAHBNK-UHFFFAOYSA-N,inchi
1124-63-6(2),CASRN,CLYAQFSQLQTVNO-UHFFFAOYSA-N,inchi
"1124-64-7(4), 186088-50-6(2), 874-80-6(2), 874-81-7(2), 203389-28-0(2), 390423-43-5(2)",CASRN,REACWASHYHDPSQ-UHFFFAOYSA-N,inchi
112410-23-8(2),CASRN,QYPNKSZPJQQLRK-UHFFFAOYSA-N,inchi
1125-21-9(2),CASRN,AYJXHIDNNLJQDT-UHFFFAOYSA-N,inchi
112529-15-4(4),CASRN,HYAFETHFCAUJAY-UHFFFAOYSA-N,inchi
1126-78-9(2),CASRN,VSHTWPWTCXQLQN-UHFFFAOYSA-N,inchi
112665-43-7(2),CASRN,ZBVKEHDGYSLCCC-UHFFFAOYSA-N,inchi
112733-06-9(2),CASRN,SXONDGSPUVNZLO-UHFFFAOYSA-N,inchi
112809-51-5(4),CASRN,HPJKCIUCZWXJDR-UHFFFAOYSA-N,inchi
112811-59-3(2),CASRN,XUBOMFCQGDBHNK-UHFFFAOYSA-N,inchi
112885-42-4(2),CASRN,YPELFRMCRYSPKZ-UHFFFAOYSA-N,inchi
112887-68-0(4),CASRN,IVTVGDXNLFLDRM-UHFFFAOYSA-N,inchi
112965-21-6(2),CASRN,LWQQLNNNIPYSNX-TWRMHHCLSA-N,inchi
113-07-5(2),CASRN,XFDJYSQDBULQSI-UHFFFAOYSA-N,inchi
"113-24-6(2), 127-17-3(4)",CASRN,LCTONWCANYUPML-UHFFFAOYSA-N,inchi
113-38-2(2),CASRN,JQIYNMYZKRGDFK-UHFFFAOYSA-N,inchi
113-38-2(4),CASRN,JQIYNMYZKRGDFK-UHFFFAOYSA-N,inchi
113-42-8(2),CASRN,UNBRKDKAWYKMIV-UHFFFAOYSA-N,inchi
113-48-4(2),CASRN,WLLGXSLBOPFWQV-UHFFFAOYSA-N,inchi
113-59-7(2),CASRN,WSPOMRSOLSGNFJ-VGOFMYFVSA-N,inchi
"113-98-4(2), 1538-09-6(2)",CASRN,JGSARLDLIJGVTE-UHFFFAOYSA-N,inchi
1131-18-6(2),CASRN,FMKMKBLHMONXJM-UHFFFAOYSA-N,inchi
1131-60-8(2),CASRN,OAHMVZYHIJQTQC-UHFFFAOYSA-N,inchi
113136-77-9(2),CASRN,GLWWLNJJJCTFMZ-UHFFFAOYSA-N,inchi
1132-61-2(2),CASRN,DVLFYONBTKHTER-UHFFFAOYSA-N,inchi
1134-04-9(2),CASRN,YMBFWRZKTZICHS-UHFFFAOYSA-N,inchi
1134-23-2(2),CASRN,DFCAFRGABIXSDS-UHFFFAOYSA-N,inchi
1134-47-0(2),CASRN,KPYSYYIEGFHWSV-UHFFFAOYSA-N,inchi
1135-66-6(2),CASRN,CQUAYTJDLQBXCQ-UHFFFAOYSA-N,inchi
113507-06-5(4),CASRN,YZBLFMPOMVTDJY-GZJLMPORSA-N,inchi
113617-63-3(2),CASRN,QIPQASLPWJVQMH-UHFFFAOYSA-N,inchi
1137-42-4(2),CASRN,NPFYZDNDJHZQKY-UHFFFAOYSA-N,inchi
1137-42-4(4),CASRN,NPFYZDNDJHZQKY-UHFFFAOYSA-N,inchi
113712-98-4(2),CASRN,ZBFDAUIVDSSISP-UHFFFAOYSA-N,inchi
113734-18-2(2),CASRN,YVIXXPCJZAUQHJ-UHFFFAOYSA-N,inchi
113852-37-2(2),CASRN,VWFCHDSQECPREK-UHFFFAOYSA-N,inchi
"113981-44-5(2), 118443-89-3(2)",CASRN,QDUIJCOKQCCXQY-BHGWPJFGSA-O,inchi
114-07-8(6),CASRN,ULGZDMOVFRHVEP-UHFFFAOYSA-N,inchi
114-26-1(4),CASRN,ISRUGXGCCGIOQO-UHFFFAOYSA-N,inchi
"114-49-8(4), 6533-68-2(4), 55-16-3(2)",CASRN,STECJAGHUSJQJN-UHFFFAOYSA-N,inchi
114-80-7(2),CASRN,ALWKGYPQUAPLQC-UHFFFAOYSA-N,inchi
114-83-0(2),CASRN,UICBCXONCUFSOI-UHFFFAOYSA-N,inchi
114-85-2(2),CASRN,NIVZHWNOUVJHKV-UHFFFAOYSA-N,inchi
1141-38-4(2),CASRN,RXOHFPCZGPKIRD-UHFFFAOYSA-N,inchi
"1142337-10-7(2), 133305-88-1(2)",CASRN,ZKWQQXZUCOBISE-MQIFAHKHSA-N,inchi
1143-38-0(6),CASRN,NUZWLKWWNNJHPT-UHFFFAOYSA-N,inchi
1143-72-2(4),CASRN,HTQNYBBTZSBWKL-UHFFFAOYSA-N,inchi
114311-32-9(2),CASRN,NUPJIGQFXCQJBK-UHFFFAOYSA-N,inchi
114369-43-6(2),CASRN,RQDJADAKIFFEKQ-UHFFFAOYSA-N,inchi
114417-20-8(2),CASRN,QQCSUWGQBREWRO-XDJHFCHBSA-N,inchi
1146-98-1(2),CASRN,NPUZIGSOEWMFKK-UHFFFAOYSA-N,inchi
1146-99-2(2),CASRN,NJDUWAXIURWWLN-UHFFFAOYSA-N,inchi
114607-46-4(2),CASRN,VWQZJJZGISNFOE-UHFFFAOYSA-N,inchi
114651-37-5(2),CASRN,INRGAWUQFOBNKL-UHFFFAOYSA-N,inchi
114798-26-4(2),CASRN,PSIFNNKUMBGKDQ-UHFFFAOYSA-N,inchi
114856-44-9(2),CASRN,SHAJOALCPZUGLR-UHFFFAOYSA-N,inchi
114899-77-3(4),CASRN,PKVRCIRHQMSYJX-UHFFFAOYSA-N,inchi
114977-28-5(4),CASRN,ZDZOTLJHXYCWBA-UHFFFAOYSA-N,inchi
115-02-6(4),CASRN,LMTILILZEHPNAP-UHFFFAOYSA-O,inchi
115-17-3(2),CASRN,YTGSYRVSBPFKMQ-UHFFFAOYSA-N,inchi
115-19-5(2),CASRN,CEBKHWWANWSNTI-UHFFFAOYSA-N,inchi
115-24-2(2),CASRN,CESKLHVYGRFMFP-UHFFFAOYSA-N,inchi
115-27-5(2),CASRN,FLBJFXNAEMSXGL-UHFFFAOYSA-N,inchi
115-28-6(4),CASRN,DJKGDNKYTKCJKD-UHFFFAOYSA-N,inchi
115-31-1(2),CASRN,IXEVGHXRXDBAOB-UHFFFAOYSA-N,inchi
115-32-2(2),CASRN,UOAMTSKGCBMZTC-UHFFFAOYSA-N,inchi
115-33-3(4),CASRN,PHPUXYRXPHEJDF-UHFFFAOYSA-N,inchi
115-37-7(4),CASRN,FQXXSQDCDRQNQE-UHFFFAOYSA-N,inchi
115-38-8(2),CASRN,ALARQZQTBTVLJV-UHFFFAOYSA-N,inchi
115-39-9(2),CASRN,UDSAIICHUKSCKT-UHFFFAOYSA-N,inchi
115-46-8(2),CASRN,ZMISODWVFHHWNR-UHFFFAOYSA-N,inchi
115-63-9(2),CASRN,ZRYHPQCHHOKSMD-UHFFFAOYSA-N,inchi
115-70-8(2),CASRN,IOAOAKDONABGPZ-UHFFFAOYSA-N,inchi
115-77-5(4),CASRN,WXZMFSXDPGVJKK-UHFFFAOYSA-N,inchi
115-79-7(2),CASRN,OMHBPUNFVFNHJK-UHFFFAOYSA-P,inchi
115-84-4(2),CASRN,DSKYSDCYIODJPC-UHFFFAOYSA-N,inchi
115-86-6(4),CASRN,XZZNDPSIHUTMOC-UHFFFAOYSA-N,inchi
115-90-2(2),CASRN,XDNBJTQLKCIJBV-UHFFFAOYSA-N,inchi
115-93-5(2),CASRN,BSBSDQUZDZXGFN-UHFFFAOYSA-N,inchi
115-95-7(4),CASRN,UWKAYLJWKGQEPM-UHFFFAOYSA-N,inchi
115-96-8(4),CASRN,HQUQLFOMPYWACS-UHFFFAOYSA-N,inchi
115-99-1(2),CASRN,JZOCDHMHLGUPFI-UHFFFAOYSA-N,inchi
1152-61-0(2),CASRN,XYXYXSKSTZAEJW-UHFFFAOYSA-N,inchi
115256-11-6(2),CASRN,IXTMWRCNAAVVAI-UHFFFAOYSA-N,inchi
115344-47-3(2),CASRN,NUHPODZZKHQQET-UHFFFAOYSA-N,inchi
1154-59-2(2),CASRN,SJQBHPJLLIJASD-UHFFFAOYSA-N,inchi
115436-72-1(2),CASRN,IIDJRNMFWXDHID-UHFFFAOYSA-N,inchi
1155-74-4(2),CASRN,SIHFYNZIBKOFFK-UHFFFAOYSA-N,inchi
115550-35-1(2),CASRN,BPFYOAJNDMUVBL-UHFFFAOYSA-N,inchi
1156-19-0(6),CASRN,OUDSBRTVNLOZBN-UHFFFAOYSA-N,inchi
115956-13-3(2),CASRN,UKTAZPQNNNJVKR-UHFFFAOYSA-N,inchi
115964-29-9(2),CASRN,WUWFMDMBOJLQIV-UHFFFAOYSA-N,inchi
"116-02-9(4), 933-48-2(2)",CASRN,BRRVXFOKWJKTGG-UHFFFAOYSA-N,inchi
116-06-3(4),CASRN,QGLZXHRNAYXIBU-UHFFFAOYSA-N,inchi
116-16-5(2),CASRN,DOJXGHGHTWFZHK-UHFFFAOYSA-N,inchi
116-25-6(2),CASRN,SIQZJFKTROUNPI-UHFFFAOYSA-N,inchi
116-26-7(2),CASRN,SGAWOGXMMPSZPB-UHFFFAOYSA-N,inchi
116-29-0(4),CASRN,MLGCXEBRWGEOQX-UHFFFAOYSA-N,inchi
116-31-4(2),CASRN,NCYCYZXNIZJOKI-OVSJKPMPSA-N,inchi
116-38-1(2),CASRN,VWLHWLSRQJQWRG-UHFFFAOYSA-O,inchi
116-43-8(2),CASRN,SKVLYVHULOWXTD-UHFFFAOYSA-N,inchi
116-45-0(2),CASRN,KWXCNODTHBHSIQ-UHFFFAOYSA-N,inchi
116-52-9(2),CASRN,PPJXIHLNYDVTDI-UHFFFAOYSA-N,inchi
116-53-0(4),CASRN,WLAMNBDJUVNPJU-UHFFFAOYSA-N,inchi
116-66-5(2),CASRN,UHWURQRPEIFIAK-UHFFFAOYSA-N,inchi
"116-81-4(2), 6258-6-6(2)",CASRN,QZZSAWGVHXXMID-UHFFFAOYSA-N,inchi
"1162-65-8, 114849-58-0(1)",CASRN,OQIQSTLJSLGHID-UHFFFAOYSA-N,inchi
116255-48-2(2),CASRN,HJJVPARKXDDIQD-UHFFFAOYSA-N,inchi
116287-13-9(2),CASRN,RYZCWZZJFAKYHX-UHFFFAOYSA-N,inchi
116296-31-2(2),CASRN,CZSSKBQAJULWPY-UHFFFAOYSA-N,inchi
1163-36-6(2),CASRN,CJXAEXPPLWQRFR-UHFFFAOYSA-N,inchi
1166-34-3(2),CASRN,RSUVYMGADVXGOU-BUHFOSPRSA-N,inchi
1166-52-5(4),CASRN,RPWFJAMTCNSJKK-UHFFFAOYSA-N,inchi
116649-85-5(2),CASRN,LDXDSHIEDAPSSA-UHFFFAOYSA-N,inchi
116666-63-8(2),CASRN,HBNPJJILLOYFJU-UHFFFAOYSA-N,inchi
116714-46-6(2),CASRN,NJPPVKZQTLUDBO-UHFFFAOYSA-N,inchi
116861-00-8(2),CASRN,XVTVPGKWYHWYAD-UHFFFAOYSA-N,inchi
117-08-8(4),CASRN,AUHHYELHRWCWEZ-UHFFFAOYSA-N,inchi
117-10-2(4),CASRN,QBPFLULOKWLNNW-UHFFFAOYSA-N,inchi
"117-10-2(4), 343235-40-5(3)",CASRN,QBPFLULOKWLNNW-UHFFFAOYSA-N,inchi
117-12-4(3),CASRN,JPICKYUTICNNNJ-UHFFFAOYSA-N,inchi
117-18-0(2),CASRN,XQTLDIFVVHJORV-UHFFFAOYSA-N,inchi
117-37-3(2),CASRN,XRCFXMGQEVUZFC-UHFFFAOYSA-N,inchi
117-79-3(4),CASRN,XOGPDSATLSAZEK-UHFFFAOYSA-N,inchi
117-80-6(4),CASRN,SVPKNMBRVBMTLB-UHFFFAOYSA-N,inchi
117-81-7(2),CASRN,BJQHLKABXJIVAM-UHFFFAOYSA-N,inchi
117-82-8(4),CASRN,HSUIVCLOAAJSRE-UHFFFAOYSA-N,inchi
117-83-9(4),CASRN,CMCJNODIWQEOAI-UHFFFAOYSA-N,inchi
117-84-0(6),CASRN,MQIUGAXCHLFZKX-UHFFFAOYSA-N,inchi
117-99-7(4),CASRN,HJIAMFHSAAEUKR-UHFFFAOYSA-N,inchi
117279-73-9(2),CASRN,RMSWMRJVUJSDGN-UHFFFAOYSA-N,inchi
1173-88-2(2),CASRN,UWYHMGVUTGAWSP-UHFFFAOYSA-N,inchi
117332-93-1(2),CASRN,JSOSWRYHPGIWGT-UHFFFAOYSA-N,inchi
117332-94-2(2),CASRN,YPOXDUYRRSUFFG-UHFFFAOYSA-N,inchi
117337-19-6(2),CASRN,ZCNQYNHDVRPZIH-JXAWBTAJSA-N,inchi
117414-74-1(2),CASRN,VZXMZMJSGLFKQI-ORCRQEGFSA-N,inchi
117428-22-5(2),CASRN,IBSNKSODLGJUMQ-SDNWHVSQSA-N,inchi
117467-28-4(2),CASRN,AFZFFLVORLEPPO-DGQFBIKGSA-N,inchi
1176-08-5(2),CASRN,IZRPKIZLIFYYKR-UHFFFAOYSA-N,inchi
1176-74-5(2),CASRN,SQFXATUXPUCFFO-UHFFFAOYSA-N,inchi
1177-87-3(4),CASRN,AKUJBENLRBOFTD-UHFFFAOYSA-N,inchi
117704-25-3(2),CASRN,QLFZZSKTJWDQOS-LHBWCTOLSA-N,inchi
117718-60-2(2),CASRN,YIJZJEYQBAAWRJ-UHFFFAOYSA-N,inchi
1178-29-6(2),CASRN,FPGCYQVKNKEGRQ-UHFFFAOYSA-N,inchi
117976-90-6(4),CASRN,YREYEVIYCVEVJK-UHFFFAOYSA-N,inchi
118-10-5(2),CASRN,KMPWYEUPVWOPIM-UHFFFAOYSA-N,inchi
118-29-6(2),CASRN,MNSGOOCAMMSKGI-UHFFFAOYSA-N,inchi
"118-47-8(2), 52126-51-9(2)",CASRN,TYCNXOAPQGVAQU-UHFFFAOYSA-N,inchi
118-48-9(4),CASRN,TXJUTRJFNRYTHH-UHFFFAOYSA-N,inchi
118-52-5(4),CASRN,KEQGZUUPPQEDPF-UHFFFAOYSA-N,inchi
118-55-8(6),CASRN,ZQBAKBUEJOMQEX-UHFFFAOYSA-N,inchi
118-56-9(6),CASRN,WSSJONWNBBTCMG-UHFFFAOYSA-N,inchi
118-57-0(2),CASRN,TWIIVLKQFJBFPW-UHFFFAOYSA-N,inchi
118-58-1(4),CASRN,ZCTQGTTXIYCGGC-UHFFFAOYSA-N,inchi
118-60-5(2),CASRN,FMRHJJZUHUTGKE-UHFFFAOYSA-N,inchi
118-61-6(4),CASRN,GYCKQBWUSACYIF-UHFFFAOYSA-N,inchi
118-69-4(2),CASRN,DMEDNTFWIHCBRK-UHFFFAOYSA-N,inchi
118-71-8(4),CASRN,HYMLWHLQFGRFIY-UHFFFAOYSA-N,inchi
118-74-1(2),CASRN,CKAPSXZOOQJIBF-UHFFFAOYSA-N,inchi
118-82-1(4),CASRN,MDWVSAYEQPLWMX-UHFFFAOYSA-N,inchi
118-88-7(2),CASRN,BRKFTWHPLMMNHF-UHFFFAOYSA-N,inchi
118-90-1(2),CASRN,ZWLPBLYKEWSWPD-UHFFFAOYSA-N,inchi
118-91-2(2),CASRN,IKCLCGXPQILATA-UHFFFAOYSA-N,inchi
118-92-3(4),CASRN,RWZYAGGXGHYGMB-UHFFFAOYSA-N,inchi
118-93-4(2),CASRN,JECYUBVRTQDVAT-UHFFFAOYSA-N,inchi
1180-71-8(2),CASRN,KBDSLGBFQAGHBE-UHFFFAOYSA-N,inchi
118072-93-8(2),CASRN,XRASPMIURGNCCH-UHFFFAOYSA-N,inchi
118134-30-8(2),CASRN,PUYXTUJWRLOUCW-UHFFFAOYSA-N,inchi
118288-08-7(2),CASRN,KMZQAVXSMUKBPD-DJWKRKHSSA-N,inchi
118292-40-3(2),CASRN,OGQICQVSFDPSEI-UHFFFAOYSA-N,inchi
118409-57-7(2),CASRN,VTJXFTPMFYAJJU-UHFFFAOYSA-N,inchi
118409-58-8(2),CASRN,YZOFLYUAQDJWKV-UHFFFAOYSA-N,inchi
118499-70-0(2),CASRN,YLUSMKAJIQOXPV-UHFFFAOYSA-N,inchi
1185-55-3(2),CASRN,BFXIKLCIZHOAAZ-UHFFFAOYSA-N,inchi
118635-52-2(4),CASRN,ZAKRMJAETCUYKK-UHFFFAOYSA-N,inchi
1187-03-7(2),CASRN,UWHSPZZUAYSGTB-UHFFFAOYSA-N,inchi
1187-42-4(2),CASRN,KSKBELRNEVVKNG-UHFFFAOYSA-N,inchi
118712-89-3(2),CASRN,DDVNRFNDOPPVQJ-UHFFFAOYSA-N,inchi
1188-21-2(2),CASRN,WXNXCEHXYPACJF-UHFFFAOYSA-N,inchi
1188-37-0(2),CASRN,RFMMMVDNIPUKGG-UHFFFAOYSA-N,inchi
1188-38-1(2),CASRN,LCQLHJZYVOQKHU-UHFFFAOYSA-N,inchi
1189-08-8(2),CASRN,VDYWHVQKENANGY-UHFFFAOYSA-N,inchi
1189-09-9(2),CASRN,ACOBBFVLNKYODD-CSKARUKUSA-N,inchi
118909-22-1(2),CASRN,HLVVITIHAZBPKB-UHFFFAOYSA-N,inchi
119-07-3(2),CASRN,LVAGMBHLXLZJKZ-UHFFFAOYSA-N,inchi
119-10-8(2),CASRN,LGNMURXRPLMVJI-UHFFFAOYSA-N,inchi
119-13-1(4),CASRN,GZIFEOYASATJEH-UHFFFAOYSA-N,inchi
119-17-5(2),CASRN,VEMGKBUHUTYHHA-UHFFFAOYSA-N,inchi
119-27-7(2),CASRN,CVYZVNVPQRKDLW-UHFFFAOYSA-N,inchi
119-32-4(2),CASRN,GDIIPKWHAQGCJF-UHFFFAOYSA-N,inchi
119-33-5(2),CASRN,SYDNSSSQVSOXTN-UHFFFAOYSA-N,inchi
119-34-6(2),CASRN,WHODQVWERNSQEO-UHFFFAOYSA-N,inchi
119-36-8(6),CASRN,OSWPMRLSEDHDFF-UHFFFAOYSA-N,inchi
119-39-1(2),CASRN,IJAPPYDYQCXOEF-UHFFFAOYSA-N,inchi
119-40-4(2),CASRN,YGNDWDUEMICDLW-UHFFFAOYSA-N,inchi
119-41-5(4),CASRN,ZVXBAHLOGZCFTP-UHFFFAOYSA-N,inchi
119-47-1(4),CASRN,KGRVJHAUYBGFFP-UHFFFAOYSA-N,inchi
119-53-9(6),CASRN,ISAOCJYIOMOJEB-UHFFFAOYSA-N,inchi
119-61-9(6),CASRN,RWCCWEUUXYIKHB-UHFFFAOYSA-N,inchi
119-64-2(4),CASRN,CXWXQJXEFPUFDZ-UHFFFAOYSA-N,inchi
119-65-3(2),CASRN,AWJUIBRHMBBTKR-UHFFFAOYSA-N,inchi
119-75-5(2),CASRN,RUKISNQKOIKZGT-UHFFFAOYSA-N,inchi
119-84-6(4),CASRN,VMUXSMXIQBNMGZ-UHFFFAOYSA-N,inchi
"119-90-4(4), 20325-40-0(4)",CASRN,JRBJSXQPQWSCCF-UHFFFAOYSA-N,inchi
"119-93-7(4), 612-82-8(4)",CASRN,NUIURNJTPRWVAP-UHFFFAOYSA-N,inchi
119039-59-7(2),CASRN,KWTSXDURSIMDCE-UHFFFAOYSA-N,inchi
1191-16-8(2),CASRN,XXIKYCPRDXIMQM-UHFFFAOYSA-N,inchi
1191-41-9(2),CASRN,JYYFMIOPGOFNPK-XSHSMGBESA-N,inchi
1191-50-0(2),CASRN,URLJMZWTXZTZRR-UHFFFAOYSA-N,inchi
1191-62-4(2),CASRN,PGTWZHXOSWQKCY-UHFFFAOYSA-N,inchi
119168-77-3(2),CASRN,ZZYSLNWGKKDOML-UHFFFAOYSA-N,inchi
119169-78-7(2),CASRN,VAPSMQAHNAZRKC-UHFFFAOYSA-N,inchi
"119171-18-5(2), 244193-48-4(2), 216300-12-8(2)",CASRN,WVDDUSFOSWWJJH-UHFFFAOYSA-N,inchi
1191914-21-2(2),CASRN,CXXVJZRGOOIVOD-UHFFFAOYSA-N,inchi
1192-28-5(2),CASRN,VGUWNAQRECZTED-UHFFFAOYSA-N,inchi
1192-52-5(2),CASRN,QGSRKGWCQSATCL-UHFFFAOYSA-N,inchi
1193-18-6(2),CASRN,IITQJMYAYSNIMI-UHFFFAOYSA-N,inchi
1193-81-3(2),CASRN,JMSUNAQVHOHLMX-UHFFFAOYSA-N,inchi
119302-91-9(2),CASRN,YXRDKMPIGHSVRX-UHFFFAOYSA-N,inchi
1193386-64-9(2),CASRN,SECKRCOLJRRGGV-UHFFFAOYSA-N,inchi
1194-65-6(2),CASRN,YOYAIZYFCNQIRF-UHFFFAOYSA-N,inchi
119413-54-6(2),CASRN,UCFGDBYHRUNTLO-UHFFFAOYSA-N,inchi
119431-25-3(2),CASRN,GGUSQTSTQSHJAH-UHFFFAOYSA-N,inchi
119446-68-3(2),CASRN,BQYJATMQXGBDHF-UHFFFAOYSA-N,inchi
1195-16-0(4),CASRN,NRFJZTXWLKPZAV-UHFFFAOYSA-N,inchi
1195-79-5(2),CASRN,LHXDLQBQYFFVNW-UHFFFAOYSA-N,inchi
119515-38-7(2),CASRN,QLHULAHOXSSASE-UHFFFAOYSA-N,inchi
1196-01-6(2),CASRN,DCSCXTJOXBUFGB-UHFFFAOYSA-N,inchi
119615-63-3(2),CASRN,VSFXCKOGIDRCOK-UHFFFAOYSA-N,inchi
1197-01-9(2),CASRN,XLPDVYGDNRIQFV-UHFFFAOYSA-N,inchi
1197-18-8(2),CASRN,GYDJEQRTZSCIOI-UHFFFAOYSA-N,inchi
120-07-0(2),CASRN,OJPDDQSCZGTACX-UHFFFAOYSA-N,inchi
120-12-7(4),CASRN,MWPLVEDNUUSJAV-UHFFFAOYSA-N,inchi
120-14-9(4),CASRN,WJUFSDZVCOTFON-UHFFFAOYSA-N,inchi
120-23-0(2),CASRN,RZCJYMOBWVJQGV-UHFFFAOYSA-N,inchi
120-29-6(2),CASRN,CYHOMWAPJJPNMW-UHFFFAOYSA-N,inchi
120-32-1(6),CASRN,NCKMMSIFQUPKCK-UHFFFAOYSA-N,inchi
120-36-5(4),CASRN,MZHCENGPTKEIGP-UHFFFAOYSA-N,inchi
120-37-6(2),CASRN,CTGSQPRDMHCIMM-UHFFFAOYSA-N,inchi
120-40-1(2),CASRN,AOMUHOFOVNGZAN-UHFFFAOYSA-N,inchi
120-45-6(2),CASRN,WCIQNYOXLZQQMU-UHFFFAOYSA-N,inchi
120-46-7(2),CASRN,NZZIMKJIVMHWJC-UHFFFAOYSA-N,inchi
120-47-8(4),CASRN,NUVBSKCKDOMJSU-UHFFFAOYSA-N,inchi
120-50-3(2),CASRN,KYZHGEFMXZOSJN-UHFFFAOYSA-N,inchi
120-51-4(6),CASRN,SESFRYSPDFLNCH-UHFFFAOYSA-N,inchi
120-55-8(4),CASRN,NXQMCAOPTPLPRL-UHFFFAOYSA-N,inchi
120-56-9(2),CASRN,AHSGHEXYEABOKT-UHFFFAOYSA-N,inchi
120-57-0(2),CASRN,SATCULPHIDQDRE-UHFFFAOYSA-N,inchi
120-58-1(4),CASRN,VHVOLFRBFDOUSH-NSCUHMNNSA-N,inchi
120-61-6(4),CASRN,WOZVHXUHUFLZGK-UHFFFAOYSA-N,inchi
120-62-7(2),CASRN,ATTZFSUZZUNHBP-UHFFFAOYSA-N,inchi
120-65-0(2),CASRN,FUIQBJHUESBZNU-UHFFFAOYSA-N,inchi
120-66-1(2),CASRN,BPEXTIMJLDWDTL-UHFFFAOYSA-N,inchi
120-71-8(4),CASRN,WXWCDTXEKCVRRO-UHFFFAOYSA-N,inchi
120-72-9(6),CASRN,SIKJAQJRHWYJAI-UHFFFAOYSA-N,inchi
120-75-2(2),CASRN,DXYYSGDWQCSKKO-UHFFFAOYSA-N,inchi
120-78-5(2),CASRN,AFZSMODLJJCVPP-UHFFFAOYSA-N,inchi
120-80-9(4),CASRN,YCIMNLLNPGFGHC-UHFFFAOYSA-N,inchi
120-82-1(4),CASRN,PBKONEOXTCPAFI-UHFFFAOYSA-N,inchi
120-83-2(4),CASRN,HFZWRUODUSTPEG-UHFFFAOYSA-N,inchi
120-92-3(4),CASRN,BGTOWKSIORTVQH-UHFFFAOYSA-N,inchi
120-93-4(2),CASRN,YAMHXTCMCPHKLN-UHFFFAOYSA-N,inchi
120-94-5(2),CASRN,AVFZOVWCLRSYKC-UHFFFAOYSA-N,inchi
120-95-6(4),CASRN,WMVJWKURWRGJCI-UHFFFAOYSA-N,inchi
120-97-8(2),CASRN,GJQPMPFPNINLKP-UHFFFAOYSA-N,inchi
120011-70-3(2),CASRN,ADEBPBSSDYVVLD-UHFFFAOYSA-N,inchi
120066-54-8(4),CASRN,IQUHNCOJRJBMSU-UHFFFAOYSA-N,inchi
120068-37-3(4),CASRN,ZOCSXAVNDGMNBV-UHFFFAOYSA-N,inchi
120116-88-3(2),CASRN,YXKMMRDKEKCERS-UHFFFAOYSA-N,inchi
120210-48-2(2),CASRN,IZSFDUMVCVVWKW-UHFFFAOYSA-N,inchi
120373-24-2(2),CASRN,XXUPXHKCPIKWLR-FLIBITNWSA-N,inchi
120410-24-4(2),CASRN,MRMBZHPJVKCOMA-UHFFFAOYSA-O,inchi
1205-17-0(2),CASRN,BOPPSUHPZARXTH-UHFFFAOYSA-N,inchi
1205-64-7(2),CASRN,TWPMMLHBHPYSMT-UHFFFAOYSA-N,inchi
120511-73-1(4),CASRN,YBBLVLTVTVSKRW-UHFFFAOYSA-N,inchi
120638-55-3(2),CASRN,ZBPLOVFIXSTCRZ-UHFFFAOYSA-N,inchi
120824-08-0(2),CASRN,ISSKMEQROMFEHL-UHFFFAOYSA-N,inchi
120928-09-8(2),CASRN,DMYHGDXADUDKCQ-UHFFFAOYSA-N,inchi
120958-90-9(2),CASRN,SVCQBXMFONNZHX-UHFFFAOYSA-N,inchi
"121-00-6(2), 25013-16-5(2)",CASRN,MRBKEAMVRSLQPH-UHFFFAOYSA-N,inchi
121-03-9(4),CASRN,ZDTXQHVBLWYPHS-UHFFFAOYSA-N,inchi
121-14-2(4),CASRN,RMBFBMJGBANMMK-UHFFFAOYSA-N,inchi
121-17-5(4),CASRN,TZGFQIXRVUHDLE-UHFFFAOYSA-N,inchi
121-19-7(6),CASRN,XMVJITFPVVRMHC-UHFFFAOYSA-N,inchi
121-32-4(6),CASRN,CBOQJANXLMLOSS-UHFFFAOYSA-N,inchi
121-33-5(6),CASRN,MWOOGOJBHIARFG-UHFFFAOYSA-N,inchi
121-39-1(4),CASRN,GOMAKLPNAAZVCJ-UHFFFAOYSA-N,inchi
121-44-8(2),CASRN,ZMANZCXQSJIPKH-UHFFFAOYSA-N,inchi
121-45-9(2),CASRN,CYTQBVOFDCPGCX-UHFFFAOYSA-N,inchi
121-47-1(2),CASRN,ZAJAQTYSTDTMCU-UHFFFAOYSA-N,inchi
121-54-0(4),CASRN,SIYLLGKDQZGJHK-UHFFFAOYSA-N,inchi
121-59-5(4),CASRN,WWXBHTZSYYGCSG-UHFFFAOYSA-N,inchi
121-60-8(2),CASRN,GRDXCFKBQWDAJH-UHFFFAOYSA-N,inchi
121-61-9(2),CASRN,PKOFBDHYTMYVGJ-UHFFFAOYSA-N,inchi
121-66-4(4),CASRN,MIHADVKEHAFNPG-UHFFFAOYSA-N,inchi
121-69-7(4),CASRN,JLTDJTHDQAWBAV-UHFFFAOYSA-N,inchi
121-73-3(4),CASRN,KMAQZIILEGKYQZ-UHFFFAOYSA-N,inchi
121-75-5(4),CASRN,JXSJBGJIGXNWCI-UHFFFAOYSA-N,inchi
121-79-9(6),CASRN,ZTHYODDOHIVTJV-UHFFFAOYSA-N,inchi
121-81-3(2),CASRN,UUKWKUSGGZNXGA-UHFFFAOYSA-N,inchi
121-86-8(2),CASRN,LLYXJBROWQDVMI-UHFFFAOYSA-N,inchi
121-88-0(2),CASRN,DOPJTDJKZNWLRB-UHFFFAOYSA-N,inchi
121-89-1(2),CASRN,ARKIFHPFTHVKDT-UHFFFAOYSA-N,inchi
121-90-4(2),CASRN,NXTNASSYJUXJDV-UHFFFAOYSA-N,inchi
121-91-5(4),CASRN,QQVIHTHCMHWDBS-UHFFFAOYSA-N,inchi
121-98-2(2),CASRN,DDIZAANNODHTRB-UHFFFAOYSA-N,inchi
1210-12-4(2),CASRN,KEQZHLAEKAVZLY-UHFFFAOYSA-N,inchi
1210-35-1(2),CASRN,BMVWCPGVLSILMU-UHFFFAOYSA-N,inchi
1210-39-5(2),CASRN,MWAFWBDWAWZJGK-UHFFFAOYSA-N,inchi
121032-29-9(2),CASRN,IXOXBSCIXZEQEQ-UHFFFAOYSA-N,inchi
"121057-90-7(2), 4186-68-9(2), 117947-85-0(2), 69227-51-6(2), 893443-18-0(2)",CASRN,NIHOUJYFWMURBG-UHFFFAOYSA-N,inchi
12108-13-3(4),CASRN,QVRBGKYLLCLCHL-UHFFFAOYSA-N,inchi
"121107-18-4(2), 375395-33-8(2), 5137-55-3(2)",CASRN,ZUZLIXGTXQBUDC-UHFFFAOYSA-N,inchi
121123-17-9(2),CASRN,WDLWHQDACQUCJR-IHWYPQMZSA-N,inchi
1212-29-9(4),CASRN,KAJICSGLHKRDLN-UHFFFAOYSA-N,inchi
1212-72-2(2),CASRN,RXQCGGRTAILOIN-UHFFFAOYSA-N,inchi
121268-17-5(2),CASRN,OGSPWJRAVKPPFI-UHFFFAOYSA-N,inchi
121288-39-9(2),CASRN,VDCRFBBZFHHYGT-UHFFFAOYSA-N,inchi
1213-06-5(2),CASRN,UACOQEQOBAQRDQ-UHFFFAOYSA-N,inchi
1214-39-7(2),CASRN,NWBJYWHLCVSVIJ-UHFFFAOYSA-N,inchi
1215-83-4(2),CASRN,KVHHQGIIZCJATJ-UHFFFAOYSA-N,inchi
121552-61-2(2),CASRN,HAORKNGNJCEJBX-UHFFFAOYSA-N,inchi
1216-44-0(2),CASRN,AJKQZRAAQMBNKM-UHFFFAOYSA-N,inchi
1216920-18-1(2),CASRN,FTFRZXFNZVCRSK-UHFFFAOYSA-N,inchi
1217457-81-2(2),CASRN,MVMQESMQSYOVGV-UHFFFAOYSA-N,inchi
1217623-74-9(2),CASRN,LVASCWIMLIKXLA-UHFFFAOYSA-N,inchi
1218-35-5(2),CASRN,HUCJFAOMUPXHDK-UHFFFAOYSA-N,inchi
121808-62-6(2),CASRN,UUTKICFRNVKFRG-UHFFFAOYSA-N,inchi
1219-38-1(4),CASRN,RIKCMEDSBFQFAL-UHFFFAOYSA-N,inchi
121961-22-6(2),CASRN,JAPHQRWPEGVNBT-UHFFFAOYSA-N,inchi
122-00-9(2),CASRN,GNKZMNRKLCTJAY-UHFFFAOYSA-N,inchi
122-03-2(2),CASRN,WTWBUQJHJGUZCY-UHFFFAOYSA-N,inchi
122-04-3(2),CASRN,SKDHHIUENRGTHK-UHFFFAOYSA-N,inchi
122-11-2(2),CASRN,ZZORFUFYDOWNEF-UHFFFAOYSA-N,inchi
122-14-5(2),CASRN,ZNOLGFHPUIJIMJ-UHFFFAOYSA-N,inchi
122-16-7(2),CASRN,GWBPFRGXNGPPMF-UHFFFAOYSA-N,inchi
"122-18-9(4), 63449-41-2(2)",CASRN,QDYLMAYUEZBUFO-UHFFFAOYSA-N,inchi
122-19-0(2),CASRN,FWLORMQUOWCQPO-UHFFFAOYSA-N,inchi
122-20-3(4),CASRN,SLINHMUFWFWBMU-UHFFFAOYSA-N,inchi
122-34-9(6),CASRN,ODCWYMIRDDJXKW-UHFFFAOYSA-N,inchi
122-37-2(2),CASRN,JTTMYKSFKOOQLP-UHFFFAOYSA-N,inchi
122-39-4(4),CASRN,DMBHHRLKUKUOEG-UHFFFAOYSA-N,inchi
122-40-7(6),CASRN,HMKKIXGYKWDQSV-SDNWHVSQSA-N,inchi
122-42-9(4),CASRN,VXPLXMJHHKHSOA-UHFFFAOYSA-N,inchi
122-46-3(2),CASRN,OTGAHJPFNKQGAE-UHFFFAOYSA-N,inchi
122-48-5(2),CASRN,OJYLAHXKWMRDGS-UHFFFAOYSA-N,inchi
122-51-0(2),CASRN,GKASDNZWUGIAMG-UHFFFAOYSA-N,inchi
122-52-1(4),CASRN,BDZBKCUKTQZUTL-UHFFFAOYSA-N,inchi
122-59-8(6),CASRN,LCPDWSOZIOUXRV-UHFFFAOYSA-N,inchi
122-60-1(2),CASRN,FQYUMYWMJTYZTK-UHFFFAOYSA-N,inchi
122-62-3(2),CASRN,VJHINFRRDQUWOJ-UHFFFAOYSA-N,inchi
122-63-4(2),CASRN,VHOMAPWVLKRQAZ-UHFFFAOYSA-N,inchi
122-66-7(4),CASRN,YBQZXXMEJHZYMB-UHFFFAOYSA-N,inchi
122-67-8(2),CASRN,IQZUZPKOFSOVET-CMDGGOBGSA-N,inchi
122-68-9(2),CASRN,LYRAHIUDQRJGGZ-BUHFOSPRSA-N,inchi
122-69-0(2),CASRN,NQBWNECTZUOWID-MZXMXVKLSA-N,inchi
122-70-3(2),CASRN,HVGZQCSMLUDISR-UHFFFAOYSA-N,inchi
122-72-5(2),CASRN,JRJGKUTZNBZHNK-UHFFFAOYSA-N,inchi
122-73-6(2),CASRN,RXXCIBALSKQCAE-UHFFFAOYSA-N,inchi
122-78-1(4),CASRN,DTUQWGWMVIHBKE-UHFFFAOYSA-N,inchi
122-80-5(2),CASRN,CHMBIJAOCISYEW-UHFFFAOYSA-N,inchi
122-82-7(2),CASRN,WWROGCAUSKGAMX-UHFFFAOYSA-N,inchi
122-88-3(2),CASRN,SODPIMGUZLOIPE-UHFFFAOYSA-N,inchi
122-91-8(2),CASRN,XPDORSROGAZEGY-UHFFFAOYSA-N,inchi
122-94-1(1),CASRN,MBGGFXOXUIDRJD-UHFFFAOYSA-N,inchi
122-96-3(2),CASRN,VARKIGWTYBUWNT-UHFFFAOYSA-N,inchi
122-97-4(4),CASRN,VAJVDSVGBWFCLW-UHFFFAOYSA-N,inchi
122-99-6(8),CASRN,QCDWFXQBSFUVSP-UHFFFAOYSA-N,inchi
1220-83-3(2),CASRN,WMPXPUYPYQKQCX-UHFFFAOYSA-N,inchi
122008-85-9(2),CASRN,TYIYMOAHACZAMQ-UHFFFAOYSA-N,inchi
1221-56-3(2),CASRN,YQNFBOJPTAXAKV-UHFFFAOYSA-N,inchi
122111-03-9(2),CASRN,SDUQYLNIPVEERB-UHFFFAOYSA-N,inchi
1222-98-6(2),CASRN,WDZGGAFMGIOIQS-DHZHZOJOSA-N,inchi
1223-36-5(2),CASRN,UORGKWWJEQDTGX-UHFFFAOYSA-N,inchi
"122320-73-4(2), 155141-29-0(2)",CASRN,YASAKCUCGLMORW-UHFFFAOYSA-N,inchi
122341-38-2(4),CASRN,LYPFDBRUNKHDGX-LWQDQPMZSA-N,inchi
1224-92-6(2),CASRN,DJTOLSNIKJIDFF-UHFFFAOYSA-N,inchi
1224-92-6(4),CASRN,DJTOLSNIKJIDFF-UHFFFAOYSA-N,inchi
122453-73-0(2),CASRN,CWFOCCVIPCEQCK-UHFFFAOYSA-N,inchi
1225-55-4(2),CASRN,BWPIARFWQZKAIA-UHFFFAOYSA-N,inchi
1225-60-1(2),CASRN,OQJBSDFFQWMKBQ-UHFFFAOYSA-N,inchi
122647-32-9(2),CASRN,ALOBUEHUHMBRLE-UHFFFAOYSA-N,inchi
122795-43-1(4),CASRN,RZESKRXOCXWCFX-UHFFFAOYSA-N,inchi
122836-35-5(2),CASRN,OORLZFUTLGXMEF-UHFFFAOYSA-N,inchi
122841-12-7(2),CASRN,BHXLLRXDAYEMPP-MSXFZWOLSA-O,inchi
122852-69-1(2),CASRN,JSWZEAMFRNKZNL-UHFFFAOYSA-N,inchi
122892-31-3(2),CASRN,QQQIECGTIMUVDS-UHFFFAOYSA-N,inchi
1229-24-9(4),CASRN,QZZRQURPSRWTLG-UHFFFAOYSA-N,inchi
1229-29-4(2),CASRN,ODQWQRRAPPTVAG-GZTJUZNOSA-N,inchi
1229-35-2(2),CASRN,HTMIBDQKFHUPSX-UHFFFAOYSA-N,inchi
123-00-2(2),CASRN,UIKUBYKUYUSRSM-UHFFFAOYSA-N,inchi
123-01-3(4),CASRN,KWKXNDCHNDYVRT-UHFFFAOYSA-N,inchi
123-05-7(4),CASRN,LGYNIFWIKSEESD-UHFFFAOYSA-N,inchi
123-07-9(4),CASRN,HXDOZKJGKXYMEW-UHFFFAOYSA-N,inchi
123-08-0(1),CASRN,RGHHSNMVTDWUBI-UHFFFAOYSA-N,inchi
123-09-1(4),CASRN,KIQQUVJOLVCZKG-UHFFFAOYSA-N,inchi
123-11-5(4),CASRN,ZRSNZINYAWTAHE-UHFFFAOYSA-N,inchi
123-17-1(4),CASRN,LFEHSRSSAGQWNI-UHFFFAOYSA-N,inchi
123-18-2(4),CASRN,GFWVDQCGGDBTBS-UHFFFAOYSA-N,inchi
123-25-1(2),CASRN,DKMROQRQHGEIOW-UHFFFAOYSA-N,inchi
123-29-5(2),CASRN,BYEVBITUADOIGY-UHFFFAOYSA-N,inchi
123-30-8(6),CASRN,PLIKAWJENQZMHA-UHFFFAOYSA-N,inchi
123-31-9(6),CASRN,QIGBRXMKCJKVMJ-UHFFFAOYSA-N,inchi
123-33-1(4),CASRN,BGRDGMRNKXEXQD-UHFFFAOYSA-N,inchi
123-34-2(2),CASRN,PAKCOSURAUIXFG-UHFFFAOYSA-N,inchi
123-35-3(2),CASRN,UAHWPYUMFXYFJY-UHFFFAOYSA-N,inchi
123-38-6(2),CASRN,NBBJYMSMWIIQGU-UHFFFAOYSA-N,inchi
123-42-2(4),CASRN,SWXVUIWOUIDPGS-UHFFFAOYSA-N,inchi
123-51-3(2),CASRN,PHTQWCKDNZKARW-UHFFFAOYSA-N,inchi
123-54-6(2),CASRN,YRKCREAYFQTBPV-UHFFFAOYSA-N,inchi
123-62-6(2),CASRN,WYVAMUWZEOHJOQ-UHFFFAOYSA-N,inchi
123-63-7(6),CASRN,SQYNKIJPMDEDEG-UHFFFAOYSA-N,inchi
123-66-0(2),CASRN,SHZIWNPUGXLXDT-UHFFFAOYSA-N,inchi
123-72-8(2),CASRN,ZTQSAGDEMFDKMZ-UHFFFAOYSA-N,inchi
123-77-3(4),CASRN,XOZUGNYVDXMRKW-UHFFFAOYSA-N,inchi
123-81-9(2),CASRN,PSYGHMBJXWRQFD-UHFFFAOYSA-N,inchi
123-86-4(2),CASRN,DKPFZGUDAPQIHT-UHFFFAOYSA-N,inchi
123-91-1(2),CASRN,RYHBNJHYFVUHQT-UHFFFAOYSA-N,inchi
123-92-2(4),CASRN,MLFHJEHSLIIPHL-UHFFFAOYSA-N,inchi
"123-94-4(4), 11099-07-3(2)",CASRN,VBICKXHEKHSIBG-UHFFFAOYSA-N,inchi
123-96-6(4),CASRN,SJWFXCIHNDVPSH-UHFFFAOYSA-N,inchi
123-99-9(6),CASRN,BDJRBEYXGGNYIS-UHFFFAOYSA-N,inchi
123040-69-7(2),CASRN,WUKZPHOXUVCQOR-UHFFFAOYSA-N,inchi
123122-55-4(2),CASRN,ZTWZVMIYIIVABD-UHFFFAOYSA-N,inchi
123171-59-5(2),CASRN,HVFLCNVBZFFHBT-FMCGGJTJSA-O,inchi
123258-84-4(2),CASRN,RWXRJSRJIITQAK-UHFFFAOYSA-N,inchi
123312-89-0(2),CASRN,QHMTXANCGGJZRX-WUXMJOGZSA-N,inchi
123318-82-1(2),CASRN,WDDPHFBMKLOVOX-UHFFFAOYSA-N,inchi
123343-16-8(2),CASRN,QEGVVEOAVNHRAA-UHFFFAOYSA-N,inchi
1234-30-6(2),CASRN,PRXHANOJNVGVGC-UHFFFAOYSA-N,inchi
123447-62-1(2),CASRN,PWNMXPDKBYZCOO-UHFFFAOYSA-N,inchi
1235-82-1(4),CASRN,YSXKPIUOCJLQIE-UHFFFAOYSA-N,inchi
123524-52-7(2),CASRN,JOVYMWIIHGWNHB-UHFFFAOYSA-N,inchi
123548-56-1(2),CASRN,VNVBCWREJHKWSG-UHFFFAOYSA-N,inchi
123663-49-0(2),CASRN,KRCYERJZOSASEE-JXAWBTAJSA-N,inchi
1239-29-8(2),CASRN,RGLLOUBXMOGLDQ-UHFFFAOYSA-N,inchi
124-02-7(4),CASRN,DYUWTXWIYMHBQS-UHFFFAOYSA-N,inchi
124-03-8(4),CASRN,VCAVAURZPNANDQ-UHFFFAOYSA-N,inchi
124-04-9(6),CASRN,WNLRTRBMVRJNCN-UHFFFAOYSA-N,inchi
124-06-1(2),CASRN,MMKRHZKQPFCLLS-UHFFFAOYSA-N,inchi
124-07-2(6),CASRN,WWZKQHOCKIZLMA-UHFFFAOYSA-N,inchi
124-09-4(4),CASRN,NAQMVNRVTILPCV-UHFFFAOYSA-N,inchi
124-10-7(2),CASRN,ZAZKJZBWRNNLDS-UHFFFAOYSA-N,inchi
124-12-9(2),CASRN,YSIMAPNUZAVQER-UHFFFAOYSA-N,inchi
124-13-0(4),CASRN,NUJGJRNETVAIRJ-UHFFFAOYSA-N,inchi
124-17-4(4),CASRN,VXQBJTKSVGFQOL-UHFFFAOYSA-N,inchi
124-18-5(4),CASRN,DIOQZVSQGTUSAI-UHFFFAOYSA-N,inchi
124-19-6(2),CASRN,GYHFUZHODSMOHU-UHFFFAOYSA-N,inchi
"124-22-1(4), 929-73-7(2)",CASRN,JRBPAEWTRLWTQC-UHFFFAOYSA-N,inchi
124-25-4(2),CASRN,UHUFTBALEZWWIH-UHFFFAOYSA-N,inchi
"124-40-3(2), 506-59-2(2)",CASRN,ROSDSFDQCJNGOL-UHFFFAOYSA-N,inchi
124-48-1(2),CASRN,GATVIKZLVQHOMN-UHFFFAOYSA-N,inchi
124-63-0(2),CASRN,QARBMVPHQWIHKH-UHFFFAOYSA-N,inchi
"124-64-1(2), 55566-30-8(2)",CASRN,FAUOSXUSCVJWAY-UHFFFAOYSA-N,inchi
124-68-5(4),CASRN,CBTVGIZVANVGBH-UHFFFAOYSA-N,inchi
124-87-8(4),CASRN,RYEFFICCPKWYML-UHFFFAOYSA-N,inchi
124-94-7(4),CASRN,GFNANZIMVAIWHM-UHFFFAOYSA-N,inchi
1241-94-7(2),CASRN,CGSLYBDCEGBZCG-UHFFFAOYSA-N,inchi
"12427-38-2(2), 142-59-6(2), 8018-1-7(2)",CASRN,AWYFNIZYMPNGAI-UHFFFAOYSA-N,inchi
124378-77-4(2),CASRN,JMBYBVLCYODBJQ-UHFFFAOYSA-N,inchi
124495-18-7(2),CASRN,WRPIRSINYZBGPK-UHFFFAOYSA-N,inchi
1247-42-3(2),CASRN,PIDANAQULIKBQS-UHFFFAOYSA-N,inchi
124756-23-6(2),CASRN,BVMYCHKQPGEOSI-UHFFFAOYSA-N,inchi
1248-42-6(2),CASRN,NZHMAQSCHUSSSJ-UHFFFAOYSA-N,inchi
"124819-25-6(2), 124819-26-7(2)",CASRN,VOKSWYLNZZRQPF-UHFFFAOYSA-N,inchi
124832-27-5(2),CASRN,HDOVUKNUBWVHOX-UHFFFAOYSA-N,inchi
124858-35-1(2),CASRN,JYJTVFIEFKZWCJ-UHFFFAOYSA-N,inchi
124937-51-5(2),CASRN,OOGJQPCLVADCPB-UHFFFAOYSA-N,inchi
125-04-2(2),CASRN,VWQWXZAWFPZJDA-UHFFFAOYSA-N,inchi
125-13-3(2),CASRN,SJDACOMXKWHBOW-UHFFFAOYSA-N,inchi
125-33-7(6),CASRN,DQMZLTXERSFNPB-UHFFFAOYSA-N,inchi
125-51-9(2),CASRN,WPUKUEMZZRVAKZ-UHFFFAOYSA-N,inchi
125-52-0(2),CASRN,DUDKAZCAISNGQN-UHFFFAOYSA-N,inchi
125-60-0(2),CASRN,QDIYJDPBMZUZEH-UHFFFAOYSA-O,inchi
125-65-5(2),CASRN,ZRZNJUXESFHSIO-UHFFFAOYSA-N,inchi
125-79-1(2),CASRN,GJJQIGFCGLPOQK-UHFFFAOYSA-N,inchi
125-84-8(4),CASRN,ROBVIMPUHSLWNV-UHFFFAOYSA-N,inchi
125-86-0(2),CASRN,OFAIGZWCDGNZGT-UHFFFAOYSA-N,inchi
125116-23-6(2),CASRN,XWPZUHJBOLQNMN-UHFFFAOYSA-N,inchi
125225-28-7(2),CASRN,QTYCMDBMOLSEAM-UHFFFAOYSA-N,inchi
125317-39-7(2),CASRN,GBABOYUKABKIAF-UHFFFAOYSA-N,inchi
1254-35-9(2),CASRN,HTNIWVLUZVMSEC-UHFFFAOYSA-N,inchi
125401-92-5(2),CASRN,RYVIXQCRCQLFCM-UHFFFAOYSA-N,inchi
1255-35-2(2),CASRN,DEFOZIFYUBUHHU-UHFFFAOYSA-N,inchi
1255-49-8(2),CASRN,HHSXYDOROIURIP-UHFFFAOYSA-N,inchi
126-00-1(4),CASRN,VKOUCJUTMGHNOR-UHFFFAOYSA-N,inchi
126-06-7(2),CASRN,PQRDTUFVDILINV-UHFFFAOYSA-N,inchi
126-07-8(6),CASRN,DDUHZTYCFQRHIY-UHFFFAOYSA-N,inchi
126-11-4(4),CASRN,OLQJQHSAWMFDJE-UHFFFAOYSA-N,inchi
126-14-7(4),CASRN,ZIJKGAXBCRWEOL-UHFFFAOYSA-N,inchi
126-22-7(2),CASRN,BKAQXYNWONVOAX-UHFFFAOYSA-N,inchi
126-27-2(2),CASRN,FTLDJPRFCGDUFH-UHFFFAOYSA-N,inchi
126-30-7(4),CASRN,SLCVBVWXLSEKPL-UHFFFAOYSA-N,inchi
126-33-0(2),CASRN,HXJUTPCZVOIRIF-UHFFFAOYSA-N,inchi
126-58-9(2),CASRN,TXBCBTDQIULDIA-UHFFFAOYSA-N,inchi
126-64-7(2),CASRN,BTJXBZZBBNNTOV-UHFFFAOYSA-N,inchi
126-71-6(2),CASRN,HRKAMJBPFPHCSD-UHFFFAOYSA-N,inchi
126-72-7(4),CASRN,PQYJRMFWJJONBO-UHFFFAOYSA-N,inchi
126-73-8(4),CASRN,STCOOQWBFONSKY-UHFFFAOYSA-N,inchi
126-83-0(2),CASRN,DDLBHIIDBLGOTE-UHFFFAOYSA-N,inchi
126-86-3(4),CASRN,LXOFYPKXCSULTL-UHFFFAOYSA-N,inchi
126-92-1(4),CASRN,MHGOKSLTIUHUBF-UHFFFAOYSA-N,inchi
126-98-7(4),CASRN,GYCMBHHDWRMZGG-UHFFFAOYSA-N,inchi
1263-89-4(2),CASRN,UOZODPSAJZTQNH-UHFFFAOYSA-N,inchi
1264-62-6(2),CASRN,NSYZCCDSJNWWJL-UHFFFAOYSA-N,inchi
12645-31-7(2),CASRN,LJKDOMVGKKPJBH-UHFFFAOYSA-N,inchi
12650-69-0(2),CASRN,MINDHVHHQZYEEK-DTQAZKPQSA-N,inchi
12674-11-2(2),CASRN,RIBGNAJQTOXRDK-UHFFFAOYSA-N,inchi
126833-17-8(2),CASRN,VDLGAVXLJYLFDH-UHFFFAOYSA-N,inchi
127-07-1(4),CASRN,VSNHCAURESNICA-UHFFFAOYSA-N,inchi
127-18-4(2),CASRN,CYTYCFOTNPOANT-UHFFFAOYSA-N,inchi
127-19-5(4),CASRN,FXHOOIRPVKKKFG-UHFFFAOYSA-N,inchi
127-25-3(2),CASRN,OVXRPXGVKBHGQO-UHFFFAOYSA-N,inchi
127-31-1(4),CASRN,AAXVEMMRQDVLJB-UHFFFAOYSA-N,inchi
127-39-9(2),CASRN,NNARPPSIYMCXMB-UHFFFAOYSA-N,inchi
127-40-2(2),CASRN,KBPHJBAIARWVSC-DKLMTRRASA-N,inchi
127-41-3(2),CASRN,UZFLPKAIBPNNCA-BQYQJAHWSA-N,inchi
127-47-9(6),CASRN,QGNJRVVDBSJHIZ-QHLGVNSISA-N,inchi
127-48-0(4),CASRN,IRYJRGCIQBGHIV-UHFFFAOYSA-N,inchi
127-51-5(2),CASRN,JRJBVWJSTHECJK-PKNBQFBNSA-N,inchi
127-63-9(2),CASRN,KZTYYGOKRVBIMI-UHFFFAOYSA-N,inchi
127-68-4(2),CASRN,ONMOULMPIIOVTQ-UHFFFAOYSA-N,inchi
127-69-5(8),CASRN,NHUHCSRWZMLRLA-UHFFFAOYSA-N,inchi
127-71-9(2),CASRN,PBCZLFBEBARBBI-UHFFFAOYSA-N,inchi
127-77-5(2),CASRN,YBUXKQSCKVQATK-UHFFFAOYSA-N,inchi
127-79-7(2),CASRN,QPPBRPIAZZHUNT-UHFFFAOYSA-N,inchi
127045-41-4(2),CASRN,XAGMUUZPGZWTRP-UHFFFAOYSA-N,inchi
127254-12-0(2),CASRN,PNUZDKCDAWUEGK-UHFFFAOYSA-N,inchi
127294-70-6(2),CASRN,MGQLHRYJBWGORO-UHFFFAOYSA-N,inchi
"127308-98-9(2), 127308-82-1(2)",CASRN,BDNFQGRSKSQXRI-UHFFFAOYSA-N,inchi
127625-29-0(2),CASRN,VGIGHGMPMUCLIQ-UHFFFAOYSA-N,inchi
12771-68-5(2),CASRN,HUTDUHSNJYTCAR-UHFFFAOYSA-N,inchi
127985-21-1(2),CASRN,FRIZVHMAECRUBR-UHFFFAOYSA-N,inchi
128-09-6(2),CASRN,JRNVZBWKYDBUCA-UHFFFAOYSA-N,inchi
128-20-1(2),CASRN,AURFZBICLPNKBZ-UHFFFAOYSA-N,inchi
128-37-0(6),CASRN,NLZUEZXRPGMBCV-UHFFFAOYSA-N,inchi
128-39-2(4),CASRN,DKCPKDPYUFEZCP-UHFFFAOYSA-N,inchi
128-62-1(2),CASRN,AKNNEGZIBPJZJG-UHFFFAOYSA-N,inchi
128-95-0(2),CASRN,FBMQNRKSAWNXBT-UHFFFAOYSA-N,inchi
128312-51-6(2),CASRN,BZMKNPGKXJAIDV-VAWYXSNFSA-N,inchi
128420-61-1(2),CASRN,HGOAIWZFTWACBD-UHFFFAOYSA-O,inchi
128639-02-1(2),CASRN,MLKCGVHIFJBRCD-UHFFFAOYSA-N,inchi
129-00-0(2),CASRN,BBEAQIROQSPTKN-UHFFFAOYSA-N,inchi
129-03-3(2),CASRN,JJCFRYNCJDLXIK-UHFFFAOYSA-N,inchi
129-17-9(2),CASRN,IKHKJYWPWWBSFZ-UHFFFAOYSA-O,inchi
129-20-4(2),CASRN,HFHZKZSRXITVMK-UHFFFAOYSA-N,inchi
129-56-6(2),CASRN,ACPOUJIDANTYHO-UHFFFAOYSA-N,inchi
129-73-7(2),CASRN,WZKXBGJNNCGHIC-UHFFFAOYSA-N,inchi
129-74-8(2),CASRN,MOYGZHXDRJNJEP-UHFFFAOYSA-N,inchi
129-77-1(2),CASRN,KTHVBAZBLKXIHZ-UHFFFAOYSA-N,inchi
129-81-7(2),CASRN,ZZOBLCHCPLOXCE-UHFFFAOYSA-N,inchi
129101-54-8(2),CASRN,XSVMFMHYUFZWBK-UHFFFAOYSA-N,inchi
129273-38-7(2),CASRN,FBVFZWUMDDXLLG-UHFFFAOYSA-N,inchi
129298-91-5(2),CASRN,MSHZHSPISPJWHW-UHFFFAOYSA-N,inchi
"129300-27-2(2), 129299-90-7(2)",CASRN,AEKQMJRJRAHOAP-UHFFFAOYSA-N,inchi
129497-78-5(2),CASRN,MNCZEEFHIBYYSK-AUMIZHPPSA-N,inchi
129618-40-2(4),CASRN,NQDJXKOVJZTUJA-UHFFFAOYSA-N,inchi
129630-19-9(2),CASRN,APTZNLHMIGJTEW-UHFFFAOYSA-N,inchi
129722-12-9(2),CASRN,CEUORZQYGODEFX-UHFFFAOYSA-N,inchi
130-14-3(2),CASRN,PSZYNBSKGUBXEH-UHFFFAOYSA-N,inchi
130-16-5(2),CASRN,CTQMJYWDVABFRZ-UHFFFAOYSA-N,inchi
130-17-6(2),CASRN,KGZUHYIHYBDNLC-UHFFFAOYSA-N,inchi
130-20-1(2),CASRN,UGCDBQWJXSAYIL-UHFFFAOYSA-N,inchi
130-26-7(4),CASRN,QCDFBFJGMNKBDO-UHFFFAOYSA-N,inchi
130-80-3(2),CASRN,VZMLEMYJUIIHNF-QURGRASLSA-N,inchi
1300-72-7(6),CASRN,WYCOJIVDCGJKDB-UHFFFAOYSA-N,inchi
"1300-73-8(2), 87-59-2(2)",CASRN,VVAKEQGKZNKUSU-UHFFFAOYSA-N,inchi
1300-94-3(2),CASRN,CKGWFZQGEQJZIL-UHFFFAOYSA-N,inchi
13010-08-7(2),CASRN,FJNCPBNCTRDXFB-UHFFFAOYSA-N,inchi
13010-47-4(2),CASRN,GQYIWUVLTXOXAJ-UHFFFAOYSA-N,inchi
13014-18-1(2),CASRN,KZSNBJMYJWDVTK-UHFFFAOYSA-N,inchi
13014-24-9(2),CASRN,ATYLRBXENHNROH-UHFFFAOYSA-N,inchi
13019-22-2(2),CASRN,QGFSQVPRCWJZQK-UHFFFAOYSA-N,inchi
13020-57-0(2),CASRN,SHULEACXTONYPS-UHFFFAOYSA-N,inchi
13020-57-0(4),CASRN,SHULEACXTONYPS-UHFFFAOYSA-N,inchi
13029-08-8(2),CASRN,JAYCNKDKIKZTAF-UHFFFAOYSA-N,inchi
13031-43-1(2),CASRN,SMIOEQSLJNNKQF-UHFFFAOYSA-N,inchi
130340-91-9(1),CASRN,XWUNIDGEMNBBAQ-UHFFFAOYSA-N,inchi
13047-13-7(2),CASRN,DSVIHYOAKPVFEH-UHFFFAOYSA-N,inchi
13048-33-4(4),CASRN,FIHBHSQYSYVZQE-UHFFFAOYSA-N,inchi
13049-13-3(2),CASRN,YCYDXOVJXVALHY-UHFFFAOYSA-N,inchi
130636-43-0(2),CASRN,RVEPSTCKQMTZNS-JZJYNLBNSA-N,inchi
130693-82-2(2),CASRN,IAVUPMFITXYVAF-UHFFFAOYSA-N,inchi
13071-79-9(4),CASRN,XLNZEKHULJKQBA-UHFFFAOYSA-N,inchi
13081-34-0(2),CASRN,BXSSNHYHHLFNAV-UHFFFAOYSA-N,inchi
130929-57-6(2),CASRN,JRURYQJSLYLRLN-BJMVGYQFSA-N,inchi
131-01-1(4),CASRN,CVBMAZKKCSYWQR-UHFFFAOYSA-N,inchi
131-08-8(2),CASRN,MMNWSHJJPDXKCH-UHFFFAOYSA-N,inchi
131-09-9(2),CASRN,FPKCTSIVDAWGFA-UHFFFAOYSA-N,inchi
131-11-3(6),CASRN,NIQCNGHVCWTJSM-UHFFFAOYSA-N,inchi
131-16-8(4),CASRN,MQHNKCZKNAJROC-UHFFFAOYSA-N,inchi
131-17-9(4),CASRN,QUDWYFHPNIMBFC-UHFFFAOYSA-N,inchi
131-18-0(4),CASRN,IPKKHRVROFYTEK-UHFFFAOYSA-N,inchi
131-48-6(2),CASRN,KBGAYAKRZNYFFG-UHFFFAOYSA-N,inchi
131-53-3(4),CASRN,MEZZCSHVIGVWFI-UHFFFAOYSA-N,inchi
131-54-4(2),CASRN,SODJJEXAWOSSON-UHFFFAOYSA-N,inchi
131-55-5(4),CASRN,WXNRYSGJLQFHBR-UHFFFAOYSA-N,inchi
131-55-5(6),CASRN,WXNRYSGJLQFHBR-UHFFFAOYSA-N,inchi
131-56-6(4),CASRN,ZXDDPOHVAMWLBH-UHFFFAOYSA-N,inchi
131-56-6(6),CASRN,ZXDDPOHVAMWLBH-UHFFFAOYSA-N,inchi
131-57-7(6),CASRN,DXGLGDHPHMLXJC-UHFFFAOYSA-N,inchi
131-70-4(2),CASRN,YZBOVSFWWNVKRJ-UHFFFAOYSA-N,inchi
131-89-5(2),CASRN,QJYHUJAGJUHXJN-UHFFFAOYSA-N,inchi
1310709-74-0(2),CASRN,GGXMRPUKBWXVHE-UHFFFAOYSA-N,inchi
13114-72-2(2),CASRN,IMFYAZJNDOZIFV-UHFFFAOYSA-N,inchi
131690-45-4(2),CASRN,SRARDYUHGVMEQI-UHFFFAOYSA-N,inchi
13171-00-1(2),CASRN,IKTHMQYJOWTSJO-UHFFFAOYSA-N,inchi
13171-21-6(6),CASRN,RGCLLPNLLBQHPF-HJWRWDBZSA-N,inchi
13171-25-0(2),CASRN,UHWVSEOVJBQKBE-UHFFFAOYSA-N,inchi
131740-09-5(2),CASRN,BIIVYFLTOXDAOV-UHFFFAOYSA-N,inchi
131807-57-3(2),CASRN,PCCSBWNGDMYFCW-UHFFFAOYSA-N,inchi
13181-17-4(2),CASRN,XTFNPKDYCLFGPV-OMCISZLKSA-N,inchi
131860-33-8(2),CASRN,WFDXOXNFNRHQEC-GHRIWEEISA-N,inchi
13187-06-9(2),CASRN,NZLVRVYNQYGMAB-UHFFFAOYSA-N,inchi
13189-98-5(2),CASRN,KINWYTAUPKOPCQ-UHFFFAOYSA-N,inchi
"1319-77-3(2), 106-44-5(6)",CASRN,IWDCLRJOBJJRNH-UHFFFAOYSA-N,inchi
131918-61-1(2),CASRN,BPKAHTKRCLCHEA-PHQQETDXSA-N,inchi
13194-48-4(2),CASRN,VJYFKVYYMZPMAB-UHFFFAOYSA-N,inchi
131983-72-7(2),CASRN,PPDBOQMNKNNODG-NTEUORMPSA-N,inchi
"132-17-2(2), 86-13-5(4)",CASRN,GIJXKZJWITVLHI-UHFFFAOYSA-N,inchi
132-18-3(2),CASRN,OWQUZNMMYNAXSL-UHFFFAOYSA-N,inchi
132-20-7(4),CASRN,IJHNSHDBIRRJRN-UHFFFAOYSA-N,inchi
"132-32-1(4), 6109-97-3(2)",CASRN,OXEUETBFKVCRNP-UHFFFAOYSA-N,inchi
132-35-4(2),CASRN,OLTAWOVKGWWERU-UHFFFAOYSA-N,inchi
132-54-7(2),CASRN,QHDYIMWKSCJTIM-UHFFFAOYSA-N,inchi
132-60-5(4),CASRN,YTRMTPPVNRALON-UHFFFAOYSA-N,inchi
132-64-9(4),CASRN,TXCDCPKCNAJMEE-UHFFFAOYSA-N,inchi
132-65-0(4),CASRN,IYYZUPMFVPLQIF-UHFFFAOYSA-N,inchi
132-66-1(2),CASRN,JXTHEWSKYLZVJC-UHFFFAOYSA-N,inchi
132-69-4(2),CASRN,CNBGNNVCVSKAQZ-UHFFFAOYSA-N,inchi
132-93-4(2),CASRN,NONJJLVGHLVQQM-UHFFFAOYSA-N,inchi
132-98-9(4),CASRN,BPLBGHOLXOTWMN-UHFFFAOYSA-N,inchi
1320-07-6(2),CASRN,SQOXGXCYIDDLGW-UHFFFAOYSA-N,inchi
1320-15-6(2),CASRN,ZAPVNKQEZNTYQV-UHFFFAOYSA-N,inchi
1321-74-0(2),CASRN,MYRTYDVEIRVNKP-UHFFFAOYSA-N,inchi
1322-17-4(2),CASRN,RTYFAKSWXDNPPU-UHFFFAOYSA-N,inchi
132203-70-4(2),CASRN,BYAAPSQQRDMOAQ-DHZHZOJOSA-N,inchi
1323-19-9(2),CASRN,YYULUYUZVZOOKX-UHFFFAOYSA-N,inchi
1323-38-2(2),CASRN,HDIFHQMREAYYJW-XFXZXTDPSA-N,inchi
1323-39-3(2),CASRN,FKOKUHFZNIUSLW-UHFFFAOYSA-N,inchi
13242-44-9(2),CASRN,DENMGZODXQRYAR-UHFFFAOYSA-N,inchi
132539-06-1(2),CASRN,KVWDHTXUZHCGIO-UHFFFAOYSA-N,inchi
13254-33-6(2),CASRN,XQSLKIBWQSTAGK-UHFFFAOYSA-N,inchi
13254-34-7(2),CASRN,HGDVHRITTGWMJK-UHFFFAOYSA-N,inchi
132739-31-2(2),CASRN,OYBCJPZUEMNMGD-UHFFFAOYSA-N,inchi
132810-10-7(2),CASRN,XVGOZDAJGBALKS-UHFFFAOYSA-N,inchi
13284-42-9(2),CASRN,ISBHMJZRKAFTGE-ONEGZZNKSA-N,inchi
132866-11-6(2),CASRN,PHOGQKDIVUJGMJ-UHFFFAOYSA-N,inchi
1329-08-4(1),CASRN,KYQZWONCHDNPDP-UHFFFAOYSA-N,inchi
132907-72-3(2),CASRN,NTHPAPBPFQJABD-UHFFFAOYSA-N,inchi
13292-46-1(6),CASRN,JQXXHWHPUNPDRT-DUAWBEPNSA-N,inchi
133-07-3(4),CASRN,HKIOYBQGHSTUDB-UHFFFAOYSA-N,inchi
133-10-8(2),CASRN,WUBBRNOQWQTFEX-UHFFFAOYSA-N,inchi
133-11-9(2),CASRN,DNVVZWSVACQWJE-UHFFFAOYSA-N,inchi
133-32-4(2),CASRN,JTEDVYBZBROSJT-UHFFFAOYSA-N,inchi
133-53-9(2),CASRN,IYOLBFFHPZOQGW-UHFFFAOYSA-N,inchi
133-67-5(2),CASRN,LMJSLTNSBFUCMU-UHFFFAOYSA-N,inchi
133-90-4(4),CASRN,HSSBORCLYSCBJR-UHFFFAOYSA-N,inchi
1330-61-6(4),CASRN,LVGFPWDANALGOY-UHFFFAOYSA-N,inchi
1330-78-5(4),CASRN,BOSMZFBHAYFUBJ-UHFFFAOYSA-N,inchi
1330-86-5(2),CASRN,CJFLBOQMPJCWLR-UHFFFAOYSA-N,inchi
"133005-40-0(2), 120693-79-0(2)",CASRN,YGSVZRIZCHZUHB-UHFFFAOYSA-N,inchi
13301-61-6(2),CASRN,KHZRTXVUEZJYNE-UHFFFAOYSA-N,inchi
133099-07-7(2),CASRN,HXGBXQDTNZMWGS-UHFFFAOYSA-N,inchi
13311-84-7(6),CASRN,MKXKFYHWDHIYRV-UHFFFAOYSA-N,inchi
1333-39-7(2),CASRN,IULJSGIJJZZUMF-UHFFFAOYSA-N,inchi
13345-21-6(1),CASRN,SPUUWWRWIAEPDB-UHFFFAOYSA-N,inchi
133454-47-4(2),CASRN,XMXHEBAFVSFQEX-UHFFFAOYSA-N,inchi
13347-42-7(2),CASRN,LZUKCYHMVDGDBK-UHFFFAOYSA-N,inchi
"1335-46-2(2), 7779-30-8(2)",CASRN,VPKMGDRERYMTJX-CMDGGOBGSA-N,inchi
1335-66-6(2),CASRN,YJSUCBQWLKRPDL-UHFFFAOYSA-N,inchi
13360-45-7(2),CASRN,NLYNUTMZTCLNOO-UHFFFAOYSA-N,inchi
13360-63-9(2),CASRN,QHCCDDQKNUYGNC-UHFFFAOYSA-N,inchi
13360-78-6(2),CASRN,PTZADPBANVYSTR-UHFFFAOYSA-N,inchi
13361-34-7(2),CASRN,ZNYBQVBNSXLZNI-UHFFFAOYSA-N,inchi
13372-77-5(2),CASRN,JLWXDEXJQNUKNQ-JXMROGBWSA-N,inchi
1338-39-2(2),CASRN,LWZFANDGMFTDAV-UHFFFAOYSA-N,inchi
1338-41-6(2),CASRN,HVUMOYIDDBPOLL-UHFFFAOYSA-N,inchi
1338-43-8(4),CASRN,NWGKJDSIEKMTRX-KTKRTIGZSA-N,inchi
13380-94-4(2),CASRN,OMIDXVJKZCPKEI-UHFFFAOYSA-N,inchi
133855-98-8(2),CASRN,ZMYFCFLJBGAQRS-UHFFFAOYSA-N,inchi
134-09-8(4),CASRN,SOXAGEOHPCXXIO-UHFFFAOYSA-N,inchi
134-20-3(4),CASRN,VAMXMNNIEUEQDV-UHFFFAOYSA-N,inchi
134-32-7(4),CASRN,RUFPHBVGCFYCNW-UHFFFAOYSA-N,inchi
134-62-3(6),CASRN,MMOXZBCLCQITDF-UHFFFAOYSA-N,inchi
134-80-5(2),CASRN,XXEPPPIWZFICOJ-UHFFFAOYSA-N,inchi
134-81-6(2),CASRN,WURBFLDFSFBTLW-UHFFFAOYSA-N,inchi
134-84-9(2),CASRN,WXPWZZHELZEVPO-UHFFFAOYSA-N,inchi
134002-60-1(2),CASRN,RYSLZFOZDSIPHK-UHFFFAOYSA-N,inchi
13402-08-9(2),CASRN,GBPZSCQLDXUGNO-UHFFFAOYSA-N,inchi
13410-86-1(2),CASRN,MDFXJBQEWLCGHP-RQZCQDPDSA-N,inchi
13412-64-1(2),CASRN,YFAGHNZHGGCZAX-UHFFFAOYSA-N,inchi
13426-94-3(2),CASRN,RIWRFSMVIUAEBX-UHFFFAOYSA-N,inchi
"1343-78-8(2), 1260-17-9(4)",CASRN,DGQLVPJVXFOQEV-UHFFFAOYSA-N,inchi
134308-13-7(4),CASRN,MIQPIUSUKVNLNT-UHFFFAOYSA-N,inchi
"134523-03-8(4), 134523-00-5(2)",CASRN,XUKUURHRXDUEBC-UHFFFAOYSA-N,inchi
13457-18-6(2),CASRN,JOOMJVFZQRQWKR-UHFFFAOYSA-N,inchi
134605-64-4(2),CASRN,JEDYYFXHPAIBGR-UHFFFAOYSA-N,inchi
13466-78-9(2),CASRN,BQOFWKZOCNGFEC-UHFFFAOYSA-N,inchi
134678-17-4(6),CASRN,JTEGQNOMFQHVDC-UHFFFAOYSA-N,inchi
13472-08-7(2),CASRN,AVTLBBWTUPQRAY-BUHFOSPRSA-N,inchi
13473-26-2(4),CASRN,ZYIBVBKZZZDFOY-UHFFFAOYSA-N,inchi
13481-87-3(2),CASRN,MTDCXFZGUVZRSQ-BQYQJAHWSA-N,inchi
134865-33-1(2),CASRN,LIXBJWRFCNRAPA-UHFFFAOYSA-N,inchi
13491-79-7(2),CASRN,DLTWBMHADAJAAZ-UHFFFAOYSA-N,inchi
13494-07-0(2),CASRN,MIDXCONKKJTLDX-UHFFFAOYSA-N,inchi
135-07-9(2),CASRN,CESYKOGBSMNBPD-UHFFFAOYSA-N,inchi
135-09-1(2),CASRN,DMDGGSIALPNSEE-UHFFFAOYSA-N,inchi
135-19-3(4),CASRN,JWAZRIHNYRIHIV-UHFFFAOYSA-N,inchi
135-20-6(4),CASRN,DAHPIMYBWVSMKQ-UHFFFAOYSA-N,inchi
"135-23-9(4), 33032-12-1(2)",CASRN,HNJJXZKZRAWDPF-UHFFFAOYSA-N,inchi
135-51-3(2),CASRN,USWINTIHFQKJTR-UHFFFAOYSA-N,inchi
135-57-9(4),CASRN,ZHMIOPLMFZVSHY-UHFFFAOYSA-N,inchi
135-62-6(2),CASRN,AQYMRQUYPFCXDM-UHFFFAOYSA-N,inchi
135-65-9(2),CASRN,YZJSKRBKHCLMQC-UHFFFAOYSA-N,inchi
"135-76-2(4), 833-66-9(4)",CASRN,VVPHSMHEYVOVLH-UHFFFAOYSA-N,inchi
135-77-3(2),CASRN,AGIQIOSHSMJYJP-UHFFFAOYSA-N,inchi
135-79-5(2),CASRN,NKCQEIXYLHACJC-UHFFFAOYSA-N,inchi
135-88-6(4),CASRN,KEQFTVQCIQJIQW-UHFFFAOYSA-N,inchi
135046-48-9(2),CASRN,GKTWGGQPFAXNFI-UHFFFAOYSA-N,inchi
13506-76-8(2),CASRN,CCXSGQZMYLXTOI-UHFFFAOYSA-N,inchi
135062-02-1(2),CASRN,FAEKWTJYAYMJKF-UHFFFAOYSA-N,inchi
135080-03-4(2),CASRN,TVBUSVDXSSKDSK-UHFFFAOYSA-N,inchi
135158-54-2(2),CASRN,UELITFHSCLAHKR-UHFFFAOYSA-N,inchi
135159-51-2(2),CASRN,FFYNAVGJSYHHFO-UHFFFAOYSA-N,inchi
13522-19-5(2),CASRN,JCTBRKGARALROK-UHFFFAOYSA-N,inchi
13523-86-9(2),CASRN,JZQKKSLKJUAGIC-UHFFFAOYSA-N,inchi
13539-59-8(2),CASRN,MPHPHYZQRGLTBO-UHFFFAOYSA-N,inchi
135410-20-7(2),CASRN,WCXDHFDTOYPNIE-UHFFFAOYSA-N,inchi
13547-70-1(4),CASRN,ULSAJQMHTGKPIY-UHFFFAOYSA-N,inchi
135729-62-3(2),CASRN,CPZBLNMUGSZIPR-UHFFFAOYSA-N,inchi
13593-03-8(4),CASRN,JYQUHIFYBATCCY-UHFFFAOYSA-N,inchi
136-45-8(2),CASRN,IITCWRFYJWUUPC-UHFFFAOYSA-N,inchi
136-47-0(2),CASRN,GKCBAIGFKIBETG-UHFFFAOYSA-N,inchi
136-60-7(2),CASRN,XSIFPSYPOVKYCO-UHFFFAOYSA-N,inchi
136-95-8(2),CASRN,UHGULLIUJBCTEF-UHFFFAOYSA-N,inchi
136042-19-8(2),CASRN,YILJWHUIUCRKEU-UHFFFAOYSA-N,inchi
13608-87-2(2),CASRN,BXJZZJYNVIDEKG-UHFFFAOYSA-N,inchi
136087-85-9(2),CASRN,WAAPEIZFCHNLKK-UHFFFAOYSA-N,inchi
13609-67-1(2),CASRN,BMCQMVFGOVHVNG-UHFFFAOYSA-N,inchi
"13614-98-7(6), 10118-90-8(2)",CASRN,ZZZRUAITSXLWBH-UHFFFAOYSA-N,inchi
136310-93-5(2),CASRN,LERNTVKEWCAPOY-UHFFFAOYSA-N,inchi
13636-18-5(2),CASRN,NMKSAYKQLCHXDK-UHFFFAOYSA-N,inchi
136381-85-6(2),CASRN,ILNRQFBVVQUOLP-UHFFFAOYSA-N,inchi
136434-34-9(2),CASRN,ZEUITGRIYCTCEM-UHFFFAOYSA-N,inchi
13647-35-3(4),CASRN,RLQVKDVIBJCQGE-UHFFFAOYSA-N,inchi
136470-78-5(2),CASRN,MCGSCOLBFJQGHM-UHFFFAOYSA-N,inchi
13655-52-2(2),CASRN,PAZJSJFMUHDSTF-UHFFFAOYSA-N,inchi
13674-84-5(4),CASRN,KVMPUXDNESXNOH-UHFFFAOYSA-N,inchi
13674-87-8(4),CASRN,ASLWPAWFJZFCKF-UHFFFAOYSA-N,inchi
13676-54-5(2),CASRN,XQUPVDVFXZDTLT-UHFFFAOYSA-N,inchi
13678-68-7(2),CASRN,LQOUTUIIYXYBQW-UHFFFAOYSA-N,inchi
13679-70-4(2),CASRN,VAUMDUIUEPIGHM-UHFFFAOYSA-N,inchi
136790-76-6(2),CASRN,WGFOBBZOWHGYQH-UHFFFAOYSA-N,inchi
13680-35-8(2),CASRN,NWIVYGKSHSJHEF-UHFFFAOYSA-N,inchi
136817-59-9(2),CASRN,WHBIGIKBNXZKFE-UHFFFAOYSA-N,inchi
13684-56-5(2),CASRN,WZJZMXBKUWKXTQ-UHFFFAOYSA-N,inchi
13684-63-4(4),CASRN,IDOWTHOLJBTAFI-UHFFFAOYSA-N,inchi
137-00-8(2),CASRN,BKAWJIRCKVUVED-UHFFFAOYSA-N,inchi
137-03-1(2),CASRN,PJXHBTZLHITWFX-UHFFFAOYSA-N,inchi
137-06-4(2),CASRN,LXUNZSDDXMPKLP-UHFFFAOYSA-N,inchi
"137-08-6(2), 867-81-2(2)",CASRN,GHOKWGTUZJEAQD-UHFFFAOYSA-N,inchi
137-09-7(4),CASRN,XIWMTQIUUWJNRP-UHFFFAOYSA-N,inchi
137-17-7(2),CASRN,BMIPMKQAAJKBKP-UHFFFAOYSA-N,inchi
137-19-9(2),CASRN,GRLQBYQELUWBIO-UHFFFAOYSA-N,inchi
137-32-6(4),CASRN,QPRQEDXDYOZYLA-UHFFFAOYSA-N,inchi
"137-40-6(4), 4075-81-4(2)",CASRN,XBDQKXXYIPTUBI-UHFFFAOYSA-N,inchi
137-58-6(2),CASRN,NNJVILVZKWQKPM-UHFFFAOYSA-N,inchi
137-66-6(4),CASRN,CYJPUZLKFAUFHF-UHFFFAOYSA-N,inchi
137-88-2(2),CASRN,IPZFPROOBOUEIG-UHFFFAOYSA-N,inchi
13706-86-0(2),CASRN,PQCLJXVUAWLNSV-UHFFFAOYSA-N,inchi
137071-32-0(2),CASRN,KASDHRXLYQOAKZ-AMASXYNMSA-N,inchi
13708-12-8(2),CASRN,CQLOYHZZZCWHSG-UHFFFAOYSA-N,inchi
13710-19-5(2),CASRN,YEZNLOUZAIOMLT-UHFFFAOYSA-N,inchi
137160-11-3(2),CASRN,BFNCJMURTMZBTE-UHFFFAOYSA-N,inchi
137234-62-9(2),CASRN,BCEHBSKCWLPMDN-UHFFFAOYSA-N,inchi
13739-02-1(2),CASRN,TYNLGDBUJLVSMA-UHFFFAOYSA-N,inchi
137862-53-4(2),CASRN,ACWBQPMHZXGDFX-UHFFFAOYSA-N,inchi
138-14-7(2),CASRN,UBQYURCVBFRUQT-UHFFFAOYSA-N,inchi
"138-22-7(2), 34451-19-9(2)",CASRN,MRABAEUHTLLEML-UHFFFAOYSA-N,inchi
138-37-4(2),CASRN,TYMRLRRVMHJFTF-UHFFFAOYSA-N,inchi
138-41-0(2),CASRN,UCAGLBKTLXCODC-UHFFFAOYSA-N,inchi
"138-86-3(6), 5989-54-8(2), 5989-27-5(2)",CASRN,XMGQYMWWDOXHJM-UHFFFAOYSA-N,inchi
138-87-4(2),CASRN,RUJPNZNXGCHGID-UHFFFAOYSA-N,inchi
138-89-6(4),CASRN,CMEWLCATCRTSGF-UHFFFAOYSA-N,inchi
138-92-1(2),CASRN,JXDFEQONERDKSS-UHFFFAOYSA-N,inchi
13816-33-6(2),CASRN,YFDJCWXBKWRDPW-UHFFFAOYSA-N,inchi
13826-35-2(4),CASRN,KGANAERDZBAECK-UHFFFAOYSA-N,inchi
138261-41-3(6),CASRN,YWTYJOPNNQFBPC-UHFFFAOYSA-N,inchi
13838-16-9(4),CASRN,JPGQOUSTVILISH-UHFFFAOYSA-N,inchi
138402-11-6(2),CASRN,YOSHYTLCDANDAN-UHFFFAOYSA-N,inchi
138472-01-2(2),CASRN,MLSOFIZUAONVQM-GQCTYLIASA-N,inchi
13851-11-1(2),CASRN,JUWUWIGZUVEFQB-UHFFFAOYSA-N,inchi
138729-47-2(2),CASRN,GBBSUAFBMRNDJC-UHFFFAOYSA-N,inchi
138844-81-2(2),CASRN,MPBVHIBUJCELCL-UHFFFAOYSA-N,inchi
13889-92-4(2),CASRN,FYOPSYJKEHWOBR-UHFFFAOYSA-N,inchi
138890-62-7(2),CASRN,HCRKCZRJWPKOAR-UHFFFAOYSA-N,inchi
13893-53-3(2),CASRN,CAOHBROWLMCZRP-UHFFFAOYSA-N,inchi
13898-58-3(2),CASRN,GNZCRYWFWKFIDM-UHFFFAOYSA-N,inchi
139-13-9(4),CASRN,MGFYIUFZLHCRTH-UHFFFAOYSA-N,inchi
139-40-2(4),CASRN,WJNRPILHGGKWCK-UHFFFAOYSA-N,inchi
139-65-1(2),CASRN,ICNFHJVPAJKPHW-UHFFFAOYSA-N,inchi
139-66-2(2),CASRN,LTYMSROWYAPPGB-UHFFFAOYSA-N,inchi
139-87-7(2),CASRN,AKNUHUCEWALCOI-UHFFFAOYSA-N,inchi
139-88-8(6),CASRN,GROJOWHVXQYQGN-UHFFFAOYSA-N,inchi
13909-09-6(2),CASRN,FVLVBPDQNARYJU-UHFFFAOYSA-N,inchi
139110-80-8(2),CASRN,ARAIBEBZBOPLMB-UHFFFAOYSA-N,inchi
139149-55-6(2),CASRN,FYAQEFBDKOWIIL-UHFFFAOYSA-N,inchi
139233-53-7(2),CASRN,FULLEMQICAKPOE-UHFFFAOYSA-N,inchi
139264-17-8(2),CASRN,ULSDMUVEXKOYBU-UHFFFAOYSA-N,inchi
139290-65-6(2),CASRN,HXTGXYRHXAGCFP-UHFFFAOYSA-N,inchi
1393-63-1(2),CASRN,RAFGELQLHMBRHD-IFNPSABLSA-N,inchi
139340-56-0(2),CASRN,AKTXOQVMWSFEBQ-LCYFTJDESA-N,inchi
13946-02-6(2),CASRN,NKGYBXHAQAKSSG-UHFFFAOYSA-N,inchi
13952-84-6(2),CASRN,BHRZNVHARXXAHW-UHFFFAOYSA-N,inchi
1397-89-3(4),CASRN,APKFDSVGJQXUKY-QVDADOJXSA-N,inchi
13997-19-8(2),CASRN,KMNSHXMSYJKDBJ-UHFFFAOYSA-N,inchi
140-07-8(2),CASRN,BYACHAOCSIPLCM-UHFFFAOYSA-N,inchi
140-08-9(4),CASRN,LUVCTYHBTXSAMX-UHFFFAOYSA-N,inchi
140-10-3(4),CASRN,WBYWAXJHAXSJNI-VOTSOKGWSA-N,inchi
140-11-4(4),CASRN,QUKGYYKBILRGFE-UHFFFAOYSA-N,inchi
140-29-4(2),CASRN,SUSQOBVLVYHIEX-UHFFFAOYSA-N,inchi
140-31-8(4),CASRN,IMUDHTPIFIBORV-UHFFFAOYSA-N,inchi
140-38-5(2),CASRN,RECCURWJDVZHIH-UHFFFAOYSA-N,inchi
140-39-6(4),CASRN,CDJJKTLOZJAGIZ-UHFFFAOYSA-N,inchi
140-40-9(2),CASRN,UJRRDDHEMZLWFI-UHFFFAOYSA-N,inchi
140-49-8(4),CASRN,VMMDOCYDNRLESP-UHFFFAOYSA-N,inchi
140-56-7(2),CASRN,FLTYACUMGDVPLP-UHFFFAOYSA-N,inchi
140-57-8(2),CASRN,YKFRAOGHWKADFJ-UHFFFAOYSA-N,inchi
140-64-7(6),CASRN,XDRYMKDFEDOLFX-UHFFFAOYSA-N,inchi
140-67-0(4),CASRN,ZFMSMUAANRJZFM-UHFFFAOYSA-N,inchi
"140-72-7(6), 123-03-5(2)",CASRN,NEUSVAOJNUQRTM-UHFFFAOYSA-N,inchi
140-79-4(2),CASRN,WNSYEWGYAFFSSQ-UHFFFAOYSA-N,inchi
140-87-4(2),CASRN,HPHBOJANXDKUQD-UHFFFAOYSA-N,inchi
140-88-5(2),CASRN,JIGUQPWFLRLWPJ-UHFFFAOYSA-N,inchi
"140-89-6(2), 140-90-9(2)",CASRN,ZOOODBUHSVUZEM-UHFFFAOYSA-N,inchi
140-93-2(2),CASRN,UOJYYXATTMQQNA-UHFFFAOYSA-N,inchi
140-95-4(2),CASRN,QUBQYFYWUJJAAK-UHFFFAOYSA-N,inchi
1400-61-9(2),CASRN,VQOXZBDYSJBXMA-HWEHLMELSA-N,inchi
14007-64-8(2),CASRN,CKWHSYRZDLWQFV-UHFFFAOYSA-N,inchi
14008-48-1(2),CASRN,ZCBJDQBSLZREAA-UHFFFAOYSA-N,inchi
14028-44-5(4),CASRN,QWGDMFLQWFTERH-UHFFFAOYSA-N,inchi
140462-76-6(2),CASRN,JBIMVDZLSHOPLA-LSCVHKIXSA-N,inchi
1405-10-3(2),CASRN,PGBHMTALBVVCIT-UHFFFAOYSA-N,inchi
1405-41-0(2),CASRN,CEAZRRDELHUEMR-UHFFFAOYSA-N,inchi
"1405-86-3(6), 11052-19-0(2), 911217-00-0(2)",CASRN,LPLVUJXQOOQHMX-UHFFFAOYSA-N,inchi
14051-33-3(2),CASRN,LQQIVYSCPWCSSD-UHFFFAOYSA-N,inchi
14062-23-8(2),CASRN,NPPJLSILDPVHCM-UHFFFAOYSA-N,inchi
"14073-97-3(4), 491-07-6(2)",CASRN,NFLGAXVYCFJBMK-UHFFFAOYSA-N,inchi
140923-17-7(2),CASRN,NWUWYYSKZYIQAE-UHFFFAOYSA-N,inchi
141-03-7(2),CASRN,YUXIBTJKHLUKBD-UHFFFAOYSA-N,inchi
141-04-8(2),CASRN,RDOFJDLLWVCMRU-UHFFFAOYSA-N,inchi
141-05-9(4),CASRN,IEPRKVQEAMIZSS-WAYWQWQTSA-N,inchi
141-14-0(2),CASRN,POPNTVRHTZDEBW-UHFFFAOYSA-N,inchi
141-16-2(2),CASRN,XQPZQXTWYZAXAK-UHFFFAOYSA-N,inchi
141-17-3(4),CASRN,SCABKEBYDRTODC-UHFFFAOYSA-N,inchi
141-19-5(2),CASRN,KZBSIGKPGIZQJQ-UHFFFAOYSA-N,inchi
141-23-1(2),CASRN,RVWOWEQKPMPWMQ-UHFFFAOYSA-N,inchi
141-24-2(2),CASRN,XKGDWZQXVZSXAO-RAXLEYEMSA-N,inchi
141-25-3(2),CASRN,JGQFVRIQXUFPAH-UHFFFAOYSA-N,inchi
141-32-2(4),CASRN,CQEYYJKEWSMYFG-UHFFFAOYSA-N,inchi
"141-43-5(2), 53226-35-0(2)",CASRN,HZAXFHJVJLSVMW-UHFFFAOYSA-N,inchi
141-66-2(2),CASRN,VEENJGZXVHKXNB-VOTSOKGWSA-N,inchi
141-75-3(2),CASRN,DVECBJCOGJRVPX-UHFFFAOYSA-N,inchi
141-78-6(4),CASRN,XEKOWRVHYACXOJ-UHFFFAOYSA-N,inchi
141-79-7(4),CASRN,SHOJXDKTYKFBRD-UHFFFAOYSA-N,inchi
141-82-2(2),CASRN,OFOBLEOULBTSOW-UHFFFAOYSA-N,inchi
141-86-6(4),CASRN,VHNQIURBCCNWDN-UHFFFAOYSA-N,inchi
141-90-2(6),CASRN,WVEPMFMDHQBYNO-UHFFFAOYSA-N,inchi
141-92-4(2),CASRN,QCJVKUULZGKQDG-UHFFFAOYSA-N,inchi
141-94-6(2),CASRN,DTOUUUZOYKYHEP-UHFFFAOYSA-N,inchi
141-97-9(2),CASRN,XYIBRDXRRQCHLP-UHFFFAOYSA-N,inchi
141112-29-0(2),CASRN,OYIKARCXOQLFHF-UHFFFAOYSA-N,inchi
14149-43-0(2),CASRN,GPUGLFZXYGTLBI-UHFFFAOYSA-N,inchi
"1415-73-2(2), 8015-61-0(2)",CASRN,AFHJQYHRLPMKHU-UHFFFAOYSA-N,inchi
141505-33-1(2),CASRN,WHXMKTBCFHIYNQ-UHFFFAOYSA-N,inchi
141517-21-7(2),CASRN,ONCZDRURRATYFI-GOKCYMHRSA-N,inchi
141626-36-0(2),CASRN,ZQTNQVWKHCQYLQ-UHFFFAOYSA-N,inchi
14176-50-2(2),CASRN,QAXBVGVYDCAVLV-UHFFFAOYSA-N,inchi
141845-82-1(2),CASRN,LUKZNWIVRBCLON-UHFFFAOYSA-N,inchi
142-09-6(4),CASRN,LNCPIMCVTKXXOY-UHFFFAOYSA-N,inchi
142-18-7(4),CASRN,ARIWANIATODDMH-UHFFFAOYSA-N,inchi
142-19-8(2),CASRN,SJWKGDGUQTWDRV-UHFFFAOYSA-N,inchi
142-26-7(2),CASRN,PVCJKHHOXFKFRP-UHFFFAOYSA-N,inchi
142-28-9(2),CASRN,YHRUOJUYPBUZOS-UHFFFAOYSA-N,inchi
142-30-3(2),CASRN,IHJUECRFYCQBMW-UHFFFAOYSA-N,inchi
142-31-4(2),CASRN,UZZYXUGECOQHPU-UHFFFAOYSA-N,inchi
142-46-1(4),CASRN,KCOYHFNCTWXETP-UHFFFAOYSA-N,inchi
142-62-1(4),CASRN,FUZZWVXGSFPDMH-UHFFFAOYSA-N,inchi
142-73-4(2),CASRN,NBZBKCUXIYYUSX-UHFFFAOYSA-N,inchi
142-77-8(2),CASRN,WIBFFTLQMKKBLZ-SEYXRHQNSA-N,inchi
142-82-5(2),CASRN,IMNFDUFMRHMDMM-UHFFFAOYSA-N,inchi
142-83-6(2),CASRN,BATOPAZDIZEVQF-MQQKCMAXSA-N,inchi
142-84-7(2),CASRN,WEHWNAOGRSTTBQ-UHFFFAOYSA-N,inchi
142-87-0(2),CASRN,CSMFSDCPJHNZRY-UHFFFAOYSA-N,inchi
142-90-5(4),CASRN,GMSCBRSQMRDRCD-UHFFFAOYSA-N,inchi
142-91-6(4),CASRN,XUGNVMKQXJXZCD-UHFFFAOYSA-N,inchi
"142-92-7(2), 88230-35-7(2)",CASRN,AOGQPLXWSUTHQB-UHFFFAOYSA-N,inchi
142-96-1(2),CASRN,DURPTKYDGMDSBL-UHFFFAOYSA-N,inchi
1420-07-1(2),CASRN,IIPZYDQGBIWLBU-UHFFFAOYSA-N,inchi
1421-14-3(2),CASRN,KEJXLQUPYHWCNM-UHFFFAOYSA-N,inchi
1421-63-2(2),CASRN,SRUQARLMFOLRDN-UHFFFAOYSA-N,inchi
1421-65-4(2),CASRN,XBBDACCLCFWBSI-UHFFFAOYSA-N,inchi
"1422-07-7(2), 76-57-3(2)",CASRN,OROGSEYTTFOCAN-UHFFFAOYSA-N,inchi
142217-69-4(2),CASRN,QDGZDCVAUDNJFG-UHFFFAOYSA-N,inchi
14222-60-7(2),CASRN,VRDIULHPQTYCLN-UHFFFAOYSA-N,inchi
14228-73-0(2),CASRN,VQMQXWYQIIUJIT-UHFFFAOYSA-N,inchi
14233-37-5(2),CASRN,BLFZMXOCPASACY-UHFFFAOYSA-N,inchi
142340-99-6(2),CASRN,WOZSCQDILHKSGG-UHFFFAOYSA-N,inchi
142459-58-3(2),CASRN,IANUJLZYFUDJIH-UHFFFAOYSA-N,inchi
14255-87-9(2),CASRN,YRWLZFXJFBZBEY-UHFFFAOYSA-N,inchi
14261-75-7(2),CASRN,TZWKUQDQKPYNLL-UHFFFAOYSA-N,inchi
1428-67-7(8),CASRN,GHZHWDWADLAOIQ-UHFFFAOYSA-N,inchi
142880-36-2(2),CASRN,NITYDPDXAAFEIT-UHFFFAOYSA-N,inchi
14293-44-8(2),CASRN,MTZBBNMLMNBNJL-UHFFFAOYSA-N,inchi
"143-07-7(4), 2224-49-9(2)",CASRN,POULHZVOKOAJMA-UHFFFAOYSA-N,inchi
143-08-8(2),CASRN,ZWRUINPWMLAQRD-UHFFFAOYSA-N,inchi
143-13-5(2),CASRN,GJQIMXVRFNLMTB-UHFFFAOYSA-N,inchi
143-15-7(2),CASRN,PBLNBZIONSLZBU-UHFFFAOYSA-N,inchi
143-16-8(2),CASRN,PXSXRABJBXYMFT-UHFFFAOYSA-N,inchi
143-22-6(4),CASRN,COBPKKZHLDDMTB-UHFFFAOYSA-N,inchi
143-23-7(2),CASRN,MRNZSTMRDWRNNR-UHFFFAOYSA-N,inchi
143-24-8(2),CASRN,ZUHZGEOKBKGPSW-UHFFFAOYSA-N,inchi
143-27-1(2),CASRN,FJLUATLTXUNBOT-UHFFFAOYSA-N,inchi
143-28-2(2),CASRN,ALSTYHKOOCGGFT-KTKRTIGZSA-N,inchi
143-50-0(4),CASRN,LHHGDZSESBACKH-UHFFFAOYSA-N,inchi
"143-50-0(6), 143-50-0, 000143-50-0(5)",CASRN,LHHGDZSESBACKH-UHFFFAOYSA-N,inchi
"143-74-8(4), 34487-61-1(2)",CASRN,BELBBZDIHDAJOR-UHFFFAOYSA-N,inchi
143-98-6(2),CASRN,JAQUASYNZVUNQP-UHFFFAOYSA-N,inchi
143201-11-0(2),CASRN,SEERZIQQUAZTOL-ZHACJKMWSA-N,inchi
143322-58-1(2),CASRN,PWVXXGRKLHYWKM-UHFFFAOYSA-N,inchi
143343-83-3(2),CASRN,BYKYPZBCMBEEGU-UHFFFAOYSA-N,inchi
143388-64-1(2),CASRN,AMKVXSZCKVJAGH-UHFFFAOYSA-N,inchi
143390-89-0(2),CASRN,ZOTBXTZVPHCKPN-HTXNQAPBSA-N,inchi
1434-54-4(2),CASRN,VSBHRRMYCDQLJF-UHFFFAOYSA-N,inchi
143482-60-4(2),CASRN,PYWYBTRACMRUQV-UHFFFAOYSA-N,inchi
143491-57-0(2),CASRN,XQSPYNMVSIKCOC-UHFFFAOYSA-N,inchi
14351-66-7(2),CASRN,RSWGJHLUYNHPMX-UHFFFAOYSA-N,inchi
14368-24-2(2),CASRN,WZSDNEJJUSYNSG-UHFFFAOYSA-N,inchi
"14371-10-9(6), 104-55-2(2)",CASRN,KJPRLNWUNMBNBZ-QPJJXVBHSA-N,inchi
14375-45-2(2),CASRN,JLIDBLDQVAYHNE-LXGGSRJLSA-N,inchi
1438-94-4(2),CASRN,BTBFUBUCCJKJOZ-UHFFFAOYSA-N,inchi
144-19-4(2),CASRN,JCTXKRPTIMZBJT-UHFFFAOYSA-N,inchi
144-39-8(2),CASRN,WAQIIHCCEMGYKP-UHFFFAOYSA-N,inchi
144-48-9(2),CASRN,PGLTVOMIXTUURA-UHFFFAOYSA-N,inchi
"144-62-7(4), 563-72-4(2)",CASRN,MUBZPKHOEPUJKR-UHFFFAOYSA-N,inchi
144-68-3(2),CASRN,JKQXZKUSFCKOGQ-DKLMTRRASA-N,inchi
144-75-2(2),CASRN,NEDPPCHNEOMTJV-UHFFFAOYSA-N,inchi
144-79-6(2),CASRN,OJZNZOXALZKPEA-UHFFFAOYSA-N,inchi
144-80-9(6),CASRN,SKIVFJLNDNKQPD-UHFFFAOYSA-N,inchi
144-82-1(4),CASRN,VACCAVUAMIDAGB-UHFFFAOYSA-N,inchi
144-83-2(2),CASRN,GECHUMIMRBOMGK-UHFFFAOYSA-N,inchi
144034-80-0(2),CASRN,ULFRLSNUDGIQQP-UHFFFAOYSA-N,inchi
144060-53-7(2),CASRN,BQSJTQLCZDPROO-UHFFFAOYSA-N,inchi
144143-96-4(2),CASRN,OROAFUQRIXKEMV-LDADJPATSA-N,inchi
14417-88-0(2),CASRN,RWIUTHWKQHRQNP-NQLNTKRDSA-N,inchi
1443-44-3(2),CASRN,NGTVDHYUFBKWID-UHFFFAOYSA-N,inchi
14433-76-2(2),CASRN,HNXNKTMIVROLTK-UHFFFAOYSA-N,inchi
144364-48-7(1),CASRN,VIYWVRIBDZTTMH-UHFFFAOYSA-N,inchi
1444-64-0(2),CASRN,AAIBYZBZXNWTPP-UHFFFAOYSA-N,inchi
144481-98-1(4),CASRN,WMDSZGFJQKSLLH-UHFFFAOYSA-N,inchi
1445-45-0(2),CASRN,HDPNBNXLBDFELL-UHFFFAOYSA-N,inchi
1445-75-6(4),CASRN,WOAFDHWYKSOANX-UHFFFAOYSA-N,inchi
144550-36-7(2),CASRN,VWGAYSCWLXQJBQ-UHFFFAOYSA-N,inchi
144598-75-4(2),CASRN,PMXMIIMHBWHSKN-UHFFFAOYSA-N,inchi
144689-63-4(2),CASRN,UQGKUQLKSCSZGY-UHFFFAOYSA-N,inchi
144701-48-4(2),CASRN,RMMXLENWKUUMAY-UHFFFAOYSA-N,inchi
14484-47-0(4),CASRN,FBHSPRKOSMHSIF-UHFFFAOYSA-N,inchi
145-13-1(4),CASRN,ORNBQBCIOKFOEO-UHFFFAOYSA-N,inchi
145-39-1(2),CASRN,MINYPECWDZURGR-UHFFFAOYSA-N,inchi
145-73-3(4),CASRN,GXEKYRXVRROBEV-UHFFFAOYSA-N,inchi
145-94-8(2),CASRN,ATAJVFBUUIBIEO-UHFFFAOYSA-N,inchi
1450-85-7(2),CASRN,FXORLBINBKQITQ-UHFFFAOYSA-N,inchi
145158-71-0(2),CASRN,IKBKZGMPCYNSLU-RGVLZGJSSA-N,inchi
1452-15-9(2),CASRN,PNAFRZGWUVQUKH-UHFFFAOYSA-N,inchi
1453-82-3(2),CASRN,VFQXVTODMYMSMJ-UHFFFAOYSA-N,inchi
1455-77-2(2),CASRN,PKWIYNIDEDLDCJ-UHFFFAOYSA-N,inchi
145701-21-9(2),CASRN,QNXAVFXEJCPCJO-UHFFFAOYSA-N,inchi
145701-23-1(2),CASRN,QZXATCCPQKOEIH-UHFFFAOYSA-N,inchi
145742-28-5(2),CASRN,ZIWFCOIGUNPHPM-UHFFFAOYSA-N,inchi
145821-59-6(2),CASRN,PBJUNZJWGZTSKL-UHFFFAOYSA-N,inchi
145858-50-0(2),CASRN,UGFHIPBXIWJXNA-UHFFFAOYSA-N,inchi
"14586-35-7(2), 123-41-1(2), 67-48-1(2), 1927-6-6(2)",CASRN,OEYIOHPDSNJKLS-UHFFFAOYSA-N,inchi
14587-50-9(2),CASRN,OEHKWMHRFWWMQK-UHFFFAOYSA-N,inchi
1459-93-4(4),CASRN,VNGOYPQMJFJDLV-UHFFFAOYSA-N,inchi
145918-75-8(2),CASRN,RXRGZNYSEHTMHC-UHFFFAOYSA-N,inchi
146-22-5(2),CASRN,KJONHKAYOJNZEC-UHFFFAOYSA-N,inchi
"146-48-5(2), 131-03-3(2)",CASRN,BLGXFZZNTVWLAY-UHFFFAOYSA-N,inchi
146011-65-6(2),CASRN,GJRPAGNTTAPJCC-UHFFFAOYSA-N,inchi
1461-15-0(2),CASRN,VTCREYDLZYKOEO-UHFFFAOYSA-N,inchi
14611-52-0(4),CASRN,MEZLKOACVSPNER-UHFFFAOYSA-N,inchi
"1464-42-2(2), 3211-76-5(2)",CASRN,RJFAYQIBOAGBLC-UHFFFAOYSA-N,inchi
146464-95-1(2),CASRN,OGSBUKJUDHAQEA-UHFFFAOYSA-N,inchi
1465-25-4(6),CASRN,NULAJYZBOLVQPQ-UHFFFAOYSA-N,inchi
1466-76-8(2),CASRN,MBIZFBDREVRUHY-UHFFFAOYSA-N,inchi
14663-23-1(4),CASRN,OZOMQRBLCMDCEG-UHFFFAOYSA-N,inchi
146653-56-7(2),CASRN,CMHGFDOROXXOOB-UHFFFAOYSA-N,inchi
14667-55-1(2),CASRN,IAEGWXHKWJGQAZ-UHFFFAOYSA-N,inchi
1468-95-7(2),CASRN,JCJNNHDZTLRSGN-UHFFFAOYSA-N,inchi
146939-27-7(4),CASRN,MVWVFYHBGMAFLY-UHFFFAOYSA-N,inchi
14698-29-4(4),CASRN,KYGZCKSPAKDVKC-UHFFFAOYSA-N,inchi
"147-47-7(2), 26780-96-1(2)",CASRN,ZNRLMGFXSPUZNR-UHFFFAOYSA-N,inchi
147-58-0(2),CASRN,CORFWQGVBFFZHF-UHFFFAOYSA-N,inchi
147-81-9(2),CASRN,PYMYPHUHKUWMLA-UHFFFAOYSA-N,inchi
147-93-3(2),CASRN,NBOMNTLFRHMDEZ-UHFFFAOYSA-N,inchi
"147-94-4(4), 69-74-9(2)",CASRN,UHDGCWIWMRVCDJ-UHFFFAOYSA-N,inchi
1470-57-1(2),CASRN,OQERFUGURPLBQH-UHFFFAOYSA-N,inchi
1470-79-7(4),CASRN,OKJFKPFBSPZTAH-UHFFFAOYSA-N,inchi
1470-79-7(6),CASRN,OKJFKPFBSPZTAH-UHFFFAOYSA-N,inchi
147059-75-4(2),CASRN,WVPSKSLAZQPAKQ-UHFFFAOYSA-N,inchi
147098-20-2(2),CASRN,BPRHUIZQVSMCRT-MDZDMXLPSA-N,inchi
14721-76-7(2),CASRN,YAUZNKLMKRQDAM-UHFFFAOYSA-O,inchi
1473-95-6(2),CASRN,JEFVHLMGRUJLET-UHFFFAOYSA-N,inchi
1474-53-9(2),CASRN,UHQGCIIQUZBJAE-UHFFFAOYSA-N,inchi
147526-32-7(2),CASRN,VGYFMXBACGZSIL-VAWYXSNFSA-N,inchi
147536-97-8(2),CASRN,GJPICJJJRGTNOD-UHFFFAOYSA-N,inchi
1476-53-5(2),CASRN,NCRNFXDIIHROHW-UHFFFAOYSA-N,inchi
14765-30-1(2),CASRN,RQXTZKGDMNIWJF-UHFFFAOYSA-N,inchi
1477-42-5(2),CASRN,GRIATXVEXOFBGO-UHFFFAOYSA-N,inchi
1477-55-0(4),CASRN,FDLQZKYLHJJBHD-UHFFFAOYSA-N,inchi
1478-61-1(6),CASRN,ZFVMWEVVKGLCIJ-UHFFFAOYSA-N,inchi
147816-23-7(4),CASRN,WVPAABNYMHNFJG-SDQBBNPISA-N,inchi
148-01-6(4),CASRN,ZEFNOZRLAWVAQF-UHFFFAOYSA-N,inchi
"148-24-3(6), 134-31-6(2), 2439-7-8(2)",CASRN,MCJGNVYPOGVAJF-UHFFFAOYSA-N,inchi
148-79-8(6),CASRN,WJCNZQLZVWNLKY-UHFFFAOYSA-N,inchi
148-82-3(4),CASRN,SGDBTWWWUNNDEQ-UHFFFAOYSA-N,inchi
148-87-8(2),CASRN,WYRNRZQRKCXPLA-UHFFFAOYSA-N,inchi
1480-19-9(2),CASRN,IRYFCWPNDIUQOW-UHFFFAOYSA-N,inchi
148016-81-3(2),CASRN,AVAACINZEOAHHE-UHFFFAOYSA-N,inchi
148081-72-5(2),CASRN,ATMNQRRJNBCQJO-UHFFFAOYSA-N,inchi
14814-09-6(2),CASRN,DCQBZYNUSLHVJC-UHFFFAOYSA-N,inchi
14816-18-3(4),CASRN,ATROHALUCMTWTB-WYMLVPIESA-N,inchi
14838-45-0(2),CASRN,XKFIQZCHJUUSBA-UHFFFAOYSA-N,inchi
1484-84-0(2),CASRN,PTHDBHDZSMGHKF-UHFFFAOYSA-N,inchi
148477-71-8(2),CASRN,OYNVHVAEOLJJPV-UHFFFAOYSA-N,inchi
148553-50-8(2),CASRN,AYXYPKUFHZROOJ-UHFFFAOYSA-N,inchi
14866-33-2(2),CASRN,CHYBTAZWINMGHA-UHFFFAOYSA-N,inchi
148849-67-6(2),CASRN,ACRHBAYQBXXRTO-UHFFFAOYSA-N,inchi
14885-29-1(2),CASRN,NTAFJUSDNOSFFY-UHFFFAOYSA-N,inchi
14897-39-3(4),CASRN,HJYYPODYNSCCOU-AEZIOYLSSA-N,inchi
149-16-6(2),CASRN,HQFWVSGBVLEQGA-UHFFFAOYSA-N,inchi
"149-30-4(4), 2492-26-4(2)",CASRN,YXIWHUQXZSMYRE-UHFFFAOYSA-N,inchi
149-32-6(2),CASRN,UNXHWFMMPAWVPI-UHFFFAOYSA-N,inchi
149-45-1(2),CASRN,XXAXVMUWHZHZMJ-UHFFFAOYSA-N,inchi
"149-57-5(4), 3164-85-0(2), 136-51-6(2), 2457-1-4(2)",CASRN,OBETXYAYXDNJHR-UHFFFAOYSA-N,inchi
149-64-4(2),CASRN,YBCNXCRZPWQOBR-UHFFFAOYSA-N,inchi
149-73-5(2),CASRN,PYOKUURKVVELLB-UHFFFAOYSA-N,inchi
149-91-7(4),CASRN,LNTHITQWFMADLM-UHFFFAOYSA-N,inchi
149062-75-9(2),CASRN,WTPSHLVHJOJDIF-UHFFFAOYSA-N,inchi
1491-59-4(2),CASRN,WYWIFABBXFUGLM-UHFFFAOYSA-N,inchi
14919-77-8(2),CASRN,BNQDCRGUHNALGH-UHFFFAOYSA-N,inchi
1492-02-0(2),CASRN,NMWQEPCLNXHPDX-UHFFFAOYSA-N,inchi
1493-13-6(2),CASRN,ITMCEJHCFYSIIV-UHFFFAOYSA-N,inchi
14933-08-5(2),CASRN,IZWSFJTYBVKZNK-UHFFFAOYSA-O,inchi
"14938-35-3(2), 65916-15-6(1)",CASRN,ZNPSUQQXTRRSBM-UHFFFAOYSA-N,inchi
149413-74-1(2),CASRN,PSILZZNMGXTOOP-UHFFFAOYSA-N,inchi
14952-06-8(2),CASRN,ZWNPUELCBZVMDA-CMDGGOBGSA-N,inchi
149647-78-9(4),CASRN,WAEXFXRVDQXREF-UHFFFAOYSA-N,inchi
1497-49-0(2),CASRN,OYTZUGLPJZKBKS-CSRPTTBYSA-N,inchi
14970-87-7(2),CASRN,HCZMHWVFVZAHCR-UHFFFAOYSA-N,inchi
14976-57-9(2),CASRN,YNNUSGIPVFPVBX-UHFFFAOYSA-N,inchi
14979-39-6(2),CASRN,BKQICAFAUMRYLZ-UHFFFAOYSA-N,inchi
1498-51-7(4),CASRN,YZBOZNXACBQJHI-UHFFFAOYSA-N,inchi
149838-23-3(2),CASRN,FIITXXIVUIXYMI-UHFFFAOYSA-N,inchi
14984-68-0(2),CASRN,FLNXBVJLPJNOSI-UHFFFAOYSA-N,inchi
149845-06-7(4),CASRN,QWAXKHKRTORLEM-UHFFFAOYSA-N,inchi
149845-07-8(2),CASRN,DKJJVAGXPKPDRL-UHFFFAOYSA-N,inchi
149877-41-8(2),CASRN,VHLKTXFWDRXILV-UHFFFAOYSA-N,inchi
1499-55-4(2),CASRN,ZGEYCCHDTIDZAE-UHFFFAOYSA-N,inchi
14992-59-7(4),CASRN,WBEBQCINXJDZCX-UHFFFAOYSA-N,inchi
149979-41-9(2),CASRN,LHTJZXMWYGUVJS-BMVIKAAMSA-N,inchi
150-13-0(6),CASRN,ALYNCZNDIQEVRV-UHFFFAOYSA-N,inchi
150-30-1(2),CASRN,COLNVLDHVKWLRT-UHFFFAOYSA-N,inchi
150-68-5(4),CASRN,BMLIZLVNXIYGCK-UHFFFAOYSA-N,inchi
150-69-6(2),CASRN,GGLIEWRLXDLBBF-UHFFFAOYSA-N,inchi
150-76-5(6),CASRN,NWVVVBRKAWDGAB-UHFFFAOYSA-N,inchi
150-78-7(4),CASRN,OHBQPCCCRFSCAX-UHFFFAOYSA-N,inchi
1501-27-5(2),CASRN,IBMRTYCHDPMBFN-UHFFFAOYSA-N,inchi
1501-84-4(2),CASRN,UBCHPRBFMUDMNC-UHFFFAOYSA-N,inchi
150375-75-0(2),CASRN,CEBYCSRFKCEUSW-UHFFFAOYSA-N,inchi
150399-23-8(2),CASRN,WBXPDJSOTKVWSJ-UHFFFAOYSA-N,inchi
15046-75-0(2),CASRN,LBLYYCQCTBFVLH-UHFFFAOYSA-N,inchi
150683-30-0(2),CASRN,GYHCTFXIZSNGJT-UHFFFAOYSA-N,inchi
1508-65-2(2),CASRN,XIQVNETUBQGFHX-UHFFFAOYSA-N,inchi
1508-75-4(2),CASRN,BGDKAVGWHJFAGW-UHFFFAOYSA-N,inchi
1508-76-5(2),CASRN,WYDUSKDSKCASEF-UHFFFAOYSA-N,inchi
150824-47-8(2),CASRN,VLLBCTKFTIILHS-QBFSEMIESA-N,inchi
15086-94-9(2),CASRN,DBZJJPROPLPMSN-UHFFFAOYSA-N,inchi
150915-40-5(2),CASRN,COKMIXFXJJXBQG-UHFFFAOYSA-N,inchi
151-05-3(2),CASRN,FLUWAIIVLCVEKF-UHFFFAOYSA-N,inchi
151-06-4(2),CASRN,ZCKAMNXUHHNZLN-UHFFFAOYSA-N,inchi
151-10-0(2),CASRN,DPZNOMCNRMUKPS-UHFFFAOYSA-N,inchi
151-67-7(4),CASRN,BCQZXOMGPXTTIC-UHFFFAOYSA-N,inchi
15121-84-3(2),CASRN,SLRIOXRBAPBGEI-UHFFFAOYSA-N,inchi
151319-34-5(2),CASRN,HUNXMJYCHXQEGX-UHFFFAOYSA-N,inchi
1515-72-6(2),CASRN,DLKDEVCJRCPTLN-UHFFFAOYSA-N,inchi
151506-44-4(2),CASRN,JJAPPCJXQFKMJL-UHFFFAOYSA-N,inchi
15176-29-1(2),CASRN,XACKNLSZYYIACO-UHFFFAOYSA-N,inchi
151767-02-1(2),CASRN,UCHDWCPVSPXUMX-XNTDXEJSSA-N,inchi
1518-83-8(2),CASRN,SNBKPVVDUBFDEJ-UHFFFAOYSA-N,inchi
15180-03-7(2),CASRN,MUQUYTSLDVKIOF-GHHIAEKQSA-N,inchi
152-02-3(2),CASRN,OZYUPQUCAUTOBP-UHFFFAOYSA-N,inchi
152-43-2(2),CASRN,PWZUUYSISTUNDW-UHFFFAOYSA-N,inchi
152-43-2(4),CASRN,PWZUUYSISTUNDW-UHFFFAOYSA-N,inchi
152-47-6(2),CASRN,KXRZBTAEDBELFD-UHFFFAOYSA-N,inchi
152-53-4(2),CASRN,QMNFFXRFOJIOKZ-UHFFFAOYSA-N,inchi
152-58-9(2),CASRN,WHBHBVVOGNECLV-UHFFFAOYSA-N,inchi
152-62-5(2),CASRN,JGMOKGBVKVMRFX-UHFFFAOYSA-N,inchi
152-72-7(2),CASRN,HJAWKNBVIUDPFZ-UHFFFAOYSA-N,inchi
152044-54-7(2),CASRN,QXRSDHAAWVKZLJ-LFIBNONCSA-N,inchi
"15214-89-8(4), 5165-97-9(2)",CASRN,XHZPRMZZQOIPDS-UHFFFAOYSA-N,inchi
1522-92-5(2),CASRN,QEJPOEGPNIVDMK-UHFFFAOYSA-N,inchi
15231-91-1(3),CASRN,YLDFTMJPQJXGSS-UHFFFAOYSA-N,inchi
15233-47-3(2),CASRN,JQTYAZKTBXWQOM-UHFFFAOYSA-N,inchi
1524-88-5(4),CASRN,POPFMWWJOGLOIF-UHFFFAOYSA-N,inchi
15262-86-9(2),CASRN,PPYHLSBUTAPNGT-UHFFFAOYSA-N,inchi
152751-57-0(2),CASRN,RIORGXRXGFFFHG-UHFFFAOYSA-N,inchi
152885-09-1(2),CASRN,NLPRAJRHRHZCQQ-UHFFFAOYSA-N,inchi
152946-68-4(2),CASRN,XHWRWCSCBDLOLM-UHFFFAOYSA-N,inchi
15299-99-7(4),CASRN,WXZVAROIGSFCFJ-UHFFFAOYSA-N,inchi
153-18-4(4),CASRN,IKGXIBQEEMLURG-UHFFFAOYSA-N,inchi
153-61-7(2),CASRN,XIURVHNZVLADCM-UHFFFAOYSA-N,inchi
153-78-6(2),CASRN,CFRFHWQYWJMEJN-UHFFFAOYSA-N,inchi
"153-94-6(4), 73-22-3(4), 54-12-6(2)",CASRN,QIVBCDIJIAJPQS-UHFFFAOYSA-N,inchi
15301-40-3(2),CASRN,YAMVZYRZAMBCED-UHFFFAOYSA-N,inchi
15302-18-8(2),CASRN,SGSYPSYCGPLSML-UHFFFAOYSA-N,inchi
15307-79-6(4),CASRN,DCOPUUMXTXDBNB-UHFFFAOYSA-N,inchi
153084-05-0(2),CASRN,FZFUUSROAHKTTF-UHFFFAOYSA-N,inchi
15310-01-7(2),CASRN,LJOZMWRYMKECFF-UHFFFAOYSA-N,inchi
15318-45-3(4),CASRN,OTVAEFIXJLOWRX-UHFFFAOYSA-N,inchi
153233-91-1(2),CASRN,IXSZQYVWNJNRAL-UHFFFAOYSA-N,inchi
153259-65-5(2),CASRN,CFBUZOUXXHZCFB-UHFFFAOYSA-N,inchi
15332-99-7(2),CASRN,GBFVZTUQONJGSL-UHFFFAOYSA-N,inchi
153439-40-8(2),CASRN,RWTNPBWLLIMQHL-UHFFFAOYSA-N,inchi
15345-89-8(2),CASRN,DKKJNZYHGRUXBS-BQYQJAHWSA-N,inchi
15351-13-0(2),CASRN,FUWFSXZKBMCSKF-UHFFFAOYSA-N,inchi
15362-40-0(2),CASRN,JCICIFOYVSPMHG-UHFFFAOYSA-N,inchi
153719-23-4(2),CASRN,NWWZPOKUUAIXIW-UHFFFAOYSA-N,inchi
15387-18-5(2),CASRN,SRANDCPSMJNFCK-WOJGMQOQSA-N,inchi
"154-41-6(2), 5433-3-4(2)",CASRN,DLNKOYKMWOXYQA-UHFFFAOYSA-N,inchi
154-87-0(2),CASRN,AYEKOFBPNLCAJY-UHFFFAOYSA-O,inchi
154-93-8(2),CASRN,DLGOEMSEDOSKAD-UHFFFAOYSA-N,inchi
1541-67-9(2),CASRN,NKFNBVMJTSYZDV-UHFFFAOYSA-N,inchi
1541-81-7(2),CASRN,ZRIILUSQBDFVNY-UHFFFAOYSA-N,inchi
15421-84-8(2),CASRN,GSNOZLZNQMLSKJ-UHFFFAOYSA-N,inchi
154229-18-2(2),CASRN,UVIQSJCZCSLXRZ-UHFFFAOYSA-N,inchi
154323-57-6(2),CASRN,WKEMJKQOLOHJLZ-UHFFFAOYSA-N,inchi
154361-50-9(2),CASRN,GAGWJHPBXLXJQN-UHFFFAOYSA-N,inchi
15457-05-3(2),CASRN,HHMCAJWVGYGUEF-UHFFFAOYSA-N,inchi
154598-52-4(2),CASRN,XPOQHMRABVBWPR-UHFFFAOYSA-N,inchi
15499-27-1(2),CASRN,SKNUPXIXICTRJE-UHFFFAOYSA-N,inchi
155-41-9(2),CASRN,LZCOQTDXKCNBEE-UHFFFAOYSA-N,inchi
15500-66-0(2),CASRN,GVEAYVLWDAFXET-UHFFFAOYSA-N,inchi
15518-87-3(2),CASRN,ZUEIVCHBEQAIAL-UHFFFAOYSA-N,inchi
1552-42-7(2),CASRN,IPAJDLMMTVZVPP-UHFFFAOYSA-N,inchi
15520-10-2(2),CASRN,JZUHIOJYCPIVLQ-UHFFFAOYSA-N,inchi
155213-67-5(4),CASRN,NCDNCNXCDXHOMX-UHFFFAOYSA-N,inchi
1553-34-0(2),CASRN,MJFJKKXQDNNUJF-UHFFFAOYSA-N,inchi
1553-60-2(2),CASRN,CYWFCPPBTWOZSF-UHFFFAOYSA-N,inchi
155569-91-8(2),CASRN,CXEGAUYXQAKHKJ-APFPJSSDSA-N,inchi
15574-49-9(2),CASRN,YTBNTDMBGXAOCG-UHFFFAOYSA-N,inchi
15574-96-6(2),CASRN,FIADGNVRKBPQEU-UHFFFAOYSA-N,inchi
1559-34-8(2),CASRN,MXVMODFDROLTFD-UHFFFAOYSA-N,inchi
1559-35-9(2),CASRN,OHJYHAOODFPJOD-UHFFFAOYSA-N,inchi
15599-52-7(2),CASRN,BNACJQWJZKPAPV-UHFFFAOYSA-N,inchi
155990-20-8(2),CASRN,GWLFIMOOGVXSMZ-UHFFFAOYSA-N,inchi
156-06-9(2),CASRN,BTNMPGBKDVTSJY-UHFFFAOYSA-N,inchi
156-43-4(4),CASRN,IMPPGHMHELILKG-UHFFFAOYSA-N,inchi
156-51-4(4),CASRN,RMUCZJUITONUFY-UHFFFAOYSA-N,inchi
"156-54-7(2), 107-92-6(4)",CASRN,FERIUCNNQQJTOY-UHFFFAOYSA-N,inchi
156-59-2(2),CASRN,KFUSEUYYWQURPO-UPHRSURJSA-N,inchi
156052-68-5(2),CASRN,SOUGWDPPRBKJEX-UHFFFAOYSA-N,inchi
1561-92-8(2),CASRN,XEEYSDHEOQHCDA-UHFFFAOYSA-N,inchi
156137-99-4(2),CASRN,HTIKWNNIPGXLGM-UHFFFAOYSA-N,inchi
15619-48-4(2),CASRN,VQGBPCIONNQYIL-UHFFFAOYSA-N,inchi
1562-00-1(2),CASRN,SUMDYPCJJOFFON-UHFFFAOYSA-N,inchi
1562-94-3(2),CASRN,KAEZRSFWWCTVNP-UHFFFAOYSA-N,inchi
15622-65-8(2),CASRN,KLPWJLBORRMFGK-UHFFFAOYSA-N,inchi
15625-89-5(4),CASRN,DAKWPKUUDNSNPN-UHFFFAOYSA-N,inchi
1563-38-8(4),CASRN,WJGPNUBJBMCRQH-UHFFFAOYSA-N,inchi
1563-66-2(4),CASRN,DUEPRVBVGDRKAG-UHFFFAOYSA-N,inchi
15639-50-6(2),CASRN,OTKJDMGTUTTYMP-UHFFFAOYSA-N,inchi
1564-64-3(2),CASRN,ZIRVQSRSPDUEOJ-UHFFFAOYSA-N,inchi
15646-46-5(2),CASRN,SJHPCNCNNSSLPL-NTMALXAHSA-N,inchi
156727-74-1(2),CASRN,KQWVAUSXZDRQPZ-UHFFFAOYSA-N,inchi
15686-71-2(2),CASRN,ZAIPMKNFIOOWCQ-UHFFFAOYSA-N,inchi
15686-72-3(2),CASRN,ZLWLKVQCHZSSEL-UHFFFAOYSA-N,inchi
15687-23-7(2),CASRN,OTEAKJIIJRDXBV-UHFFFAOYSA-N,inchi
"15687-27-1(6), 51146-56-6(2)",CASRN,HEFNNWSXXWATRW-UHFFFAOYSA-N,inchi
1569-01-3(4),CASRN,FENFUOGYJVOCRY-UHFFFAOYSA-N,inchi
1569-02-4(2),CASRN,JOLQKTGDSGKSKJ-UHFFFAOYSA-N,inchi
1569-69-3(2),CASRN,CMKBCTPCXZNQKX-UHFFFAOYSA-N,inchi
1570-64-5(4),CASRN,RHPUJHQBPORFGV-UHFFFAOYSA-N,inchi
15706-73-7(2),CASRN,OTKQNSSMCDLVQV-UHFFFAOYSA-N,inchi
15707-23-0(2),CASRN,LNIMMWYNSBZESE-UHFFFAOYSA-N,inchi
15707-24-1(2),CASRN,GZXXANJCCWGCSV-UHFFFAOYSA-N,inchi
1571-08-0(4),CASRN,FEIOASZZURHTHB-UHFFFAOYSA-N,inchi
1571-33-1(2),CASRN,QLZHNIAADXEJJP-UHFFFAOYSA-N,inchi
1572-52-7(2),CASRN,NGCJVMZXRCLPRQ-UHFFFAOYSA-N,inchi
15721-02-5(4),CASRN,UXOXUHMFQZEAFR-UHFFFAOYSA-N,inchi
15721-78-5(2),CASRN,GQBHYWDCHSZDQU-UHFFFAOYSA-N,inchi
1577-03-3(2),CASRN,LXJZYHPGRKBVGF-RMKNXTFCSA-N,inchi
157716-52-4(2),CASRN,SZFPYBIJACMNJV-UHFFFAOYSA-O,inchi
157810-81-6(4),CASRN,CBVCZFGXHXORBI-UHFFFAOYSA-N,inchi
15791-78-3(2),CASRN,VOCYGZAHYQXJOF-UHFFFAOYSA-N,inchi
158081-99-3(2),CASRN,KMNLXCBYBKHKSK-UHFFFAOYSA-N,inchi
1582-09-8(4),CASRN,ZSDSQXJSNMTJDA-UHFFFAOYSA-N,inchi
15826-37-6(4),CASRN,IMZMKUWMOSJXDT-UHFFFAOYSA-N,inchi
1585-07-5(2),CASRN,URFPRAHGGBYNPW-UHFFFAOYSA-N,inchi
"15879-93-3(6), 16376-36-6(2)",CASRN,OJYGBLRPYBAHRT-UHFFFAOYSA-N,inchi
158930-17-7(2),CASRN,XPSQPHWEGNHMSK-UHFFFAOYSA-N,inchi
15901-40-3(2),CASRN,HDNXAGOHLKHJOA-UHFFFAOYSA-N,inchi
15905-32-5(4),CASRN,OALHHIHQOFIMEF-UHFFFAOYSA-N,inchi
159138-81-5(2),CASRN,IWXNYAIICFKCTM-UHFFFAOYSA-N,inchi
15930-66-2(2),CASRN,RDCAZFAKCIEASQ-UHFFFAOYSA-N,inchi
159351-69-6(2),CASRN,HKVAMNSJSFKALM-PYJGUTGCSA-N,inchi
15950-66-0(2),CASRN,HSQFVBWFPBKHEB-UHFFFAOYSA-N,inchi
1596-84-5(4),CASRN,NOQGZXFMHARMLW-UHFFFAOYSA-N,inchi
1597-82-6(2),CASRN,HYRKAAMZBDSJFJ-UHFFFAOYSA-N,inchi
159701-44-7(2),CASRN,BKRGVLQUQGGVSM-UHFFFAOYSA-N,inchi
159989-65-8(4),CASRN,QAGYKUNXZHXKMR-UHFFFAOYSA-N,inchi
1603-41-4(2),CASRN,CMBSSVKZOPZBKW-UHFFFAOYSA-N,inchi
16034-77-8(2),CASRN,GSVQIUGOUKJHRC-UHFFFAOYSA-N,inchi
160415-07-6(2),CASRN,SEYCKMQSPUVYEF-UHFFFAOYSA-N,inchi
16045-92-4(2),CASRN,QEGKXSHUKXMDRW-UHFFFAOYSA-N,inchi
16051-77-7(2),CASRN,YWXYYJSYQOXTPL-UHFFFAOYSA-N,inchi
1606-85-5(2),CASRN,IXAWTPMDMPUGLV-UHFFFAOYSA-N,inchi
"16066-35-6(2), 15763-76-5(2)",CASRN,CVLHGLWXLDOELD-UHFFFAOYSA-N,inchi
16079-88-2(2),CASRN,PIEXCQIOSMOEOU-UHFFFAOYSA-N,inchi
1610-17-9(2),CASRN,PXWUKZGIHQRDHL-UHFFFAOYSA-N,inchi
1610-18-0(4),CASRN,ISEUFVQQFVOBCY-UHFFFAOYSA-N,inchi
161050-58-4(2),CASRN,QCAWEPFNJXQPAN-UHFFFAOYSA-N,inchi
16118-49-3(2),CASRN,AMRQXHFXNZFDCH-UHFFFAOYSA-N,inchi
16142-27-1(2),CASRN,XZYRDNUZENBYFI-UHFFFAOYSA-N,inchi
161605-73-8(2),CASRN,WZMQMKNCWDCCMT-UHFFFAOYSA-N,inchi
1617-90-9(4),CASRN,RXPRRQLKFXBCSJ-UHFFFAOYSA-N,inchi
161735-79-1(2),CASRN,RUOKEQAAGRXIBM-UHFFFAOYSA-N,inchi
161814-49-9(2),CASRN,YMARZQAQMVYCKC-UHFFFAOYSA-N,inchi
1619-16-5(2),CASRN,XJNQXTISSHEQKD-UXBLZVDNSA-N,inchi
161967-81-3(2),CASRN,AIJTTZAVMXIJGM-UHFFFAOYSA-N,inchi
1620-21-9(2),CASRN,WFNAKBGANONZEQ-UHFFFAOYSA-N,inchi
162011-90-7(2),CASRN,RZJQGNCSTQAWON-UHFFFAOYSA-N,inchi
16215-21-7(2),CASRN,MGFFVSDRCRVHLC-UHFFFAOYSA-N,inchi
16219-75-3(4),CASRN,OJOWICOBYCXEKR-KRXBUXKQSA-N,inchi
1623-08-1(2),CASRN,HDFFVHSMHLDSLO-UHFFFAOYSA-N,inchi
162408-66-4(2),CASRN,JARNORYOPMINDY-UHFFFAOYSA-N,inchi
1625-91-8(2),CASRN,CDKCEZNPAYWORX-UHFFFAOYSA-N,inchi
16251-77-7(2),CASRN,MYHGOWDLVRDUFA-UHFFFAOYSA-N,inchi
162706-14-1(2),CASRN,MYDPDVXVDQMNLD-UHFFFAOYSA-N,inchi
162881-26-7(2),CASRN,GUCYFKSBFREPBC-UHFFFAOYSA-N,inchi
1629-58-9(2),CASRN,JLIDVCMBCGBIEY-UHFFFAOYSA-N,inchi
163000-63-3(2),CASRN,VCRGLZYPNNAVRP-UHFFFAOYSA-N,inchi
"1632-73-1(2), 2217-2-9(2)",CASRN,IAIHUHQCLTYTSF-UHFFFAOYSA-N,inchi
16320-04-0(2),CASRN,BJJXHLWLUDYTGC-UHFFFAOYSA-N,inchi
163222-33-1(2),CASRN,OLNTVTPDXPETLC-UHFFFAOYSA-N,inchi
16323-43-6(2),CASRN,AAFXQFIGKBLKMC-KQQUZDAGSA-N,inchi
1633-05-2(2),CASRN,BVKZGUZCCUSVTD-UHFFFAOYSA-N,inchi
1634-02-2(2),CASRN,PGAXJQVAHDTGBB-UHFFFAOYSA-N,inchi
1634-04-4(2),CASRN,BZLVMXJERCGZMT-UHFFFAOYSA-N,inchi
1634-78-2(4),CASRN,WSORODGWGUUOBO-UHFFFAOYSA-N,inchi
163520-33-0(2),CASRN,MWKVXOJATACCCH-UHFFFAOYSA-N,inchi
1638-22-8(2),CASRN,CYYZDBDROVLTJU-UHFFFAOYSA-N,inchi
1640-39-7(2),CASRN,FLHJIAFUWHPJRT-UHFFFAOYSA-N,inchi
1641-17-4(4),CASRN,MJVGBKJNTFCUJM-UHFFFAOYSA-N,inchi
1641-74-3(2),CASRN,JVWOCHRRAWHKLT-UHFFFAOYSA-N,inchi
1642-54-2(2),CASRN,RCKMWOKWVGPNJF-UHFFFAOYSA-N,inchi
16423-68-0(4),CASRN,LAINPTZBIXYTIZ-UHFFFAOYSA-N,inchi
1643-19-2(2),CASRN,DZLFLBLQUQXARW-UHFFFAOYSA-N,inchi
16452-01-0(2),CASRN,ONADZNBSLRAJFW-UHFFFAOYSA-N,inchi
1646-75-9(2),CASRN,YKGXIGMQHJBDGN-UHFFFAOYSA-N,inchi
1646-87-3(4),CASRN,BXPMAGSOWXBZHS-WEVVVXLNSA-N,inchi
1646-88-4(4),CASRN,YRRKLBAKDXSTNC-WEVVVXLNSA-N,inchi
164656-23-9(2),CASRN,JWJOTENAMICLJG-UHFFFAOYSA-N,inchi
1647-16-1(2),CASRN,NLDGJRWPPOSWLC-UHFFFAOYSA-N,inchi
16488-48-5(2),CASRN,JQMCLLAJJLVYOC-UHFFFAOYSA-N,inchi
16489-90-0(2),CASRN,YLDDCEXDGNXCIO-UHFFFAOYSA-N,inchi
1649-18-9(2),CASRN,XTKDAFGWCDAMPY-UHFFFAOYSA-N,inchi
16491-24-0(2),CASRN,CVYBRMSQMLJGOI-YTXTXJHMSA-N,inchi
16506-27-7(2),CASRN,YTKUWDBFDASYHO-UHFFFAOYSA-N,inchi
165108-07-6(2),CASRN,RKAFWVUVRIKUSX-ULGXCXONSA-N,inchi
165252-70-0(2),CASRN,YKBZOVFACRVRJN-UHFFFAOYSA-N,inchi
16543-10-5(2),CASRN,PMHFLBQRALFMRT-UHFFFAOYSA-N,inchi
165800-03-3(2),CASRN,TYZROVQLWOKYKF-UHFFFAOYSA-N,inchi
16587-71-6(2),CASRN,DCSKAMGZSIRJAQ-UHFFFAOYSA-N,inchi
16588-34-4(2),CASRN,HETBKLHJEWXWBM-UHFFFAOYSA-N,inchi
16590-41-3(2),CASRN,DQCKKXVULJGBQN-UHFFFAOYSA-N,inchi
16595-80-5(2),CASRN,HLFSDGLLUJUHTE-UHFFFAOYSA-N,inchi
1660-95-3(2),CASRN,ODTQUKVFOLFLIQ-UHFFFAOYSA-N,inchi
1663-39-4(2),CASRN,ISXSCDLOGDJUNJ-UHFFFAOYSA-N,inchi
166412-78-8(2),CASRN,HORIEOQXBKUKGQ-UHFFFAOYSA-N,inchi
1665-48-1(2),CASRN,IMWZZHHPURKASS-UHFFFAOYSA-N,inchi
16662-46-7(2),CASRN,XQLWNAFCTODIRK-UHFFFAOYSA-N,inchi
16669-59-3(2),CASRN,KCTMTGOHHMRJHZ-UHFFFAOYSA-N,inchi
16672-87-0(4),CASRN,UDPGUMQDCGORJQ-UHFFFAOYSA-N,inchi
1668-54-8(2),CASRN,NXFQWRWXEYTOTK-UHFFFAOYSA-N,inchi
16691-43-3(2),CASRN,WZUUZPAYWFIBDF-UHFFFAOYSA-N,inchi
1670-14-0(2),CASRN,PXXJHWLDUBFPOL-UHFFFAOYSA-N,inchi
1671-75-6(2),CASRN,UXMQORVHJMUQFD-UHFFFAOYSA-N,inchi
16712-64-4(2),CASRN,KAUQJMHLAFIZDU-UHFFFAOYSA-N,inchi
16728-49-7(2),CASRN,JUBCYGQFVNMTIM-UHFFFAOYSA-N,inchi
16752-77-5(2),CASRN,UHXUZOCRWCRNSJ-DAXSKMNVSA-N,inchi
16773-42-5(2),CASRN,IPWKIXLWTCNBKN-UHFFFAOYSA-N,inchi
16777-42-7(2),CASRN,GDYUVHBMFVMBAF-UHFFFAOYSA-N,inchi
"167820-10-2(2), 150408-73-4(2)",CASRN,WKJDXKWFGJWGAS-UHFFFAOYSA-N,inchi
1679-07-8(2),CASRN,WVDYBOADDMMFIY-UHFFFAOYSA-N,inchi
1679-51-2(2),CASRN,VEIYJWQZNGASMA-UHFFFAOYSA-N,inchi
1679-64-7(2),CASRN,REIDAMBAPLIATC-UHFFFAOYSA-N,inchi
16816-67-4(2),CASRN,DJWYOLJPSHDSAL-UHFFFAOYSA-N,inchi
168273-06-1(2),CASRN,JZCPYUJPEARBJL-UHFFFAOYSA-N,inchi
16846-24-5(2),CASRN,XJSFLOJWULLJQS-OBURPCBNSA-N,inchi
16852-81-6(2),CASRN,AHKAOMZZTQULDS-UHFFFAOYSA-N,inchi
16870-37-4(2),CASRN,CAVZBWFUMSXZFB-UHFFFAOYSA-N,inchi
1689-64-1(1),CASRN,AFMVESZOYKHDBJ-UHFFFAOYSA-N,inchi
1689-82-3(2),CASRN,BEYOBVMPDRKTNR-BUHFOSPRSA-N,inchi
1689-83-4(2),CASRN,NRXQIUSYPAHGNM-UHFFFAOYSA-N,inchi
1689-84-5(4),CASRN,UPMXNNIRAGDFEH-UHFFFAOYSA-N,inchi
1689-99-2(2),CASRN,DQKWXTIYGWPGOO-UHFFFAOYSA-N,inchi
16915-70-1(2),CASRN,XXUXXCZCUGIGPP-WLRTZDKTSA-N,inchi
169293-50-9(2),CASRN,KOHIRBRYDXPAMZ-UHFFFAOYSA-N,inchi
1693-37-4(2),CASRN,SSMYTAQHMUHRSK-UHFFFAOYSA-N,inchi
1694-31-1(2),CASRN,JKUYRAMKJLMYLO-UHFFFAOYSA-N,inchi
169590-41-4(2),CASRN,WAZQAZKAZLXFMK-UHFFFAOYSA-N,inchi
16969-10-1(2),CASRN,HHQAGBQXOWLTLL-UHFFFAOYSA-N,inchi
1698-60-8(2),CASRN,KPDZMYAYZCKXQP-UHFFFAOYSA-N,inchi
1701-77-5(2),CASRN,DIWVBIXQCNRCFE-UHFFFAOYSA-N,inchi
17026-81-2(2),CASRN,XTXFAVHDQCHWCS-UHFFFAOYSA-N,inchi
1703-58-8(4),CASRN,GGAUUQHSCNMCAU-UHFFFAOYSA-N,inchi
170364-57-5(2),CASRN,AXRCEOKUDYDWLF-UHFFFAOYSA-N,inchi
1704-62-7(2),CASRN,YSAANLSYLSUVHB-UHFFFAOYSA-N,inchi
17040-19-6(2),CASRN,PZIRJMYRYORVIT-UHFFFAOYSA-N,inchi
1707-14-8(2),CASRN,OOBHFESNSZDWIU-UHFFFAOYSA-N,inchi
1707-15-9(2),CASRN,WWCIFIOLOMCRET-UHFFFAOYSA-N,inchi
170729-80-3(2),CASRN,RRFQFDMDZFLXRY-UHFFFAOYSA-N,inchi
17097-76-6(2),CASRN,SBBDHANTMHIRGW-UHFFFAOYSA-N,inchi
17102-64-6(2),CASRN,MEIRRNXMZYDVDW-MQQKCMAXSA-N,inchi
171228-49-2(2),CASRN,RAGOYPUPXAKGKH-UHFFFAOYSA-N,inchi
1713-15-1(2),CASRN,GPSGZZSRFJXXBA-UHFFFAOYSA-N,inchi
17135-78-3(2),CASRN,OWFINXQLBMJDJQ-UHFFFAOYSA-N,inchi
1715-30-6(2),CASRN,LFVVNPBBFUSSHL-UHFFFAOYSA-N,inchi
1715-40-8(4),CASRN,DAASOABUJRMZAD-UHFFFAOYSA-N,inchi
171596-29-5(2),CASRN,WOXKDUGGOYFFRN-UHFFFAOYSA-N,inchi
171599-83-0(2),CASRN,BNRNXUUZRGQAQC-UHFFFAOYSA-N,inchi
1716-12-7(2),CASRN,OBKXEAXTFZPCHS-UHFFFAOYSA-N,inchi
171866-31-2(2),CASRN,JGYVZUCCBOVDJE-UHFFFAOYSA-N,inchi
171869-95-7(2),CASRN,QUCQEUCGKKTEBI-UHFFFAOYSA-N,inchi
17209-72-2(2),CASRN,ZSIRWYMANRZZPE-UHFFFAOYSA-N,inchi
1722-62-9(2),CASRN,INWLQCZOYSRPNW-UHFFFAOYSA-N,inchi
17230-88-5(4),CASRN,POZRVZJJTULAOH-UHFFFAOYSA-N,inchi
1724-39-6(4),CASRN,SFVWPXMPRCIVOK-UHFFFAOYSA-N,inchi
17252-51-6(2),CASRN,OGNCVVRIKNGJHQ-UHFFFAOYSA-N,inchi
17279-39-9(2),CASRN,OBDSVYOSYSKVMX-UHFFFAOYSA-N,inchi
1728-46-7(2),CASRN,ZRYDPLOWJSFQAE-UHFFFAOYSA-N,inchi
17283-81-7(2),CASRN,QJJDNZGPQDGNDX-UHFFFAOYSA-N,inchi
17289-49-5(2),CASRN,NKDJNEGDJVXHKM-UHFFFAOYSA-N,inchi
1729-67-5(2),CASRN,ROXQOUUAPQUMLN-UHFFFAOYSA-N,inchi
17316-67-5(2),CASRN,WCXWARPXYQCRPP-UHFFFAOYSA-N,inchi
1732-10-1(2),CASRN,DRUKNYVQGHETPO-UHFFFAOYSA-N,inchi
173399-03-6(2),CASRN,UXOWGYHJODZGMF-UHFFFAOYSA-N,inchi
17351-75-6(2),CASRN,DQNSRQYYCSXZDF-UHFFFAOYSA-N,inchi
173584-44-6(2),CASRN,VBCVPMMZEGZULK-UHFFFAOYSA-N,inchi
17369-59-4(2),CASRN,NGSZDVVHIGAMOJ-BJMVGYQFSA-N,inchi
17372-87-1(4),CASRN,AZXGXVQWEUFULR-UHFFFAOYSA-N,inchi
17376-04-4(2),CASRN,KVTHPKXDLVYNCH-UHFFFAOYSA-N,inchi
1738-25-6(4),CASRN,MTPJEFOSTIKRSS-UHFFFAOYSA-N,inchi
17411-19-7(2),CASRN,CYJQCYXRNNCURD-UHFFFAOYSA-N,inchi
174185-16-1(2),CASRN,GCAOVMKRBUCSET-UHFFFAOYSA-N,inchi
1742-14-9(2),CASRN,NCSVCMFDHINRJE-UHFFFAOYSA-N,inchi
1744-22-5(2),CASRN,FTALBRSUTCGOEG-UHFFFAOYSA-N,inchi
174484-41-4(2),CASRN,MYXACKZCYFKMTE-UHFFFAOYSA-N,inchi
1745-81-9(2),CASRN,QIRNGVVZBINFMX-UHFFFAOYSA-N,inchi
1746-01-6(2),CASRN,HGUFODBRKLSHSI-UHFFFAOYSA-N,inchi
1746-23-2(2),CASRN,QEDJMOONZLUIMC-UHFFFAOYSA-N,inchi
1746-81-2(2),CASRN,LKJPSUCKSLORMF-UHFFFAOYSA-N,inchi
1747-60-0(4),CASRN,KZHGPDSVHSDCMX-UHFFFAOYSA-N,inchi
17479-19-5(4),CASRN,DEQITUUQPICUMR-UHFFFAOYSA-N,inchi
175013-18-0(2),CASRN,HZRSNVGNWUDEFX-UHFFFAOYSA-N,inchi
17506-66-0(2),CASRN,XCWPUUGSGHNIDZ-UHFFFAOYSA-N,inchi
1752-24-5(1),CASRN,YRUPBAWWCPVHFT-UHFFFAOYSA-N,inchi
17526-94-2(2),CASRN,KDQTUCKOAOGTLT-UHFFFAOYSA-N,inchi
1754-62-7(2),CASRN,CCRCUPLGCSFEDV-BQYQJAHWSA-N,inchi
17540-75-9(2),CASRN,BFZOTKYPSZSDEV-UHFFFAOYSA-N,inchi
17560-51-9(4),CASRN,AQCHWTWZEMGIFD-UHFFFAOYSA-N,inchi
17564-64-6(2),CASRN,JKGLRGGCGUQNEX-UHFFFAOYSA-N,inchi
17575-20-1(2),CASRN,YFGQJKBUXPKSAW-UHFFFAOYSA-N,inchi
17575-21-2(2),CASRN,XVAPNQFQPDAROQ-UHFFFAOYSA-N,inchi
17575-22-3(2),CASRN,JAYAGJDXJIDEKI-UHFFFAOYSA-N,inchi
1758-73-2(2),CASRN,FYOWZTWVYZOZSI-UHFFFAOYSA-N,inchi
175865-59-5(2),CASRN,WPVFJKSGQUFQAP-UHFFFAOYSA-N,inchi
17598-65-1(2),CASRN,OBATZBGFDSVCJD-UHFFFAOYSA-N,inchi
1760-24-3(4),CASRN,PHQOGHDTIVQXHL-UHFFFAOYSA-N,inchi
1761-71-3(2),CASRN,DZIHTWJGPDVSGE-UHFFFAOYSA-N,inchi
17617-23-1(2),CASRN,SAADBVWGJQAEFS-UHFFFAOYSA-N,inchi
"1762-95-4(2), 540-72-7(4), 333-20-0(2)",CASRN,ZMZDMBWJUHKJPS-UHFFFAOYSA-N,inchi
"1763-23-1(2), 2795-39-3(2), 29457-72-5(2)",CASRN,YFSUTJLHUFNCNZ-UHFFFAOYSA-N,inchi
1766-91-2(2),CASRN,AKHXXQAIVSMYIS-UHFFFAOYSA-N,inchi
17689-77-9(4),CASRN,KXJLGCBCRCSXQF-UHFFFAOYSA-N,inchi
17692-31-8(2),CASRN,PTVWPYVOOKLBCG-UHFFFAOYSA-N,inchi
17692-39-6(2),CASRN,CVHGCWVMTZWGAY-UHFFFAOYSA-N,inchi
17692-43-2(2),CASRN,KCASCYQNVLPVDP-UHFFFAOYSA-N,inchi
17692-51-2(2),CASRN,WZHJKEUHNJHDLS-UHFFFAOYSA-N,inchi
17692-71-6(2),CASRN,WQYRHRAZNNRDIA-UHFFFAOYSA-N,inchi
17696-61-6(4),CASRN,ZUOTXZHOGPQFIU-UHFFFAOYSA-N,inchi
17696-62-7(4),CASRN,GJLNWLVPAHNBQN-UHFFFAOYSA-N,inchi
17700-09-3(2),CASRN,BGKIECJVXXHLDP-UHFFFAOYSA-N,inchi
177036-94-1(2),CASRN,OUJTZYPIHDYQMC-UHFFFAOYSA-N,inchi
1772-25-4(2),CASRN,LNLFLMCWDHZINJ-UHFFFAOYSA-N,inchi
17737-65-4(2),CASRN,CLOMYZFHNHFSIQ-UHFFFAOYSA-N,inchi
17766-26-6(2),CASRN,WZRRRFSJFQTGGB-UHFFFAOYSA-N,inchi
1777-82-8(4),CASRN,DBHODFSFBXJZNY-UHFFFAOYSA-N,inchi
177785-47-6(2),CASRN,FUSYFEXGXRDJNB-UHFFFAOYSA-N,inchi
1778-02-5(2),CASRN,CRRKVZVYZQXICQ-UHFFFAOYSA-N,inchi
17780-75-5(2),CASRN,BTFHLQRNAMSNLC-UHFFFAOYSA-N,inchi
17781-31-6(2),CASRN,NBNTWDUNCHRWMT-UHFFFAOYSA-N,inchi
1779-48-2(2),CASRN,MLCHBQKMVKNBOV-UHFFFAOYSA-N,inchi
17796-82-6(4),CASRN,UEZWYKZHXASYJN-UHFFFAOYSA-N,inchi
17804-35-2(4),CASRN,RIOXQFHNBCKOKP-UHFFFAOYSA-N,inchi
178175-60-5(2),CASRN,LLPOLZWFYMWNKH-UHFFFAOYSA-N,inchi
1783-96-6(2),CASRN,CKLJMWTZIZZHCS-UHFFFAOYSA-N,inchi
17831-71-9(4),CASRN,HCLJOFJIQIJXHS-UHFFFAOYSA-N,inchi
17832-28-9(2),CASRN,HMBNQNDUEFFFNZ-UHFFFAOYSA-N,inchi
1786-81-8(2),CASRN,MVFGUOIZUNYYSO-UHFFFAOYSA-N,inchi
178600-17-4(2),CASRN,SRBPKVWITYPHQR-UHFFFAOYSA-N,inchi
179113-91-8(2),CASRN,YLEARPUNMCCKMP-DOFZRALJSA-N,inchi
1792-17-2(2),CASRN,AQSQFWLMFCKKMG-UHFFFAOYSA-N,inchi
17924-92-4(4),CASRN,MBMQEIFVQACCCH-XVNBXDOJSA-N,inchi
179324-69-7(4),CASRN,GXJABQQUPOEUTA-UHFFFAOYSA-N,inchi
17945-05-0(2),CASRN,MVUXVDIFQSGECB-UHFFFAOYSA-N,inchi
179465-71-5(2),CASRN,CJFQUWMJNVTKDJ-UHFFFAOYSA-N,inchi
17969-20-9(2),CASRN,APBSKHYXXKHJFK-UHFFFAOYSA-N,inchi
17980-47-1(2),CASRN,ALVYUZIFSCKIFP-UHFFFAOYSA-N,inchi
180-84-7(2),CASRN,GBBVHDGKDQAEOT-UHFFFAOYSA-N,inchi
180064-38-4(2),CASRN,VMMKGHQPQIEGSQ-UHFFFAOYSA-N,inchi
180084-01-9(2),CASRN,WXAKEEQOWUHGCI-UHFFFAOYSA-N,inchi
18031-40-8(2),CASRN,RUMOYJJNUMEFDD-UHFFFAOYSA-N,inchi
18039-42-4(2),CASRN,MARUHZGHZWCEQU-UHFFFAOYSA-N,inchi
18046-21-4(6),CASRN,JIEKMACRVQTPRC-UHFFFAOYSA-N,inchi
180468-39-7(2),CASRN,FBOUYBDGKBSUES-UHFFFAOYSA-N,inchi
1806-26-4(2),CASRN,NTDQQZYCCIDJRK-UHFFFAOYSA-N,inchi
18069-17-5(2),CASRN,AQYCMVICBNBXNA-UHFFFAOYSA-N,inchi
1809-19-4(4),CASRN,NFJPGAKRJKLOJK-UHFFFAOYSA-N,inchi
"180916-16-9(2), (1)",CASRN,GXESHMAMLJKROZ-UHFFFAOYSA-N,inchi
"180916-16-9(3), (3)",CASRN,GXESHMAMLJKROZ-UHFFFAOYSA-N,inchi
18109-81-4(2),CASRN,DDVUMDPCZWBYRA-UHFFFAOYSA-N,inchi
"1811-28-5(2), 952-23-8(2)",CASRN,WDVSHHCDHLJJJR-UHFFFAOYSA-N,inchi
1811-31-0(4),CASRN,MBLBDJOUHNCFQT-UHFFFAOYSA-N,inchi
18127-01-0(2),CASRN,FZJUFJKVIYFBSY-UHFFFAOYSA-N,inchi
181274-15-7(2),CASRN,JTHMVYBOQLDDIY-UHFFFAOYSA-N,inchi
181274-17-9(2),CASRN,GINFBXXYGUODAT-UHFFFAOYSA-N,inchi
181640-09-5(2),CASRN,QNLIUVLFRVYNCV-UHFFFAOYSA-N,inchi
181695-72-7(2),CASRN,LNPDTQAFDNKSHK-UHFFFAOYSA-N,inchi
1817-73-8(2),CASRN,KWMDHCLJYMVBNS-UHFFFAOYSA-N,inchi
"18172-67-3(2), 127-91-3(2)",CASRN,WTARULDDTDQWMU-UHFFFAOYSA-N,inchi
1821-02-9(2),CASRN,KDVFRMMRZOCFLS-UHFFFAOYSA-N,inchi
1823-31-0(2),CASRN,XIAHSJTUQAWUAW-UHFFFAOYSA-N,inchi
1823-59-2(2),CASRN,QQGYZOYWNCKGEK-UHFFFAOYSA-N,inchi
1824-50-6(2),CASRN,BWSSMIJUDVUASQ-UHFFFAOYSA-N,inchi
1824-58-4(2),CASRN,VXLCNTLWWUDBSO-UHFFFAOYSA-N,inchi
1824-81-3(2),CASRN,QUXLCYFNVNNRBE-UHFFFAOYSA-N,inchi
1825-19-0(2),CASRN,LGZZJTIUEJNNKV-UHFFFAOYSA-N,inchi
1825-21-4(4),CASRN,BBABSCYTNHOKOG-UHFFFAOYSA-N,inchi
18268-70-7(2),CASRN,GYHPTPQZVBYHLC-UHFFFAOYSA-N,inchi
182959-33-7(2),CASRN,XNDCPFTULXRWQH-HNENSFHCSA-N,inchi
18328-90-0(4),CASRN,AXTLFVLHXSDZOW-UHFFFAOYSA-N,inchi
183321-74-6(2),CASRN,AAKJLRGGTJKAMG-UHFFFAOYSA-N,inchi
18339-16-7(2),CASRN,HFVMLYAGWXSTQI-UHFFFAOYSA-N,inchi
1836-75-5(4),CASRN,XITQUSLLOSKDTB-UHFFFAOYSA-N,inchi
1836-77-7(1),CASRN,XQNAUQUKWRBODG-UHFFFAOYSA-N,inchi
"183814-30-4(2), 43229-80-7(2)",CASRN,BPZSYCZIITTYBL-UHFFFAOYSA-N,inchi
1841-19-6(2),CASRN,QOYHHIBFXOOADH-UHFFFAOYSA-N,inchi
1843-05-6(6),CASRN,QUAMTGJKVDWJEQ-UHFFFAOYSA-N,inchi
18436-37-8(2),CASRN,IBVDLVUXSDSVQF-UHFFFAOYSA-N,inchi
184475-35-2(2),CASRN,XGALLCVXEZPNRQ-UHFFFAOYSA-N,inchi
184653-84-7(2),CASRN,RCLXAPJEFHPYEG-UHFFFAOYSA-N,inchi
"1847-24-1(2), 34214-51-2(2)",CASRN,UIOFUWFRIANQPC-UHFFFAOYSA-N,inchi
18479-51-1(2),CASRN,JRTBBCBDKSRRCY-UHFFFAOYSA-N,inchi
18479-57-7(2),CASRN,WRFXXJKURVTLSY-UHFFFAOYSA-N,inchi
18480-53-0(2),CASRN,HQZKNCJWLIWCSV-UHFFFAOYSA-N,inchi
18493-30-6(2),CASRN,HVAKUYCEWDPRCA-IZZDOVSWSA-N,inchi
18507-89-6(2),CASRN,JHAYEQICABJSTP-UHFFFAOYSA-N,inchi
1852-04-6(2),CASRN,LWBHHRRTOZQPDM-UHFFFAOYSA-N,inchi
1852-16-0(4),CASRN,UTSYWKJYFPPRAP-UHFFFAOYSA-N,inchi
185517-21-9(2),CASRN,YCYMCMYLORLIJX-UHFFFAOYSA-N,inchi
18556-44-0(4),CASRN,JXLYSJRDGCGARV-UHFFFAOYSA-N,inchi
18559-59-6(2),CASRN,RGVPOXRFEPSFGH-UHFFFAOYSA-N,inchi
18559-94-9(4),CASRN,NDAUXUAQIAJITI-UHFFFAOYSA-N,inchi
18598-63-5(2),CASRN,MCYHPZGUONZRGO-UHFFFAOYSA-N,inchi
1861-32-1(4),CASRN,NPOJQCVWMSKXDN-UHFFFAOYSA-N,inchi
1861-40-1(4),CASRN,SMDHCQAYESWHAE-UHFFFAOYSA-N,inchi
186392-65-4(2),CASRN,GVDRRZOORHCTAN-UHFFFAOYSA-N,inchi
18640-74-9(2),CASRN,CMPVUVUNJQERIT-UHFFFAOYSA-N,inchi
18656-38-7(2),CASRN,CITHEXJVPOWHKC-UHFFFAOYSA-O,inchi
186692-46-6(2),CASRN,BTIHMVBBUGXLCJ-UHFFFAOYSA-N,inchi
1867-65-8(2),CASRN,JUZZEWSCNBCFRL-UHFFFAOYSA-N,inchi
"186826-86-8(2), 192927-63-2(2)",CASRN,FABPRXSRWADJSP-UHFFFAOYSA-N,inchi
18691-97-9(2),CASRN,RRVIAQKBTUQODI-UHFFFAOYSA-N,inchi
18694-40-1(2),CASRN,RHAXSHUQNIEUEY-UHFFFAOYSA-N,inchi
18699-02-0(4),CASRN,MROJXXOCABQVEF-UHFFFAOYSA-N,inchi
18708-70-8(2),CASRN,AEBJDOTVYMITIA-UHFFFAOYSA-N,inchi
187164-19-8(6),CASRN,YTAOBBFIOAEMLL-WYMLVPIESA-N,inchi
187269-40-5(2),CASRN,RYWCQJDEHXJHRI-UHFFFAOYSA-N,inchi
"1873-88-7(2), 9004-73-3(2)",CASRN,QNWOFLWXQGHSRH-UHFFFAOYSA-N,inchi
1878-49-5(2),CASRN,QJVXBRUGKLCUMY-UHFFFAOYSA-N,inchi
1882-26-4(2),CASRN,YEKQSSHBERGOJK-UHFFFAOYSA-N,inchi
18829-56-6(2),CASRN,BSAIUMLZVGUGKX-BQYQJAHWSA-N,inchi
1883-78-9(2),CASRN,WCHRNAKORAINOJ-UHFFFAOYSA-N,inchi
18835-02-4(2),CASRN,NKGFIBABDQHCHZ-UHFFFAOYSA-N,inchi
188425-85-6(2),CASRN,WYEMLYFITZORAB-UHFFFAOYSA-N,inchi
188489-07-8(2),CASRN,DNUAYCRATWAJQE-UHFFFAOYSA-N,inchi
18854-01-8(2),CASRN,SDMSCIWHRZJSRN-UHFFFAOYSA-N,inchi
188627-80-7(2),CASRN,CZKPOZZJODAYPZ-UHFFFAOYSA-N,inchi
18883-66-4(6),CASRN,ZSJLQEPLLKMAKR-UHFFFAOYSA-N,inchi
189003-92-7(2),CASRN,JDLYOFUDIKMYBL-UHFFFAOYSA-N,inchi
1892-29-1(2),CASRN,KYNFOMQIXZUKRK-UHFFFAOYSA-N,inchi
1892-80-4(2),CASRN,NMCHYWGKBADVMK-UHFFFAOYSA-N,inchi
18924-66-8(2),CASRN,CPHJEACXPATRSU-UHFFFAOYSA-N,inchi
"1896-62-4(2), 122-57-6(4)",CASRN,BWHOZHOGCMHOBV-BQYQJAHWSA-N,inchi
1897-45-6(4),CASRN,CRQQGFGUEAVUIL-UHFFFAOYSA-N,inchi
1897-52-5(2),CASRN,BNBRIFIJRKJGEI-UHFFFAOYSA-N,inchi
19044-88-3(2),CASRN,UNAHYJYOSSSJHH-UHFFFAOYSA-N,inchi
1907-65-9(2),CASRN,RQUXYBHREKXNKT-UHFFFAOYSA-N,inchi
191-24-2(2),CASRN,GYFAGKUZYNFMBN-UHFFFAOYSA-N,inchi
1910-42-5(1),CASRN,INFDPOAKFNIJBF-UHFFFAOYSA-N,inchi
1910-68-5(2),CASRN,DLGSOJOOYHWROO-XYOKQWHBSA-N,inchi
191114-48-4(4),CASRN,LJVAJPDWBABPEJ-UHFFFAOYSA-N,inchi
1912-24-9(4),CASRN,MXWJVTOOROXGIU-UHFFFAOYSA-N,inchi
1917-15-3(4),CASRN,OVOCLWJUABOAPL-UHFFFAOYSA-N,inchi
191732-72-6(2),CASRN,GOTYRUGSSMKFNF-UHFFFAOYSA-N,inchi
1918-00-9(4),CASRN,IWEDIXLBFLAXBO-UHFFFAOYSA-N,inchi
1918-11-2(2),CASRN,PNRAZZZISDRWMV-UHFFFAOYSA-N,inchi
1918-13-4(2),CASRN,KGKGSIUWJCAFPX-UHFFFAOYSA-N,inchi
1918-16-7(4),CASRN,MFOUDYKPLGXPGO-UHFFFAOYSA-N,inchi
1918-18-9(2),CASRN,WOZQBERUBLYCEG-UHFFFAOYSA-N,inchi
1918-2-1(6),CASRN,NQQVFXUMIDALNH-UHFFFAOYSA-N,inchi
192-97-2(4),CASRN,TXVHTIQJNYSSKO-UHFFFAOYSA-N,inchi
19216-56-9(2),CASRN,IENZQIKPVFGBNW-UHFFFAOYSA-N,inchi
19224-26-1(2),CASRN,UMVMVEZHMZTUHD-UHFFFAOYSA-N,inchi
19248-13-6(4),CASRN,FTMVEUXYYDLYFH-UHFFFAOYSA-N,inchi
192725-17-0(2),CASRN,KJHKTHWMRKYKJE-UHFFFAOYSA-N,inchi
1928-38-7(2),CASRN,HWIGZMADSFQMOI-UHFFFAOYSA-N,inchi
1928-47-8(2),CASRN,MNELUOHPQMJXGU-UHFFFAOYSA-N,inchi
1929-73-3(2),CASRN,ZMWGIGHRZQTQRE-UHFFFAOYSA-N,inchi
1929-77-7(2),CASRN,OKUGPJPKMAEJOE-UHFFFAOYSA-N,inchi
1929-82-4(4),CASRN,DCUJJWWUNKIJPH-UHFFFAOYSA-N,inchi
192939-46-1(2),CASRN,PHHNNZUSQYTFFE-UHFFFAOYSA-N,inchi
19322-27-1(2),CASRN,OGRDTBANIMAEAO-UHFFFAOYSA-N,inchi
1934-21-0(6),CASRN,RFKITWRHKUYMRJ-ZCXUNETKSA-N,inchi
1934-71-0(2),CASRN,RGZGRPPQZUQUCR-UHFFFAOYSA-N,inchi
1934-75-4(2),CASRN,QWJNFFYFEKXZBF-UHFFFAOYSA-N,inchi
19355-69-2(2),CASRN,JQULXIOYDDCNGR-UHFFFAOYSA-N,inchi
19356-17-3(2),CASRN,JWUBBDSIWDLEOM-DWKIUPLPSA-N,inchi
1936-15-8(4),CASRN,MPVDXIMFBOLMNW-ISLYRVAYSA-N,inchi
19368-18-4(2),CASRN,LLECMGGNFBKPRH-UHFFFAOYSA-N,inchi
1937-37-7(2),CASRN,ATFARZXNCCWOKJ-MGDYUOCISA-N,inchi
19387-91-8(2),CASRN,HJLSLZFTEKNLFI-UHFFFAOYSA-N,inchi
19406-86-1(2),CASRN,VYBKAZXQKUFAHG-UHFFFAOYSA-N,inchi
19408-46-9(2),CASRN,PVTHJAPFENJVNC-UHFFFAOYSA-N,inchi
194098-25-4(2),CASRN,XFJIYNUISLDNLP-UHFFFAOYSA-N,inchi
1941-30-6(2),CASRN,OSBSFAARYOCBHB-UHFFFAOYSA-N,inchi
1943-97-1(2),CASRN,WWCSTJWKTAXUGJ-UHFFFAOYSA-N,inchi
19438-61-0(4),CASRN,ZOXBWJMCXHTKNU-UHFFFAOYSA-N,inchi
1944-12-3(2),CASRN,LSLYOANBFKQKPT-UHFFFAOYSA-N,inchi
"19455-21-1(2), 109-52-4(6)",CASRN,NQPDZGIKBAWPEJ-UHFFFAOYSA-N,inchi
194798-83-9(2),CASRN,GHJWNRRCRIGGIO-UHFFFAOYSA-N,inchi
1948-33-0(8),CASRN,BGNXCDMCOKJUMV-UHFFFAOYSA-N,inchi
1949-20-8(2),CASRN,IDCHQQSVJAAUQQ-UHFFFAOYSA-N,inchi
"1951-25-3(2), 19774-82-4(4)",CASRN,IYIKLHRQXLHMJQ-UHFFFAOYSA-N,inchi
19525-59-8(2),CASRN,NPKSPKHJBVJUKB-UHFFFAOYSA-N,inchi
1953-2-2(2),CASRN,YTGJWQPHMWSCST-UHFFFAOYSA-N,inchi
1954-79-6(2),CASRN,BULMIDNYAWYAMZ-UHFFFAOYSA-N,inchi
19562-30-2(2),CASRN,RCIMBBZXSXFZBV-UHFFFAOYSA-N,inchi
1961-77-9(2),CASRN,VUHJZBBCZGVNDZ-UHFFFAOYSA-N,inchi
1965-09-9(2),CASRN,NZGQHKSLKRFZFL-UHFFFAOYSA-N,inchi
196597-26-9(2),CASRN,YLXDSYKOBKBWJQ-UHFFFAOYSA-N,inchi
19666-30-9(4),CASRN,CHNUNORXWHYHNE-UHFFFAOYSA-N,inchi
196808-45-4(2),CASRN,ZZCHHVUQYRMYLW-UHFFFAOYSA-N,inchi
197077-55-7(2),CASRN,IEMAQDHGZOPMNI-UHFFFAOYSA-N,inchi
19719-28-9(2),CASRN,GXMWLJKTGBZMBH-UHFFFAOYSA-N,inchi
1975-50-4(2),CASRN,YPQAFWHSMWWPLX-UHFFFAOYSA-N,inchi
1975-78-6(2),CASRN,HBZDPWBWBJMYRY-UHFFFAOYSA-N,inchi
19767-45-4(4),CASRN,ZNEWHQLOPFWXOF-UHFFFAOYSA-N,inchi
1977-11-3(2),CASRN,PWRPUAKXMQAFCJ-UHFFFAOYSA-N,inchi
19780-11-1(4),CASRN,UYCICMIUKYEYEU-ZHACJKMWSA-N,inchi
19819-98-8(2),CASRN,RUGISKODRCWQNE-UHFFFAOYSA-N,inchi
1982-47-4(2),CASRN,IVUXTESCPZUGJC-UHFFFAOYSA-N,inchi
1982-49-6(2),CASRN,JXVIIQLNUPXOII-UHFFFAOYSA-N,inchi
1984-15-2(2),CASRN,MBKDYNNUVRNNRF-UHFFFAOYSA-N,inchi
1984-58-3(2),CASRN,QKMNFFSBZRGHDJ-UHFFFAOYSA-N,inchi
198470-85-8(2),CASRN,TZRHLKRLEZJVIJ-UHFFFAOYSA-N,inchi
198480-55-6(1),CASRN,JICOGKJOQXTAIP-UHFFFAOYSA-N,inchi
"198481-33-3(2), 198481-32-2(1)",CASRN,UCJGJABZCDBEDK-UHFFFAOYSA-N,inchi
1985-51-9(2),CASRN,ULQMPOIOSDXIGC-UHFFFAOYSA-N,inchi
1986-47-6(2),CASRN,AELCINSCMGFISI-UHFFFAOYSA-N,inchi
1987-50-4(2),CASRN,KNDDEFBFJLKPFE-UHFFFAOYSA-N,inchi
19881-18-6(2),CASRN,SVMGVZLUIWGYPH-UHFFFAOYSA-N,inchi
198904-31-3(2),CASRN,AXRYRYVKAWYZBR-UHFFFAOYSA-N,inchi
199119-58-9(2),CASRN,AIMMSOZBPYFASU-UHFFFAOYSA-N,inchi
199171-88-5(2),CASRN,PRUGWHGQBHEDAX-UHFFFAOYSA-N,inchi
19932-84-4(2),CASRN,MATCZHXABVLZIE-UHFFFAOYSA-N,inchi
19952-47-7(2),CASRN,OEQQFQXMCPMEIH-UHFFFAOYSA-N,inchi
199584-38-8(2),CASRN,AJULSUVNFQEPHC-UHFFFAOYSA-N,inchi
19982-08-2(2),CASRN,BUGYDGFZZOZRHP-UHFFFAOYSA-N,inchi
20004-62-0(2),CASRN,ABLACSIRCKEUOB-UHFFFAOYSA-N,inchi
2001-81-2(2),CASRN,GDMZQNKKYVYOBJ-UHFFFAOYSA-N,inchi
2002-29-1(2),CASRN,JWRMHDSINXPDHB-UHFFFAOYSA-N,inchi
200707-85-3(2),CASRN,LVJDQBJDVOYDLA-UHFFFAOYSA-N,inchi
2008-41-5(2),CASRN,BMTAFVWTTFSTOG-UHFFFAOYSA-N,inchi
2008-58-4(2),CASRN,JHSPCUHPSIUQRB-UHFFFAOYSA-N,inchi
2009-83-8(2),CASRN,JNTPTNNCGDAGEJ-UHFFFAOYSA-N,inchi
200940-23-4(2),CASRN,ZETBBVYSBABLHL-UHFFFAOYSA-N,inchi
20098-14-0(2),CASRN,TZBDEVBNMSLVKT-UHFFFAOYSA-N,inchi
20098-48-0(2),CASRN,HHLCSFGOTLUREE-UHFFFAOYSA-N,inchi
2011-67-8(2),CASRN,GWUSZQUVEVMBPI-UHFFFAOYSA-N,inchi
201530-41-8(2),CASRN,BOFQWVMAQOTZIW-UHFFFAOYSA-N,inchi
2016-57-1(4),CASRN,MHZGKXUYDGKKIU-UHFFFAOYSA-N,inchi
201677-61-4(2),CASRN,BTGNGJJLZOIYID-UHFFFAOYSA-N,inchi
2020-25-9(2),CASRN,YXYXRFVXKCHITA-UHFFFAOYSA-N,inchi
2021-28-5(2),CASRN,JAGZUIGGHGTFHO-UHFFFAOYSA-N,inchi
202138-50-9(4),CASRN,JFVZFKDSXNQEJW-UHFFFAOYSA-N,inchi
2022-85-7(2),CASRN,KXZWTXSSTDYZED-UHFFFAOYSA-N,inchi
"20224-45-7(2), 22328-94-5(2)",CASRN,KQPKPCNLIDLUMF-UHFFFAOYSA-N,inchi
20229-30-5(2),CASRN,RLJFTICUTYVZDG-UHFFFAOYSA-N,inchi
202409-33-4(2),CASRN,MNJVRJDLRVPLFE-UHFFFAOYSA-N,inchi
2026-24-6(2),CASRN,JVVXZOOGOGPDRZ-UHFFFAOYSA-N,inchi
"20265-97-8(4), 104-94-9(4)",CASRN,BHAAPTBBJKJZER-UHFFFAOYSA-N,inchi
203-64-5(2),CASRN,RKZDZWJDQTZDLD-UHFFFAOYSA-N,inchi
2030-63-9(2),CASRN,XQWCPFSQCDCOFD-WJLKRXAZSA-N,inchi
2031-67-6(2),CASRN,CPUDPFPXCZDNGI-UHFFFAOYSA-N,inchi
2032-59-9(2),CASRN,IMIDOCRTMDIQIJ-UHFFFAOYSA-N,inchi
203313-25-1(2),CASRN,CLSVJBIHYWPGQY-UHFFFAOYSA-N,inchi
2037-95-8(2),CASRN,OAYRYNVEFFWSHK-UHFFFAOYSA-N,inchi
2038-3-1(2),CASRN,RWIVICVCHVMHMU-UHFFFAOYSA-N,inchi
203866-13-1(2),CASRN,YGWZXQOYEBWUTH-UHFFFAOYSA-N,inchi
2039-76-1(2),CASRN,JKVNPRNAHRHQDD-UHFFFAOYSA-N,inchi
203942-49-8(2),CASRN,WRDGCEJTVASZOY-UHFFFAOYSA-N,inchi
2040-10-0(2),CASRN,JNHLHPMTMTYLCP-UHFFFAOYSA-N,inchi
204005-46-9(2),CASRN,WUWDLXZGHZSWQZ-WQLSENKSSA-N,inchi
2043-55-2(2),CASRN,CXHFIVFPHDGZIS-UHFFFAOYSA-N,inchi
2043-57-4(2),CASRN,NVVZEKTVIXIUKW-UHFFFAOYSA-N,inchi
2044-64-6(4),CASRN,YPEWWOUWRRQBAX-UHFFFAOYSA-N,inchi
20445-94-7(2),CASRN,HOMONHWYLOPSLL-UHFFFAOYSA-N,inchi
204519-65-3(2),CASRN,ZRCVYEYHRGVLOC-HYARGMPZSA-N,inchi
205-99-2(4),CASRN,FTOVXSOBNPWTSH-UHFFFAOYSA-N,inchi
2050-43-3(2),CASRN,PJEIIBXJUDOMAN-UHFFFAOYSA-N,inchi
2050-46-6(2),CASRN,QZYDOKBVZJLQCK-UHFFFAOYSA-N,inchi
2050-47-7(4),CASRN,YAWIAFUBXXPJMQ-UHFFFAOYSA-N,inchi
2050-60-4(2),CASRN,JKRZOJADNVOXPM-UHFFFAOYSA-N,inchi
2050-87-5(2),CASRN,UBAXRAHSPKWNCX-UHFFFAOYSA-N,inchi
2050-92-2(4),CASRN,JACMPVXHEARCBO-UHFFFAOYSA-N,inchi
2050-99-9(2),CASRN,JQCWLRHNAHIIGW-UHFFFAOYSA-N,inchi
2051-24-3(1),CASRN,ONXPZLFXDMAPRO-UHFFFAOYSA-N,inchi
2051-62-9(1),CASRN,FPWNLURCHDRMHC-UHFFFAOYSA-N,inchi
2052-15-5(2),CASRN,ISBWNEKJSSLXOD-UHFFFAOYSA-N,inchi
2052-7-5(2),CASRN,KTADSLDAUJLZGL-UHFFFAOYSA-N,inchi
20535-83-5(2),CASRN,BXJHWYVXLGLDMZ-UHFFFAOYSA-N,inchi
20537-88-6(2),CASRN,JKOQGQFVAUAYPM-UHFFFAOYSA-N,inchi
20554-84-1(2),CASRN,KTEXNACQROZXEV-UITAMQMPSA-N,inchi
20559-55-1(2),CASRN,RAOCRURYZCVHMG-UHFFFAOYSA-N,inchi
2057-49-0(2),CASRN,AQIIVEISJBBUCR-UHFFFAOYSA-N,inchi
20570-96-1(2),CASRN,NHOWLEZFTHYCTP-UHFFFAOYSA-N,inchi
"2058-46-0(6), 6153-64-6(4), 79-57-2(2)",CASRN,TUEWQXNXQFRUTK-UHFFFAOYSA-N,inchi
2058-52-8(2),CASRN,KAAZGXDPUNNEFN-UHFFFAOYSA-N,inchi
2058-94-8(2),CASRN,SIDINRCMMRKXGQ-UHFFFAOYSA-N,inchi
20594-83-6(2),CASRN,NETZHAKZCGBWSS-UHFFFAOYSA-N,inchi
206-44-0(4),CASRN,GVEPBJHOBDJJJI-UHFFFAOYSA-N,inchi
2062-77-3(2),CASRN,GPMXUUPHFNMNDH-UHFFFAOYSA-N,inchi
2062-78-4(4),CASRN,YVUQSNJEYSNKRX-UHFFFAOYSA-N,inchi
2062-84-2(2),CASRN,FEBOTPHFXYHVPL-UHFFFAOYSA-N,inchi
20636-48-0(1),CASRN,PITRRWWILGYENJ-UHFFFAOYSA-N,inchi
206361-99-1(2),CASRN,CJBJHOAVZSMMDJ-UHFFFAOYSA-N,inchi
20665-85-4(2),CASRN,BGKAKRUFBSTALK-UHFFFAOYSA-N,inchi
20684-06-4(2),CASRN,VVUYEFBRTFASAH-UHFFFAOYSA-N,inchi
207-08-9(2),CASRN,HAXBIWFMXWRORI-UHFFFAOYSA-N,inchi
20702-77-6(2),CASRN,ITVGXXMINPYUHD-UHFFFAOYSA-N,inchi
20711-10-8(2),CASRN,YJINQJFQLQIYHX-PLNGDYQASA-N,inchi
207233-91-8(2),CASRN,JLVSRWOIZZXQAD-UHFFFAOYSA-N,inchi
207386-92-3(2),CASRN,LGDFHDKSYGVKDC-UHFFFAOYSA-N,inchi
207572-66-5(2),CASRN,IWVRVEIKCBFZNF-UHFFFAOYSA-N,inchi
207736-05-8(2),CASRN,YDZPKVMVMXBCHP-UHFFFAOYSA-N,inchi
2078-54-8(6),CASRN,OLBCVFGFOZPWHH-UHFFFAOYSA-N,inchi
20780-48-7(2),CASRN,RBKRCARRXLFUGJ-UHFFFAOYSA-N,inchi
207801-27-2(2),CASRN,AADVZSXPNRLYLV-UHFFFAOYSA-N,inchi
207844-01-7(2),CASRN,WPGGHFDDFPHPOB-UHFFFAOYSA-N,inchi
208-96-8(4),CASRN,HXGDTGSAIMULJN-UHFFFAOYSA-N,inchi
"2081-8-5(2), 2081-08-5(2)",CASRN,HCNHNBLSNVSJTJ-UHFFFAOYSA-N,inchi
2082-81-7(2),CASRN,XOJWAAUYNWGQAU-UHFFFAOYSA-N,inchi
208993-54-8(2),CASRN,WDTAYDBPNYFWDR-UHFFFAOYSA-N,inchi
20917-49-1(4),CASRN,RCFKQVLHWYOSFF-UHFFFAOYSA-N,inchi
2094-98-6(2),CASRN,KYIKRXIYLAGAKQ-UHFFFAOYSA-N,inchi
2094-99-7(2),CASRN,ZVEMLYIXBCTVOF-UHFFFAOYSA-N,inchi
2095-3-6(4),CASRN,XUCHXOAWJMEFLF-UHFFFAOYSA-N,inchi
2098-66-0(2),CASRN,DUSHUSLJJMDGTE-UHFFFAOYSA-N,inchi
2100-42-7(2),CASRN,QMXZSRVFIWACJH-UHFFFAOYSA-N,inchi
2104-64-5(2),CASRN,AIGRXSNSLVJMEA-UHFFFAOYSA-N,inchi
2104-9-8(2),CASRN,RIKJWJIWXCUKQV-UHFFFAOYSA-N,inchi
2104-96-3(2),CASRN,NYQDCVLCJXRDSK-UHFFFAOYSA-N,inchi
"2105-43-3(2), 804-30-8(2)",CASRN,JTLXCMOFVBXEKD-FOWTUZBSSA-N,inchi
210631-68-8(2),CASRN,IYMLUHWAJFXAQP-UHFFFAOYSA-N,inchi
2107-76-8(2),CASRN,QNVWGEJMXOQQPM-UHFFFAOYSA-N,inchi
210826-40-7(2),CASRN,HUUSXLKCTQDPGL-UHFFFAOYSA-N,inchi
21087-64-9(4),CASRN,FOXFZRUHNHCZPX-UHFFFAOYSA-N,inchi
210880-92-5(2),CASRN,PGOOBECODWQEAB-UHFFFAOYSA-N,inchi
2110-18-1(2),CASRN,JJJPNTQYUJPWGQ-UHFFFAOYSA-N,inchi
2113-57-7(2),CASRN,USYQKCQEVBFJRP-UHFFFAOYSA-N,inchi
"2113-61-3(2), 92-67-1(2)",CASRN,DMVOXQPQNTYEKQ-UHFFFAOYSA-N,inchi
21145-77-7(2),CASRN,DNRJTBAOUJJKDY-UHFFFAOYSA-N,inchi
21187-98-4(2),CASRN,BOVGTQGAOIONJV-UHFFFAOYSA-N,inchi
"212141-54-3(2), 212141-51-0(2)",CASRN,YCOYDOIWSSHVCK-UHFFFAOYSA-N,inchi
21216-78-4(2),CASRN,QZAHRIYYSZDPIS-UHFFFAOYSA-N,inchi
2122-70-5(2),CASRN,XIDPSKQLXKCVQN-UHFFFAOYSA-N,inchi
2122-86-3(2),CASRN,OWDANLZJJOCPBK-UHFFFAOYSA-N,inchi
21221-18-1(2),CASRN,PPQZABOURJVKNI-UHFFFAOYSA-N,inchi
21245-01-2(2),CASRN,OFSAUHSCHWRZKM-UHFFFAOYSA-N,inchi
21245-02-3(6),CASRN,WYWZRNAHINYAEF-UHFFFAOYSA-N,inchi
21256-18-8(2),CASRN,OFPXSFXSNFPTHF-UHFFFAOYSA-N,inchi
212631-79-3(2),CASRN,GFMMXOIFOQCCGU-UHFFFAOYSA-N,inchi
21282-97-3(2),CASRN,IBDVWXAVKPRHCU-UHFFFAOYSA-N,inchi
21312-10-7(2),CASRN,GXPIUNZCALHVBA-UHFFFAOYSA-N,inchi
2135-17-3(2),CASRN,WXURHACBFYSXBI-UHFFFAOYSA-N,inchi
2139-47-1(2),CASRN,LIFIRICXLHLKFJ-CYVLTUHYSA-N,inchi
2140-46-7(2),CASRN,INBGSXNNRGWLJU-UHFFFAOYSA-N,inchi
21434-91-3(2),CASRN,MPTXLVRHYGBOQY-UHFFFAOYSA-N,inchi
2144-53-8(2),CASRN,CDXFIRXEAJABAZ-UHFFFAOYSA-N,inchi
214535-77-0(2),CASRN,UHBUSMAHWHZQKS-UHFFFAOYSA-N,inchi
21462-39-5(2),CASRN,KDLRVYVGXIQJDK-UHFFFAOYSA-N,inchi
215-58-7(2),CASRN,RAASUWZPTOJQAY-UHFFFAOYSA-N,inchi
2152-34-3(2),CASRN,NRNCYVBFPDDJNE-UHFFFAOYSA-N,inchi
215297-27-1(2),CASRN,NIBCDDKWFDEBEP-UHFFFAOYSA-N,inchi
21540-35-2(2),CASRN,MMCJEAKINANSOL-UHFFFAOYSA-N,inchi
2156-96-9(2),CASRN,FWLDHHJLVGRRHD-UHFFFAOYSA-N,inchi
21564-17-0(2),CASRN,TUBQDCKAWGHZPF-UHFFFAOYSA-N,inchi
21590-92-1(2),CASRN,ITIONVBQFUNVJV-UHFFFAOYSA-N,inchi
2160-93-2(2),CASRN,XHJGXOOOMKCJPP-UHFFFAOYSA-N,inchi
21609-90-5(2),CASRN,CVRALZAYCYJELZ-UHFFFAOYSA-N,inchi
21626-89-1(2),CASRN,CXSJGNHRBWJXEA-UHFFFAOYSA-N,inchi
2163-00-0(2),CASRN,OVISMSJCKCDOPU-UHFFFAOYSA-N,inchi
2163-42-0(2),CASRN,QWGRWMMWNDWRQN-UHFFFAOYSA-N,inchi
2164-17-2(4),CASRN,RZILCCPWPBTYDO-UHFFFAOYSA-N,inchi
2164-9-2(4),CASRN,VCBRBUKGTWLJOB-UHFFFAOYSA-N,inchi
2165-19-7(2),CASRN,HIUVKVDQFXDZHU-UHFFFAOYSA-N,inchi
21662-09-9(2),CASRN,CWRKZMLUDFBPAO-SREVYHEPSA-N,inchi
21664-09-5(1),CASRN,UMKXSOXZAXIOPJ-UHFFFAOYSA-N,inchi
21679-14-1(4),CASRN,HBUBKKRHXORPQB-UHFFFAOYSA-N,inchi
2169-64-4(2),CASRN,QQOBRRFOVWGIMD-UHFFFAOYSA-N,inchi
2169-75-7(2),CASRN,ZWPODSUQWXAZNC-UHFFFAOYSA-N,inchi
21721-92-6(2),CASRN,NMTBSNPBIGRZBL-UHFFFAOYSA-N,inchi
21722-83-8(2),CASRN,NOTFZGFABLVTIG-UHFFFAOYSA-N,inchi
21725-46-2(4),CASRN,MZZBPDKVEFVLFF-UHFFFAOYSA-N,inchi
2173-56-0(2),CASRN,FGPPDYNPZTUNIU-UHFFFAOYSA-N,inchi
21736-83-4(2),CASRN,UNFWWIHTNXNPBV-UHFFFAOYSA-N,inchi
21738-42-1(2),CASRN,XCGYUJZMCCFSRP-UHFFFAOYSA-N,inchi
2174-64-3(2),CASRN,HDVRLUFGYQYLFJ-UHFFFAOYSA-N,inchi
2176-62-7(4),CASRN,DNDPLEAVNVOOQZ-UHFFFAOYSA-N,inchi
2179-57-9(2),CASRN,PFRGXCVKLLPLIP-UHFFFAOYSA-N,inchi
2179-59-1(2),CASRN,FCSSPCOFDUKHPV-UHFFFAOYSA-N,inchi
218-01-9(2),CASRN,WDECIBYCCFPHNR-UHFFFAOYSA-N,inchi
2181-4-6(2),CASRN,PBKZPPIHUVSDNM-UHFFFAOYSA-N,inchi
218151-78-1(2),CASRN,MXLZUALXSYVAIV-UHFFFAOYSA-N,inchi
21829-25-4(4),CASRN,OSUCQKNXQBPLDG-UHFFFAOYSA-N,inchi
21834-92-4(2),CASRN,YURDCJXYOLERLO-LCYFTJDESA-N,inchi
21850-44-2(2),CASRN,LXIZRZRTWSDLKK-UHFFFAOYSA-N,inchi
218600-53-4(2),CASRN,WPTTVJLTNAWYAO-UHFFFAOYSA-N,inchi
21948-70-9(2),CASRN,KBPBOWBQRUXMFV-UHFFFAOYSA-N,inchi
219714-96-2(2),CASRN,SYJGKVOENHZYMQ-UHFFFAOYSA-N,inchi
219790-72-4(2),CASRN,ZDKIAVFEUPUCMR-UHFFFAOYSA-N,inchi
219861-08-2(2),CASRN,WSEQXVZVJXJVFP-UHFFFAOYSA-N,inchi
219947-96-3(2),CASRN,MMJMYYUZGLJBST-UHFFFAOYSA-N,inchi
2201-39-0(2),CASRN,FYOWWXMGDATDQY-UHFFFAOYSA-N,inchi
220127-57-1(2),CASRN,KTUFNOKKBVMGRW-UHFFFAOYSA-N,inchi
22047-25-2(2),CASRN,DBZAKQWXICEWNW-UHFFFAOYSA-N,inchi
22047-49-0(2),CASRN,OPJWPPVYCOPDCM-UHFFFAOYSA-N,inchi
2206-89-5(2),CASRN,WHBAYNMEIXUTJV-UHFFFAOYSA-N,inchi
220620-09-7(2),CASRN,CGZOGNUFXMNYEI-UHFFFAOYSA-N,inchi
2207-75-2(2),CASRN,RYYCJUAHISIHTL-UHFFFAOYSA-N,inchi
22071-15-4(4),CASRN,DKYWVDODHFEZIM-UHFFFAOYSA-N,inchi
220860-50-4(2),CASRN,PCVPVCFOFVFDQX-UHFFFAOYSA-N,inchi
220991-20-8(2),CASRN,KHPKQFYUPIUARC-UHFFFAOYSA-N,inchi
2210-25-5(2),CASRN,QNILTEGFHQSKFF-UHFFFAOYSA-N,inchi
2210-77-7(2),CASRN,OYCGKECKIVYHTN-UHFFFAOYSA-N,inchi
2210-79-9(2),CASRN,KFUSXMDYOPXKKT-UHFFFAOYSA-N,inchi
22113-88-8(2),CASRN,WGYKZJWCGVVSQN-UHFFFAOYSA-N,inchi
2212-32-0(2),CASRN,LSYBWANTZYUTGJ-UHFFFAOYSA-N,inchi
2212-67-1(4),CASRN,DEDOPGXGGQYYMW-UHFFFAOYSA-N,inchi
221246-12-4(2),CASRN,YMGQBWRXNCAABF-UHFFFAOYSA-N,inchi
2213-63-0(2),CASRN,SPSSDDOTEZKOOV-UHFFFAOYSA-N,inchi
22131-79-9(2),CASRN,ARHWPKZXBHOEEE-UHFFFAOYSA-N,inchi
2219-82-1(2),CASRN,BKZXZGWHTRCFPX-UHFFFAOYSA-N,inchi
22195-34-2(2),CASRN,HPBNRIOWIXYZFK-UHFFFAOYSA-N,inchi
22204-91-7(2),CASRN,QDGIAPPCJRFVEK-UHFFFAOYSA-N,inchi
22224-92-6(2),CASRN,ZCJPOPBZHLUFHF-UHFFFAOYSA-N,inchi
22232-54-8(4),CASRN,CFOYWRHIYXMDOT-UHFFFAOYSA-N,inchi
2224-15-9(2),CASRN,AOBIOSPNXBMOAT-UHFFFAOYSA-N,inchi
"22248-79-9(2), 961-11-5(2)",CASRN,UBCKGWBNUIFUST-YHYXMXQVSA-N,inchi
2226-96-2(2),CASRN,CSGAUKGQUCHWDP-UHFFFAOYSA-N,inchi
2227-13-6(4),CASRN,QUWSDLYBOVGOCW-UHFFFAOYSA-N,inchi
2231-57-4(4),CASRN,LJTFFORYSFGNCT-UHFFFAOYSA-N,inchi
22316-47-8(2),CASRN,CXOXHMZGEKVPMT-UHFFFAOYSA-N,inchi
22345-47-7(2),CASRN,RUJBDQSFYCKFAA-UHFFFAOYSA-N,inchi
2235-00-9(2),CASRN,JWYVGKFDLWWQJX-UHFFFAOYSA-N,inchi
"2235-90-7(2), 118-68-3(2)",CASRN,ZXUMUPVQYAFTLF-UHFFFAOYSA-N,inchi
223652-90-2(2),CASRN,NJDRXTDGYFKORP-UHFFFAOYSA-N,inchi
22373-78-0(4),CASRN,GAOZTHIDHYLHMS-UHFFFAOYSA-N,inchi
223769-64-0(2),CASRN,TUESWZZJYCLFNL-DAFODLJHSA-N,inchi
2243-61-0(2),CASRN,OKBVMLGZPNDWJK-UHFFFAOYSA-N,inchi
2243-62-1(2),CASRN,KQSABULTKYLFEV-UHFFFAOYSA-N,inchi
22457-89-2(2),CASRN,BTNNPSLJPBRMLZ-GHRIWEEISA-N,inchi
22494-42-4(2),CASRN,HUPFGZXOMWLGNK-UHFFFAOYSA-N,inchi
22560-50-5(2),CASRN,ACSIXWWBWUQEHA-UHFFFAOYSA-N,inchi
2257-9-2(2),CASRN,IZJDOKYDEWTZSO-UHFFFAOYSA-N,inchi
2259-96-3(2),CASRN,BOCUKUHCLICSIY-UHFFFAOYSA-N,inchi
22591-21-5(2),CASRN,UDWZXMQIEHAAQT-UHFFFAOYSA-N,inchi
22629-49-8(2),CASRN,WKSPQBFDRTUGEF-VAWYXSNFSA-N,inchi
22661-76-3(2),CASRN,YOKPRDAUBGOISU-UHFFFAOYSA-N,inchi
22662-39-1(2),CASRN,NEMNPWINWMHUMR-UHFFFAOYSA-N,inchi
22664-55-7(2),CASRN,BQIPXWYNLPYNHW-UHFFFAOYSA-N,inchi
22668-01-5(2),CASRN,WCDWBPCFGJXFJZ-UHFFFAOYSA-N,inchi
226700-81-8(2),CASRN,MLBVMOWEQCZNCC-UHFFFAOYSA-N,inchi
22694-96-8(2),CASRN,YFSGRMONVCFYTC-UHFFFAOYSA-N,inchi
2270-60-2(2),CASRN,ZFLPOPCZMXGUOJ-UHFFFAOYSA-N,inchi
22733-60-4(2),CASRN,UGGAILYEBCSZIV-UHFFFAOYSA-N,inchi
2274-11-5(2),CASRN,KUDUQBURMYMBIJ-UHFFFAOYSA-N,inchi
2275-14-1(2),CASRN,GGNLTHFTYNDYNK-UHFFFAOYSA-N,inchi
22781-23-3(4),CASRN,XEGGRYVFLWGFHI-UHFFFAOYSA-N,inchi
22839-47-0(8),CASRN,IAOZJIPTCAWIRG-UHFFFAOYSA-N,inchi
22881-35-2(2),CASRN,GNUXVOXXWGNPIV-UHFFFAOYSA-N,inchi
22888-70-6(4),CASRN,SEBFKMXJBCUCAI-UHFFFAOYSA-N,inchi
22915-73-7(2),CASRN,TYTTZVDFWCBYPG-UHFFFAOYSA-N,inchi
22916-47-8(2),CASRN,BYBLEWFAAKGYCD-UHFFFAOYSA-N,inchi
22936-75-0(2),CASRN,IKYICRRUVNIHPP-UHFFFAOYSA-N,inchi
2295-58-1(2),CASRN,PTHLEKANMPKYDB-UHFFFAOYSA-N,inchi
22978-25-2(2),CASRN,DNTSIBUQMRRYIU-UHFFFAOYSA-N,inchi
22984-54-9(2),CASRN,OGZPYBBKQGPQNU-DABLZPOSSA-N,inchi
22987-10-6(2),CASRN,VGDKCRMZIWPMPW-UHFFFAOYSA-N,inchi
22994-85-0(2),CASRN,CULUWZNBISUWAS-UHFFFAOYSA-N,inchi
2303-16-4(2),CASRN,SPANOECCGNXGNR-UITAMQMPSA-N,inchi
2303-17-5(4),CASRN,MWBPRDONLNQCFV-UHFFFAOYSA-N,inchi
23031-32-5(2),CASRN,XWTYSIMOBUGWOL-UHFFFAOYSA-N,inchi
23031-36-9(2),CASRN,SMKRKQBMYOFFMU-UHFFFAOYSA-N,inchi
"2304-30-5(4), 3115-68-2(2)",CASRN,BJQWBACJIAKDTJ-UHFFFAOYSA-N,inchi
2305-5-7(2),CASRN,WGPCZPLRVAWXPW-UHFFFAOYSA-N,inchi
230954-09-3(2),CASRN,ZBRHTUMWSDPCMI-UHFFFAOYSA-N,inchi
2310-17-0(4),CASRN,IOUNQDKNJZEDEP-UHFFFAOYSA-N,inchi
23103-98-2(2),CASRN,YFGYUFNIOHWBOB-UHFFFAOYSA-N,inchi
23110-15-8(4),CASRN,NGGMYCMLYOUNGM-HCNIIHBUSA-N,inchi
2312-35-8(4),CASRN,ZYHMJXZULPZUED-UHFFFAOYSA-N,inchi
2312-73-4(2),CASRN,POFWRMVFWIJXHP-UHFFFAOYSA-N,inchi
231277-92-2(2),CASRN,BCFGMOOMADDAQU-UHFFFAOYSA-N,inchi
23135-22-0(4),CASRN,KZAUOCCYDRDERY-UITAMQMPSA-N,inchi
2315-68-6(4),CASRN,UDEWPOVQBGFNGE-UHFFFAOYSA-N,inchi
23152-29-6(2),CASRN,FEPMHVLSLDOMQC-UHFFFAOYSA-N,inchi
2318-25-4(2),CASRN,ZAKAONRTRWRIJT-UHFFFAOYSA-N,inchi
23182-46-9(2),CASRN,OHEDKBMQRCAABJ-UHFFFAOYSA-N,inchi
23184-66-9(2),CASRN,HKPHPIREJKHECO-UHFFFAOYSA-N,inchi
23210-56-2(2),CASRN,UYNVMODNBIQBMV-UHFFFAOYSA-N,inchi
23235-61-2(2),CASRN,WMYINDVYGQKYMI-UHFFFAOYSA-N,inchi
23239-51-2(2),CASRN,IOVGROKTTNBUGK-UHFFFAOYSA-N,inchi
23249-97-0(2),CASRN,XYWJNTOURDMTPI-UHFFFAOYSA-N,inchi
23255-99-4(2),CASRN,BYFMCKSPFYVMOU-UHFFFAOYSA-N,inchi
23256-30-6(2),CASRN,ARFHIAQFJWUCFH-UHFFFAOYSA-N,inchi
2327-2-8(2),CASRN,CYESCLHCWJKRKM-UHFFFAOYSA-N,inchi
23288-49-5(2),CASRN,FYPMFJGVHOHGLL-UHFFFAOYSA-N,inchi
23305-64-8(2),CASRN,KCBPVRDDYVJQHA-UHFFFAOYSA-N,inchi
23327-57-3(2),CASRN,RGPDEAGGEXEMMM-UHFFFAOYSA-N,inchi
2338-76-3(2),CASRN,JOIYKSLWXLFGGR-UHFFFAOYSA-N,inchi
23386-52-9(4),CASRN,QPSVFNQMURAADJ-UHFFFAOYSA-N,inchi
23422-53-9(2),CASRN,RMFNNCGOSPBBAD-UHFFFAOYSA-N,inchi
23432-62-4(2),CASRN,MVCSJYRFFFDKCX-UHFFFAOYSA-N,inchi
23465-76-1(2),CASRN,MSPRUJDUTKRMLM-UHFFFAOYSA-N,inchi
2347-80-0(2),CASRN,VZYCZNZBPPHOFY-UHFFFAOYSA-N,inchi
2349-7-7(2),CASRN,CYHBDKTZDLSRMY-UHFFFAOYSA-N,inchi
23495-12-7(2),CASRN,FKTSMIXZGPUSJB-UHFFFAOYSA-N,inchi
23505-41-1(2),CASRN,TZBPRYIIJAJUOY-UHFFFAOYSA-N,inchi
2353-33-5(2),CASRN,XAUDJQYHKZQPEU-UHFFFAOYSA-N,inchi
2353-45-9(2),CASRN,VVJKKKDJADMKNM-UHFFFAOYSA-O,inchi
23564-05-8(4),CASRN,QGHREAKMXXNCOA-UHFFFAOYSA-N,inchi
23564-06-9(2),CASRN,YFNCATAIYKQPOO-UHFFFAOYSA-N,inchi
2358-84-1(2),CASRN,XFCMNSHQOZQILR-UHFFFAOYSA-N,inchi
23593-75-1(4),CASRN,VNFPBHJOKIVQEB-UHFFFAOYSA-N,inchi
23597-82-2(2),CASRN,RVYGVBZGSFLJKH-UHFFFAOYSA-N,inchi
2363-58-8(2),CASRN,OBMLHUPNRURLOK-UHFFFAOYSA-N,inchi
23642-66-2(2),CASRN,CJAVTWRYCDNHSM-UHFFFAOYSA-N,inchi
2365-48-2(2),CASRN,MKIJJIMOAABWGF-UHFFFAOYSA-N,inchi
23651-95-8(2),CASRN,QXWYKJLNLSIPIN-UHFFFAOYSA-N,inchi
"23672-07-3(2), 15676-16-1(2)",CASRN,BGRJTUBHPOOWDU-UHFFFAOYSA-N,inchi
23674-86-4(2),CASRN,WYQPLTPSGFELIB-UHFFFAOYSA-N,inchi
23694-17-9(4),CASRN,UNRHXEPDKXPRTM-UHFFFAOYSA-N,inchi
23696-28-8(2),CASRN,TURHTASYUMWZCC-UHFFFAOYSA-N,inchi
2370-63-0(2),CASRN,SFPNZPQIIAJXGL-UHFFFAOYSA-N,inchi
23707-33-7(2),CASRN,OOEMZCZWZXHBKW-UHFFFAOYSA-N,inchi
23747-48-0(2),CASRN,YZEFQPIMXZVPKP-UHFFFAOYSA-N,inchi
2375-3-3(2),CASRN,IMBXEJJVJRTNOW-UHFFFAOYSA-N,inchi
23778-52-1(2),CASRN,SLNYBUIEAMRFSZ-UHFFFAOYSA-N,inchi
"23779-32-0(2), 116912-64-2(2)",CASRN,LVNLBBGBASVLLI-UHFFFAOYSA-N,inchi
23783-42-8(2),CASRN,ZNYRFEPBTVGZDN-UHFFFAOYSA-N,inchi
2381-21-7(2),CASRN,KBSPJIWZDWBDGM-UHFFFAOYSA-N,inchi
23828-92-4(2),CASRN,JBDGDEWWOUBZPM-UHFFFAOYSA-N,inchi
23847-08-7(2),CASRN,LGBYJXBCVZKJBL-UHFFFAOYSA-N,inchi
2385-85-5(2),CASRN,GVYLCNUFSHDAAW-UHFFFAOYSA-N,inchi
2386-60-9(2),CASRN,WEDIIKBPDQQQJU-UHFFFAOYSA-N,inchi
2386-87-0(4),CASRN,YXALYBMHAYZKAP-UHFFFAOYSA-N,inchi
2387-59-9(2),CASRN,GBFLZEXEOZUWRN-UHFFFAOYSA-N,inchi
2390-60-5(2),CASRN,ALMMLSQBERCMRB-UHFFFAOYSA-O,inchi
23906-97-0(2),CASRN,WFIYFFUAOQKJJS-UHFFFAOYSA-N,inchi
2391-3-9(2),CASRN,ZDIGNSYAACHWNL-UHFFFAOYSA-N,inchi
"2392-39-4(4), 151-73-5(2)",CASRN,VQODGRNSFPNSQE-UHFFFAOYSA-N,inchi
23930-19-0(2),CASRN,DUHUCHOQIDJXAT-UHFFFAOYSA-N,inchi
23930-37-2(2),CASRN,QRJOQYLXZPQQMX-UHFFFAOYSA-N,inchi
23947-60-6(2),CASRN,BBXXLROWFHWFQY-UHFFFAOYSA-N,inchi
23950-58-5(4),CASRN,PHNUZKMIPFFYSO-UHFFFAOYSA-N,inchi
2396-68-1(2),CASRN,GNXBFFHXJDZGEK-UHFFFAOYSA-N,inchi
23964-57-0(2),CASRN,QTGIAADRBBLJGA-UHFFFAOYSA-N,inchi
2398-37-0(2),CASRN,PLDWAJLZAAHOGG-UHFFFAOYSA-N,inchi
2398-81-4(2),CASRN,FJCFFCXMEXZEIM-UHFFFAOYSA-N,inchi
2398-96-1(4),CASRN,FUSNMLFNXJSCDI-UHFFFAOYSA-N,inchi
2399-48-6(2),CASRN,YNXCGLKMOXLBOD-UHFFFAOYSA-N,inchi
24017-47-8(2),CASRN,AMFGTOFWMRQMEM-UHFFFAOYSA-N,inchi
2402-79-1(2),CASRN,FATBKZJZAHWCSL-UHFFFAOYSA-N,inchi
2403-88-5(2),CASRN,VDVUCLWJZJHFAV-UHFFFAOYSA-N,inchi
2403-89-6(2),CASRN,NWHNXXMYEICZAT-UHFFFAOYSA-N,inchi
2404-44-6(2),CASRN,AAMHBRRZYSORSH-UHFFFAOYSA-N,inchi
2409-55-4(4),CASRN,IKEHOXWJQXIQAG-UHFFFAOYSA-N,inchi
24157-81-1(2),CASRN,GWLLTEXUIOFAFE-UHFFFAOYSA-N,inchi
2416-94-6(4),CASRN,QQOMQLYQAXGHSU-UHFFFAOYSA-N,inchi
24168-70-5(2),CASRN,QMQDJVIJVPEQHE-UHFFFAOYSA-N,inchi
24169-02-6(6),CASRN,LEZWWPYKPKIXLL-UHFFFAOYSA-N,inchi
2417-72-3(2),CASRN,NLWBJPPMPLPZIE-UHFFFAOYSA-N,inchi
2420-87-3(2),CASRN,WKDNYTOXBCRNPV-UHFFFAOYSA-N,inchi
2421-28-5(2),CASRN,VQVIHDPBMFABCQ-UHFFFAOYSA-N,inchi
24219-97-4(2),CASRN,UEQUQVLFIPOEMF-UHFFFAOYSA-N,inchi
2423-66-7(2),CASRN,CKIHZSGJPSDCNC-UHFFFAOYSA-N,inchi
24237-54-5(2),CASRN,PFENFDGYVLAFBR-UHFFFAOYSA-N,inchi
2424-71-7(2),CASRN,IHRPDXFOMLCPIK-UHFFFAOYSA-N,inchi
"2425-10-7, 002425-10-7(1)",CASRN,WCJYTPVNMWIZCG-UHFFFAOYSA-N,inchi
2425-54-9(2),CASRN,RNHWYOLIEJIAMV-UHFFFAOYSA-N,inchi
2425-6-1(4),CASRN,JHRWWRDRBPCWTF-UHFFFAOYSA-N,inchi
2425-77-6(2),CASRN,XULHFMYCBKQGEE-UHFFFAOYSA-N,inchi
2425-79-8(2),CASRN,SHKUUQIDMUMQQK-UHFFFAOYSA-N,inchi
2426-63-3(2),CASRN,DNBPMBJFRRVTSJ-UHFFFAOYSA-N,inchi
2426-8-6(4),CASRN,YSUQLAYJZDEMOT-UHFFFAOYSA-N,inchi
24279-91-2(2),CASRN,SHHKQEUPHAENFK-UHFFFAOYSA-N,inchi
24280-93-1(2),CASRN,HPNSFSBZBAHARI-RUDMXATFSA-N,inchi
24295-03-2(4),CASRN,MOMFXATYAINJML-UHFFFAOYSA-N,inchi
2430-27-5(2),CASRN,OMOMUFTZPTXCHP-UHFFFAOYSA-N,inchi
24305-27-9(2),CASRN,XNSAINXGIQZQOO-UHFFFAOYSA-N,inchi
24307-26-4(2),CASRN,NNCAWEWCFVZOGF-UHFFFAOYSA-N,inchi
24310-41-6(2),CASRN,DIBUQPIFKGWZDT-UHFFFAOYSA-N,inchi
2432-87-3(2),CASRN,MIMDHDXOBDPUQW-UHFFFAOYSA-N,inchi
2433-14-9(2),CASRN,AFKMHDZOVNDWLO-UHFFFAOYSA-N,inchi
24346-00-7(4),CASRN,MEFKEPWMEQBLKI-UHFFFAOYSA-O,inchi
24353-61-5(2),CASRN,YFVOXLJXJBQDEF-UHFFFAOYSA-N,inchi
24353-88-6(2),CASRN,PTEUWWFEEPASRM-UHFFFAOYSA-N,inchi
24356-60-3(2),CASRN,UQLLWWBDSUHNEB-UHFFFAOYSA-N,inchi
2437-25-4(4),CASRN,VXCUURYYWGCLIH-UHFFFAOYSA-N,inchi
2437-56-1(2),CASRN,VQOXUMQBYILCKR-UHFFFAOYSA-N,inchi
24370-25-0(2),CASRN,LNYZEFQMIURYEI-UHFFFAOYSA-N,inchi
2438-5-3(2),CASRN,ATZHGRNFEFVDDJ-UHFFFAOYSA-N,inchi
2438-72-4(2),CASRN,MXJWRABVEGLYDG-UHFFFAOYSA-N,inchi
2439-10-3(2),CASRN,HILAYQUKKYWPJW-UHFFFAOYSA-N,inchi
2439-35-2(2),CASRN,DPBJAVGHACCNRL-UHFFFAOYSA-N,inchi
2439-54-5(2),CASRN,SEGJNMCIMOLEDM-UHFFFAOYSA-N,inchi
244-63-3(2),CASRN,AIFRHYZBTHREPW-UHFFFAOYSA-N,inchi
2440-22-4(6),CASRN,MCPKSFINULVDNX-UHFFFAOYSA-N,inchi
244149-17-5(1),CASRN,CXIISRLRZRAKST-UHFFFAOYSA-N,inchi
2443-58-5(2),CASRN,ZDOIAPGLORMKTR-UHFFFAOYSA-N,inchi
2443-58-5(5),CASRN,ZDOIAPGLORMKTR-UHFFFAOYSA-N,inchi
2444-46-4(4),CASRN,RGOVYLWUIBMPGK-UHFFFAOYSA-N,inchi
24448-94-0(2),CASRN,LAOZSCRCYVBSJA-UHFFFAOYSA-N,inchi
2445-76-3(2),CASRN,GOKKOFHHJFGZHW-UHFFFAOYSA-N,inchi
2445-77-4(2),CASRN,CYGPPWVXOWCHJB-UHFFFAOYSA-N,inchi
24468-13-1(4),CASRN,RTGLJCSUKOLTEM-UHFFFAOYSA-N,inchi
2447-54-3(2),CASRN,INVGWHRKADIJHF-UHFFFAOYSA-N,inchi
2447-57-6(2),CASRN,PJSFRIWCGOHTNF-UHFFFAOYSA-N,inchi
2448-68-2(2),CASRN,AXKPFOAXAHJUAG-UHFFFAOYSA-N,inchi
2449-05-0(2),CASRN,IRJKSAIGIYODAN-UHFFFAOYSA-N,inchi
2451-62-9(6),CASRN,OUPZKGBUJRBPGC-UHFFFAOYSA-N,inchi
24544-04-5(2),CASRN,WKBALTUBRZPIPZ-UHFFFAOYSA-N,inchi
24549-06-2(4),CASRN,JJVKJJNCIILLRP-UHFFFAOYSA-N,inchi
2455-24-5(2),CASRN,LCXXNKZQVOXMEH-UHFFFAOYSA-N,inchi
"24584-09-6(2), 21416-67-1(2)",CASRN,BMKDZUISNHGIBY-UHFFFAOYSA-N,inchi
2459-10-1(2),CASRN,MJHNUUNSCNRGJE-UHFFFAOYSA-N,inchi
24600-36-0(2),CASRN,KSNNEUZOAFRTDS-UHFFFAOYSA-N,inchi
24602-86-6(2),CASRN,YTOPFCCWCSOHFV-UHFFFAOYSA-N,inchi
2461-15-6(4),CASRN,BBBUAWSVILPJLL-UHFFFAOYSA-N,inchi
24615-84-7(4),CASRN,CYUZOYPRAQASLN-UHFFFAOYSA-N,inchi
2463-84-5(2),CASRN,OTKXWJHPGBRXCR-UHFFFAOYSA-N,inchi
2465-27-2(4),CASRN,JPIYZTWMUGTEHX-UHFFFAOYSA-N,inchi
2465-59-0(2),CASRN,HXNFUBHNUDHIGC-UHFFFAOYSA-N,inchi
24650-42-8(2),CASRN,KWVGIHKZDCUPEU-UHFFFAOYSA-N,inchi
2467-03-0(4),CASRN,LVLNPXCISNPHLE-UHFFFAOYSA-N,inchi
2467-2-9(2),CASRN,MQCPOLNSJCWPGT-UHFFFAOYSA-N,inchi
24678-13-5(2),CASRN,WCIBOXFOUGQLFC-UHFFFAOYSA-N,inchi
2469-55-8(2),CASRN,GPXCORHXFPYJEH-UHFFFAOYSA-N,inchi
24729-96-2(4),CASRN,UFUVLHLTWXBHGZ-UHFFFAOYSA-N,inchi
2473-01-0(2),CASRN,RKAMCQVGHFRILV-UHFFFAOYSA-N,inchi
2478-10-6(2),CASRN,NDWUBGAGUCISDV-UHFFFAOYSA-N,inchi
24800-44-0(4),CASRN,SNAJJYBUNRAGEF-UHFFFAOYSA-N,inchi
24801-88-5(2),CASRN,FRGPKMWIYVTFIQ-UHFFFAOYSA-N,inchi
24815-24-5(2),CASRN,SZLZWPPUNLXJEA-JXMROGBWSA-N,inchi
24817-51-4(2),CASRN,KVKKTLBBYFABAZ-UHFFFAOYSA-N,inchi
24851-98-7(4),CASRN,KVWWIYGFBYDJQC-UHFFFAOYSA-N,inchi
24886-52-0(2),CASRN,SDYYIRPAZHJOLM-UHFFFAOYSA-N,inchi
2489-77-2(4),CASRN,JAEZSIYNWDWMMN-UHFFFAOYSA-N,inchi
2490-97-3(2),CASRN,KSMRODHGGIIXDV-UHFFFAOYSA-N,inchi
2491-38-5(2),CASRN,LJYOFQHKEWTQRH-UHFFFAOYSA-N,inchi
24916-51-6(2),CASRN,ZPCCSZFPOXBNDL-SEKSTKPOSA-N,inchi
249296-43-3(2),CASRN,VPTONMHDLLMOOV-UHFFFAOYSA-N,inchi
2493-84-7(2),CASRN,IALWCYFULVHLEC-UHFFFAOYSA-N,inchi
24934-91-6(2),CASRN,QGTYWWGEWOBMAK-UHFFFAOYSA-N,inchi
2495-25-2(2),CASRN,KEROTHRUZYBWCY-UHFFFAOYSA-N,inchi
2495-37-6(2),CASRN,AOJOEFVRHOZDFN-UHFFFAOYSA-N,inchi
2495-39-8(2),CASRN,UIIIBRHUICCMAI-UHFFFAOYSA-N,inchi
2497-21-4(2),CASRN,FEWIGMWODIRUJM-HWKANZROSA-N,inchi
"24973-25-9(2), 50505-85-6(2)",CASRN,LATVFYDIBMDBSY-UHFFFAOYSA-N,inchi
2499-59-4(2),CASRN,ANISOHQJBAQUQP-UHFFFAOYSA-N,inchi
2499-95-8(2),CASRN,LNMQRPPRQDGUDR-UHFFFAOYSA-N,inchi
25013-15-4(2),CASRN,JZHGRUMIRATHIU-UHFFFAOYSA-N,inchi
25046-79-1(2),CASRN,ZKUDBRCEOBOWLF-UHFFFAOYSA-N,inchi
25057-89-0(4),CASRN,ZOMSMJKLGFBRBS-UHFFFAOYSA-N,inchi
25059-80-7(2),CASRN,WQRCEBAZAUAUQC-UHFFFAOYSA-N,inchi
2508-72-7(2),CASRN,REYFJDPCWQRWAA-UHFFFAOYSA-N,inchi
2508-79-4(2),CASRN,SVEBYYWCXTVYCR-UHFFFAOYSA-N,inchi
2510-55-6(2),CASRN,CWFIYYOQYVYBPW-UHFFFAOYSA-N,inchi
25103-09-7(2),CASRN,RZBBHEJLECUBJT-UHFFFAOYSA-N,inchi
25103-58-6(2),CASRN,YAJYJWXEWKRTPO-UHFFFAOYSA-N,inchi
25122-41-2(2),CASRN,FCSHDIVRCWTZOX-UHFFFAOYSA-N,inchi
25122-46-7(2),CASRN,CBGUOGMQLZIXBE-UHFFFAOYSA-N,inchi
25122-57-0(2),CASRN,FBRAWBYQGRLCEK-UHFFFAOYSA-N,inchi
25134-21-8(2),CASRN,LTVUCOSIZFEASK-UHFFFAOYSA-N,inchi
25152-84-5(4),CASRN,JZQKTMZYLHNFPL-BLHCBFLLSA-N,inchi
25152-85-6(2),CASRN,BCOXBEHFBZOJJZ-ARJAWSKDSA-N,inchi
25155-18-4(4),CASRN,ULBZAXDVMDGCJQ-UHFFFAOYSA-N,inchi
25155-23-1(2),CASRN,LLPMAOBOEQFPRE-UHFFFAOYSA-N,inchi
251565-85-2(2),CASRN,CXGTZJYQWSUFET-UHFFFAOYSA-N,inchi
2516-40-7(4),CASRN,DRLMMVPCYXFPEP-UHFFFAOYSA-N,inchi
"25162-00-9(2), 54-11-5(4), 65-30-5(2)",CASRN,SNICXCGAKADSCV-UHFFFAOYSA-N,inchi
25168-05-2(2),CASRN,OSOUNOBYRMOXQQ-UHFFFAOYSA-N,inchi
25168-26-7(2),CASRN,QZSFJRIWRPJUOH-UHFFFAOYSA-N,inchi
2517-43-3(2),CASRN,JSGVZVOGOQILFM-UHFFFAOYSA-N,inchi
25209-66-9(2),CASRN,AGQSGSYOSSBGLI-UHFFFAOYSA-N,inchi
2524-03-0(2),CASRN,XFBJRFNXPUCPKU-UHFFFAOYSA-N,inchi
2524-4-1(2),CASRN,KMJJJTCKNZYTEY-UHFFFAOYSA-N,inchi
2524-64-3(2),CASRN,BHIIGRBMZRSDRI-UHFFFAOYSA-N,inchi
25265-71-8(4),CASRN,QYSXYAURTRCDJU-UHFFFAOYSA-N,inchi
25265-77-4(2),CASRN,DAFHKNAQFPVRKR-UHFFFAOYSA-N,inchi
2528-16-7(2),CASRN,XIKIUQUXDNHBFR-UHFFFAOYSA-N,inchi
2529-45-5(2),CASRN,JKQQZJHNUVDHKP-UHFFFAOYSA-N,inchi
2529-64-8(1),CASRN,MUENRDYXOADTOC-UHFFFAOYSA-N,inchi
253-52-1(2),CASRN,LFSXCDWNBUNEEM-UHFFFAOYSA-N,inchi
2530-83-8(4),CASRN,BPSIOYPQMFLKFR-UHFFFAOYSA-N,inchi
2530-85-0(4),CASRN,XDLMVUHYZWKMMD-UHFFFAOYSA-N,inchi
2530-87-2(2),CASRN,OXYZDRAJMHGSMW-UHFFFAOYSA-N,inchi
2531-84-2(2),CASRN,KANLOADZXMMCQA-UHFFFAOYSA-N,inchi
25311-71-1(2),CASRN,HOQADATXFBOEGG-UHFFFAOYSA-N,inchi
25321-09-9(2),CASRN,OKIRBHVFJGXOIS-UHFFFAOYSA-N,inchi
25327-89-3(2),CASRN,PWXTUWQHMIFLKL-UHFFFAOYSA-N,inchi
25332-39-2(4),CASRN,PHLBKPHSAVXXEF-UHFFFAOYSA-N,inchi
25339-09-7(2),CASRN,LGEZTMRIZWCDLW-UHFFFAOYSA-N,inchi
25340-17-4(4),CASRN,KVNYFPKFSJIPBJ-UHFFFAOYSA-N,inchi
253450-09-8(2),CASRN,FCBQJNCAKZSIAH-UHFFFAOYSA-N,inchi
25354-97-6(2),CASRN,JMOLZNNXZPAGBH-UHFFFAOYSA-N,inchi
25360-10-5(4),CASRN,MPBLPZLNKKGCGP-UHFFFAOYSA-N,inchi
25371-96-4(2),CASRN,WZBWBNCQUTXYEL-UHFFFAOYSA-N,inchi
25377-73-5(4),CASRN,WVRNUXJQQFPNMN-VAWYXSNFSA-N,inchi
25389-94-0(4),CASRN,SBUJHOSQTJFQJX-UHFFFAOYSA-N,inchi
25429-29-2(1),CASRN,GGMPTLAAIUQMIE-UHFFFAOYSA-N,inchi
25439-20-7(2),CASRN,OZTTXCISDPJUDI-UHFFFAOYSA-N,inchi
25447-66-9(2),CASRN,PBUNVLRHZGSROC-UHFFFAOYSA-N,inchi
2545-59-7(2),CASRN,GLDWASBMYWLQGG-UHFFFAOYSA-N,inchi
25451-15-4(4),CASRN,WKGXYQFOCVYPAC-UHFFFAOYSA-N,inchi
254877-67-3(2),CASRN,PQHLRGARXNPFCF-UHFFFAOYSA-N,inchi
25496-72-4(2),CASRN,UPWGQKDVAURUGE-KTKRTIGZSA-N,inchi
25498-49-1(4),CASRN,WAEVWDZKMBQDEJ-UHFFFAOYSA-N,inchi
2550-26-7(4),CASRN,AKGGYBADQZYZPD-UHFFFAOYSA-N,inchi
2550-40-5(2),CASRN,ODHAQPXNQDBHSH-UHFFFAOYSA-N,inchi
25507-04-4(2),CASRN,OYSKUZDIHNKWLV-UHFFFAOYSA-N,inchi
25526-93-6(2),CASRN,UXCAQJAQSWSNPQ-UHFFFAOYSA-N,inchi
2554-6-5(2),CASRN,VMAWODUEPLAHOE-UHFFFAOYSA-N,inchi
25550-98-5(2),CASRN,SXXILWLQSQDLDL-UHFFFAOYSA-N,inchi
25551-13-7(1),CASRN,FYGHSUNMUKGBRK-UHFFFAOYSA-N,inchi
25564-22-1(4),CASRN,ILHZVKAXFCDFMT-UHFFFAOYSA-N,inchi
255714-11-5(2),CASRN,UCFQYMKLDPWFHZ-MKMNVTDBSA-N,inchi
25584-83-2(2),CASRN,GWZMWHWAWHPNHN-UHFFFAOYSA-N,inchi
"25606-41-1(2), 24579-73-5(2)",CASRN,WZZLDXDUQPOXNW-UHFFFAOYSA-N,inchi
"25614-03-3(2), 22260-51-1(2)",CASRN,OZVBMTJYIDMWIL-UHFFFAOYSA-N,inchi
25620-58-0(2),CASRN,DPQHRXRAZHNGRU-UHFFFAOYSA-N,inchi
25638-17-9(2),CASRN,FHPXUJKXLCUVKJ-UHFFFAOYSA-N,inchi
25717-80-0(2),CASRN,XLFWDASMENKTKL-UHFFFAOYSA-O,inchi
2579-20-6(2),CASRN,QLBRROYTTDFLDX-UHFFFAOYSA-N,inchi
25803-14-9(2),CASRN,DGMZLCLHHVYDIS-UHFFFAOYSA-N,inchi
25804-49-3(2),CASRN,WHWMOMRHHQLBQQ-UHFFFAOYSA-N,inchi
25812-30-0(6),CASRN,HEMJJKBWTPKOJG-UHFFFAOYSA-N,inchi
25875-51-8(2),CASRN,MOOFYEJFXBSZGE-UHFFFAOYSA-N,inchi
"258864-54-9(2), 374683-44-0(2), 654057-97-3(2), 701921-71-3(2), 460092-03-9(2)",CASRN,PYVOHVLEZJMINC-UHFFFAOYSA-N,inchi
2591-86-8(2),CASRN,FEWLNYSYJNLUOO-UHFFFAOYSA-N,inchi
2592-95-2(2),CASRN,ASOKPJOREAFHNY-UHFFFAOYSA-N,inchi
2593-15-9(2),CASRN,KQTVWCSONPJJPE-UHFFFAOYSA-N,inchi
2595-54-2(2),CASRN,KLGMSAOQDHLCOS-UHFFFAOYSA-N,inchi
25953-17-7(2),CASRN,LDMWSLGGVTVJPG-UHFFFAOYSA-N,inchi
25953-19-9(2),CASRN,MLYYVTUWGNIJIB-UHFFFAOYSA-N,inchi
25954-13-6(2),CASRN,UCHDFLNGIZUADY-UHFFFAOYSA-N,inchi
25956-17-6(2),CASRN,UQWIHFJXDRNUDP-FMQUCBEESA-N,inchi
2597-11-7(2),CASRN,YQWCIPIEEBVRNY-UHFFFAOYSA-N,inchi
2597-3-7(2),CASRN,XAMUDJHXFNRLCY-UHFFFAOYSA-N,inchi
25973-55-1(2),CASRN,ZMWRRFHBXARRRT-UHFFFAOYSA-N,inchi
25999-20-6(2),CASRN,BBMULGJBVDDDNI-UHFFFAOYSA-N,inchi
26002-80-2(4),CASRN,SBNFWQZLDJGRLK-UHFFFAOYSA-N,inchi
26016-98-8(2),CASRN,YMDXZJFXQJVXBF-UHFFFAOYSA-N,inchi
26027-38-3(4),CASRN,BLXVTZPGEOGTGG-UHFFFAOYSA-N,inchi
26040-51-7(2),CASRN,UUEDINPOVKWVAZ-UHFFFAOYSA-N,inchi
26049-70-7(2),CASRN,ZOJPXCPZDSRIKP-UHFFFAOYSA-N,inchi
26049-71-8(2),CASRN,AKZHPJMVGQRYGX-UHFFFAOYSA-N,inchi
2605-79-0(2),CASRN,ZRKZFNZPJKEWPC-UHFFFAOYSA-N,inchi
2607-31-0(2),CASRN,TXOKWXJQVFUUDD-UHFFFAOYSA-N,inchi
"2609-46-3(2), 2016-88-8(4)",CASRN,XSDQTOBWRPYKKA-UHFFFAOYSA-N,inchi
26095-59-0(2),CASRN,NQHNLNLJPDMBFN-UHFFFAOYSA-O,inchi
26097-80-3(2),CASRN,QZWHWHNCPFEXLL-UHFFFAOYSA-N,inchi
2610-11-9(2),CASRN,IGXZMQCLUNTWCC-UHFFFAOYSA-N,inchi
2611-61-2(2),CASRN,AMGKHLVPQHMHGQ-UHFFFAOYSA-N,inchi
26115-70-8(2),CASRN,QWOVEJBDMKHZQK-UHFFFAOYSA-N,inchi
2612-29-5(2),CASRN,HYFFNAVAMIJUIP-UHFFFAOYSA-N,inchi
26130-02-9(2),CASRN,JHBWYQRKOUBPCA-UHFFFAOYSA-N,inchi
26155-31-7(2),CASRN,NVEPPWDVLBMNMB-SNAWJCMRSA-N,inchi
"26159-34-2(2), 22204-53-1(2)",CASRN,CMWTZPSULFXXJA-UHFFFAOYSA-N,inchi
26159-36-4(2),CASRN,LTRANDSQVZFZDG-UHFFFAOYSA-N,inchi
26172-54-3(2),CASRN,BEGLCMHJXHIJLR-UHFFFAOYSA-N,inchi
26172-55-4(4),CASRN,DHNRXBZYEKSXIM-UHFFFAOYSA-N,inchi
26194-77-4(2),CASRN,YAGBSNMZQKEFCO-UHFFFAOYSA-N,inchi
261947-38-0(2),CASRN,TUPKOWFPVAXQFP-UHFFFAOYSA-N,inchi
262-12-4(4),CASRN,NFBOHOGPQUYFRF-UHFFFAOYSA-N,inchi
262-20-4(4),CASRN,GJSGGHOYGKMUPT-UHFFFAOYSA-N,inchi
2622-26-6(2),CASRN,LUALIOATIOESLM-UHFFFAOYSA-N,inchi
26225-79-6(2),CASRN,IRCMYGHHKLLGHV-UHFFFAOYSA-N,inchi
2623-33-8(2),CASRN,UJAOSPFULOFZRR-UHFFFAOYSA-N,inchi
2624-43-3(2),CASRN,GVOUFPWUYJWQSK-UHFFFAOYSA-N,inchi
"2624-44-4(2), 21799-87-1(2)",CASRN,IKQCSJBQLWJEPU-UHFFFAOYSA-N,inchi
26259-45-0(2),CASRN,ZJMZZNVGNSWOOM-UHFFFAOYSA-N,inchi
26266-57-9(2),CASRN,IYFATESGLOUGBX-UHFFFAOYSA-N,inchi
2627-69-2(2),CASRN,RTRQQBHATOEIAF-UHFFFAOYSA-N,inchi
2627-95-4(2),CASRN,BITPLIXHRASDQB-UHFFFAOYSA-N,inchi
2628-16-2(2),CASRN,JAMNSIXSLVPNLC-UHFFFAOYSA-N,inchi
26305-03-3(2),CASRN,FAXGPCHRFPCXOO-UHFFFAOYSA-N,inchi
2631-37-0(2),CASRN,DTAPQAJKAFRNJB-UHFFFAOYSA-N,inchi
2631-40-5(2),CASRN,QBSJMKIUCUGGNG-UHFFFAOYSA-N,inchi
263248-42-6(2),CASRN,PMBLXLOXUGVTGB-UHFFFAOYSA-N,inchi
26328-04-1(2),CASRN,RCUDFXMNPQNBDU-VOTSOKGWSA-N,inchi
2634-33-5(2),CASRN,DMSMPAJRVJJAGA-UHFFFAOYSA-N,inchi
263553-33-9(2),CASRN,JMPSZYHYDMQFEO-UHFFFAOYSA-N,inchi
2638-94-0(2),CASRN,VFXXTYGQYWRHJP-FOCLMDBBSA-N,inchi
2639-63-6(2),CASRN,XAPCMTMQBXLDBB-UHFFFAOYSA-N,inchi
26399-36-0(2),CASRN,ITVQAKZNYJEWKS-UHFFFAOYSA-N,inchi
2642-71-9(2),CASRN,RQVGAIADHNPSME-UHFFFAOYSA-N,inchi
26444-49-5(2),CASRN,OJUZRFGUKHQNJX-UHFFFAOYSA-N,inchi
26447-10-9(2),CASRN,ZZXDRXVIRVJQBT-UHFFFAOYSA-N,inchi
2645-07-0(2),CASRN,XCMUCRMMVDSVEL-UHFFFAOYSA-N,inchi
264618-44-2(2),CASRN,XWPBINGFFFZAOZ-UHFFFAOYSA-N,inchi
26472-00-4(4),CASRN,IYQYZZHQSZMZIG-UHFFFAOYSA-N,inchi
26530-20-1(4),CASRN,JPMIIZHYYWMHDT-UHFFFAOYSA-N,inchi
"26538-44-3(4), 42422-68-4(5), 26538-44-3, 42422-68-4(3)",CASRN,DWTTZBARDOXEAM-UHFFFAOYSA-N,inchi
2654-57-1(2),CASRN,ZZEYCGJAYIHIAZ-UHFFFAOYSA-N,inchi
26544-38-7(2),CASRN,WBRBLKRDTHYRRV-MDWZMJQESA-N,inchi
2657-00-3(2),CASRN,VDINEHCVDCKHRN-UHFFFAOYSA-O,inchi
26576-46-5(2),CASRN,VEMDQCGHZNXORX-UHFFFAOYSA-N,inchi
"26576-84-1(2), 286453-46-1(2), 112400-85-8(2), 13311-31-4(2)",CASRN,BHIGPVGNEXDQBL-UHFFFAOYSA-N,inchi
"26576-85-2(2), 125652-55-3(2), 845835-03-2(2), 258273-67-5(2), 597581-48-1(2), 857841-32-8(2)",CASRN,DADKKHHMGSWSPH-UHFFFAOYSA-N,inchi
26615-21-4(2),CASRN,HDOZVRUNCMBHFH-UHFFFAOYSA-N,inchi
266359-83-5(2),CASRN,KQDRVXQXKZXMHP-UHFFFAOYSA-N,inchi
2664-60-0(2),CASRN,BAYSQTBAJQRACX-UHFFFAOYSA-N,inchi
2664-63-3(4),CASRN,VWGKEVWFBOUAND-UHFFFAOYSA-N,inchi
26644-00-8(2),CASRN,BPNLLIHZSAFABG-UHFFFAOYSA-N,inchi
26644-46-2(2),CASRN,RROQIUMZODEXOR-UHFFFAOYSA-N,inchi
2667-89-2(2),CASRN,IWXAZSAGYJHXPX-LYWFMZLMSA-N,inchi
26675-46-7(4),CASRN,PIWKPBJCKXDKJR-UHFFFAOYSA-N,inchi
2668-66-8(2),CASRN,GZENKSODFLBBHQ-UHFFFAOYSA-N,inchi
267243-28-7(2),CASRN,OMZCMEYTWSXEPZ-UHFFFAOYSA-N,inchi
2675-77-6(2),CASRN,PFIADAMVCJPXSF-UHFFFAOYSA-N,inchi
26750-81-2(2),CASRN,UMJHTFHIQDEGKB-UHFFFAOYSA-N,inchi
26761-40-0(2),CASRN,ZDPLUSVKGBFPIW-UHFFFAOYSA-N,inchi
26786-32-3(2),CASRN,SAPNXPWPAUFAJU-UHFFFAOYSA-N,inchi
26787-78-0(2),CASRN,LSQZJLSUYDQPKJ-UHFFFAOYSA-N,inchi
26807-65-8(6),CASRN,NDDAHWYSQHTHNT-UHFFFAOYSA-N,inchi
2683-43-4(2),CASRN,IZEZAMILKKYOPW-UHFFFAOYSA-N,inchi
26833-87-4(4),CASRN,HYFHYPWGAURHIV-UHFFFAOYSA-N,inchi
"26839-75-8(2), 26921-17-5(2)",CASRN,BLJRIMJGRPQVNF-UHFFFAOYSA-N,inchi
26842-43-3(2),CASRN,PRTTZMKZMXANFG-UHFFFAOYSA-N,inchi
26864-56-2(2),CASRN,MDLAAYDRRZXJIF-UHFFFAOYSA-N,inchi
2687-25-4(4),CASRN,AXNUJYHFQHQZBE-UHFFFAOYSA-N,inchi
2687-91-4(4),CASRN,ZFPGARUNNKGOBB-UHFFFAOYSA-N,inchi
2687-94-7(2),CASRN,WPPOGHDFAVQKLN-UHFFFAOYSA-N,inchi
2687-96-9(2),CASRN,NJPQAIBZIHNJDO-UHFFFAOYSA-N,inchi
"26896-20-8(2), 27253-29-8(2), 27253-33-4(2)",CASRN,PKJSRUTWBDIWAR-UHFFFAOYSA-N,inchi
26896-48-0(2),CASRN,OTLDLKLSNZMTTA-UHFFFAOYSA-N,inchi
2693-46-1(2),CASRN,VHGJAFIHUSTRGB-UHFFFAOYSA-N,inchi
2694-54-4(2),CASRN,GRPURDFRFHUDSP-UHFFFAOYSA-N,inchi
2695-37-6(4),CASRN,MAGFQRLKWCCTQJ-UHFFFAOYSA-N,inchi
2696-84-6(2),CASRN,OAPDPORYXWQVJE-UHFFFAOYSA-N,inchi
26982-21-8(2),CASRN,AHLPHDHHMVZTML-UHFFFAOYSA-N,inchi
27007-85-8(2),CASRN,CFOYBMUYCBSDAL-UHFFFAOYSA-N,inchi
27025-41-8(2),CASRN,YPZRWBKMTBYPTK-UHFFFAOYSA-N,inchi
2705-87-5(2),CASRN,TWXUTZNBHUWMKJ-UHFFFAOYSA-N,inchi
27060-75-9(2),CASRN,BLZNSXFQRKVFRP-UHFFFAOYSA-N,inchi
27072-45-3(2),CASRN,MHMNJMPURVTYEJ-UHFFFAOYSA-N,inchi
27090-63-7(2),CASRN,UPPIBFVZIFKMFO-UHFFFAOYSA-N,inchi
271-89-6(2),CASRN,IANQTJSKSUMEQM-UHFFFAOYSA-N,inchi
27138-31-4(4),CASRN,IZYUWBATGXUSIK-UHFFFAOYSA-N,inchi
27178-16-1(4),CASRN,YKGYQYOQRGPFTO-UHFFFAOYSA-N,inchi
27193-28-8(2),CASRN,XSXWOBXNYNULJG-UHFFFAOYSA-N,inchi
27193-86-8(4),CASRN,CYEJMVLDXAUOPN-UHFFFAOYSA-N,inchi
27199-40-2(2),CASRN,YXVGPSQAIBDQJD-UHFFFAOYSA-N,inchi
27203-92-5(2),CASRN,TVYLLZQTGLZFBW-UHFFFAOYSA-N,inchi
272451-65-7(2),CASRN,ZGNITFSDLCMLGI-UHFFFAOYSA-N,inchi
27247-96-7(2),CASRN,NKRVGWFEFKCZAP-UHFFFAOYSA-N,inchi
27262-48-2(2),CASRN,LEBVLXFERQHONN-UHFFFAOYSA-N,inchi
27306-78-1(2),CASRN,HBEMYXWYRXKRQI-UHFFFAOYSA-N,inchi
27314-13-2(4),CASRN,LXZVTHMPPAYLTH-RQZCQDPDSA-N,inchi
27323-18-8(1),CASRN,LAXBNTIAOJWAOP-UHFFFAOYSA-N,inchi
27344-41-8(2),CASRN,SQAKQVFOMMLRPR-IWGRKNQJSA-N,inchi
2740-4-7(2),CASRN,ZXFQRFXLFWWKLX-UHFFFAOYSA-N,inchi
2743-38-6(2),CASRN,YONLFQNRGZXBBF-UHFFFAOYSA-N,inchi
27470-51-5(6),CASRN,ONWXNHPOAGOMTG-UHFFFAOYSA-N,inchi
2748-88-1(2),CASRN,JDKRQGOIZPRQRU-UHFFFAOYSA-N,inchi
27503-81-7(4),CASRN,UVCJGUGAGLDPAA-UHFFFAOYSA-N,inchi
2751-9-9(2),CASRN,LQCLVBQBTUVCEQ-UHFFFAOYSA-N,inchi
27511-99-5(2),CASRN,DACOQFZGGLCXMA-UHFFFAOYSA-N,inchi
2752-17-2(2),CASRN,GXVUZYLYWKWJIM-UHFFFAOYSA-N,inchi
27523-40-6(2),CASRN,MPIPASJGOJYODL-UHFFFAOYSA-N,inchi
2753-45-9(2),CASRN,VYVKHNNGDFVQGA-UHFFFAOYSA-N,inchi
27554-26-3(2),CASRN,IJFPVINAQGWBRJ-UHFFFAOYSA-N,inchi
2756-56-1(2),CASRN,FAFMZORPAAGQFV-UHFFFAOYSA-N,inchi
275818-86-5(1),CASRN,JQCXWCOOWVGKMT-UHFFFAOYSA-N,inchi
27589-33-9(2),CASRN,HMEDEBAJARCKCT-UHFFFAOYSA-N,inchi
2759-71-9(2),CASRN,PLQDLOBGKJCDSZ-UHFFFAOYSA-N,inchi
27591-97-5(2),CASRN,MPMFCABZENCRHV-UHFFFAOYSA-N,inchi
27593-23-3(2),CASRN,MAUFTTLGOUBZNA-UHFFFAOYSA-N,inchi
2760-98-7(2),CASRN,UTTHLMXOSUFZCQ-UHFFFAOYSA-N,inchi
2761-24-2(2),CASRN,FHVAUDREWWXPRW-UHFFFAOYSA-N,inchi
2765-97-1(2),CASRN,QNPHCSSJLHAKSA-UHFFFAOYSA-N,inchi
27661-27-4(2),CASRN,HLDUHCYBUVVDOT-UHFFFAOYSA-N,inchi
27668-52-6(2),CASRN,XTAKDLWEWPRLGB-UHFFFAOYSA-N,inchi
2768-2-7(2),CASRN,NKSJNEHGWDZZQF-UHFFFAOYSA-N,inchi
27724-96-5(2),CASRN,FHRSHSOEWXUORL-UHFFFAOYSA-N,inchi
2773-92-4(2),CASRN,XNMYNYSCEJBRPZ-UHFFFAOYSA-N,inchi
27775-00-4(2),CASRN,DZDVMKLYUKZMKK-UHFFFAOYSA-N,inchi
2778-42-9(4),CASRN,AZYRZNIYJDKRHO-UHFFFAOYSA-N,inchi
2779-55-7(2),CASRN,HSYFNANHKYNZNI-NVMNQCDNSA-N,inchi
2781-11-5(2),CASRN,CCJKFLLIJCGHMO-UHFFFAOYSA-N,inchi
2783-94-0(4),CASRN,KEYWXKLGZZGHMT-ISLYRVAYSA-N,inchi
27833-64-3(2),CASRN,XJGVXQDUIWGIRW-UHFFFAOYSA-N,inchi
27848-84-6(2),CASRN,YSEXMKHXIOCEJA-UHFFFAOYSA-N,inchi
2785-87-7(2),CASRN,PXIKRTCSSLJURC-UHFFFAOYSA-N,inchi
2785-89-9(2),CASRN,CHWNEIVBYREQRF-UHFFFAOYSA-N,inchi
27877-51-6(2),CASRN,ANJNOJFLVNXCHT-UHFFFAOYSA-N,inchi
27887-84-9(2),CASRN,ACTRVOBWPAIOHC-UHFFFAOYSA-N,inchi
27912-14-7(2),CASRN,IXHBTMCLRNMKHZ-UHFFFAOYSA-N,inchi
27959-26-8(2),CASRN,VRAHPESAMYMDQI-UHFFFAOYSA-N,inchi
27994-11-2(2),CASRN,GQLUAQZLAZUHEL-UHFFFAOYSA-N,inchi
280-57-9(4),CASRN,IMNIMPAHZVJRPE-UHFFFAOYSA-N,inchi
28002-18-8(2),CASRN,JETQIUPBHQNHNZ-UHFFFAOYSA-N,inchi
28034-99-3(5),CASRN,ICVFJPSNAUMFCW-UHFFFAOYSA-N,inchi
28069-74-1(2),CASRN,PAEBAEDUARAOSG-SREVYHEPSA-N,inchi
2807-30-9(4),CASRN,YEYKMVJDLWJFOA-UHFFFAOYSA-N,inchi
28094-15-7(2),CASRN,DIVDFFZHCJEHGG-UHFFFAOYSA-N,inchi
2814-20-2(4),CASRN,JSAKSKHTLVSNQJ-UHFFFAOYSA-N,inchi
28159-98-0(2),CASRN,HDHLIWCXDDZUFH-UHFFFAOYSA-N,inchi
2818-69-1(2),CASRN,NICFDLORAOTXMD-UHFFFAOYSA-N,inchi
28249-77-6(4),CASRN,QHTQREMOGMZHJV-UHFFFAOYSA-N,inchi
2825-82-3(2),CASRN,LPSXSORODABQKT-UHFFFAOYSA-N,inchi
2829-19-8(2),CASRN,UGSLDMJXBQKDCT-UHFFFAOYSA-N,inchi
2832-19-1(2),CASRN,TXNSZCSYBXHETP-UHFFFAOYSA-N,inchi
2835-39-4(4),CASRN,HOMAGVUCNZNWBC-UHFFFAOYSA-N,inchi
2835-68-9(2),CASRN,QIKYZXDTTPVVAC-UHFFFAOYSA-N,inchi
2835-95-2(2),CASRN,DBFYESDCPWWCHN-UHFFFAOYSA-N,inchi
2835-97-4(2),CASRN,FEDLEBCVFZMHBP-UHFFFAOYSA-N,inchi
2835-99-6(2),CASRN,QGNGOGOOPUYKMC-UHFFFAOYSA-N,inchi
283594-90-1(2),CASRN,GOLXNESZZPUPJE-UHFFFAOYSA-N,inchi
28395-03-1(2),CASRN,MAEIEVLCKWDQJH-UHFFFAOYSA-N,inchi
2840-28-0(2),CASRN,DMGFVJVLVZOSOE-UHFFFAOYSA-N,inchi
"28434-01-7(4), 10453-86-8(4)",CASRN,VEMKTZHHVJILDY-UHFFFAOYSA-N,inchi
28523-86-6(2),CASRN,DFEYYRMXOJXZRJ-UHFFFAOYSA-N,inchi
2855-13-2(4),CASRN,RNLHGQLZWXBQNY-UHFFFAOYSA-N,inchi
2855-19-8(2),CASRN,MPGABYXKKCLIRW-UHFFFAOYSA-N,inchi
2856-81-7(2),CASRN,PQLYZHNINGGVMB-UHFFFAOYSA-N,inchi
28588-74-1(2),CASRN,RUYNUXHHUVUINQ-UHFFFAOYSA-N,inchi
28588-75-2(2),CASRN,OHDFENKFSKIFBJ-UHFFFAOYSA-N,inchi
286-20-4(2),CASRN,ZWAJLVLEBYIOTI-UHFFFAOYSA-N,inchi
28631-66-5(2),CASRN,YYFKIDWHGHKVRF-XZYSUXKZSA-N,inchi
28657-80-9(2),CASRN,VDUWPHTZYNWKRN-UHFFFAOYSA-N,inchi
28664-35-9(2),CASRN,JYTLIKVWYWOQTK-UHFFFAOYSA-N,inchi
2867-47-2(2),CASRN,JKNCOURZONDCGV-UHFFFAOYSA-N,inchi
287-92-3(2),CASRN,RGSFGYAAUTVSQA-UHFFFAOYSA-N,inchi
2870-32-8(2),CASRN,AVERNFJXXRIVQN-XSDYUOFFSA-N,inchi
"2870-71-5(2), 52-88-0(2)",CASRN,PIPAJLPNWZMYQA-UHFFFAOYSA-N,inchi
2871-1-4(2),CASRN,GZGZVOLBULPDFD-UHFFFAOYSA-N,inchi
28721-07-5(2),CASRN,CTRLABGOLIVAIY-UHFFFAOYSA-N,inchi
2873-97-4(2),CASRN,OMNKZBIFPJNNIO-UHFFFAOYSA-N,inchi
28730-17-8(2),CASRN,ZWJNEYVWPYIKMB-UHFFFAOYSA-N,inchi
2876-78-0(2),CASRN,YGGXZTQSGNFKPJ-UHFFFAOYSA-N,inchi
28768-32-3(2),CASRN,FAUAZXVRLVIARB-UHFFFAOYSA-N,inchi
28772-56-7(4),CASRN,QUNMLCCVZLKSGL-UHFFFAOYSA-N,inchi
28777-98-2(2),CASRN,KAYAKFYASWYOEB-ISLYRVAYSA-N,inchi
28797-61-7(2),CASRN,RMHMFHUVIITRHF-UHFFFAOYSA-N,inchi
288-32-4(4),CASRN,RAXXELZNTBOGNW-UHFFFAOYSA-N,inchi
"288-88-0(2), 41253-21-8(2)",CASRN,NSPMIYGKQJPBQR-UHFFFAOYSA-N,inchi
28804-88-8(4),CASRN,QNLZIZAQLLYXTC-UHFFFAOYSA-N,inchi
288104-79-0(2),CASRN,HMXDWDSNPRNUKI-UHFFFAOYSA-N,inchi
2882-19-1(2),CASRN,BKTKLDMYHTUESO-UHFFFAOYSA-N,inchi
28860-95-9(2),CASRN,TZFNLOMSOLWIDK-UHFFFAOYSA-N,inchi
28868-76-0(2),CASRN,LNBQBURECUEBKZ-UHFFFAOYSA-N,inchi
28888-44-0(2),CASRN,KWNQIIMVPSMYEM-UHFFFAOYSA-N,inchi
28911-01-5(2),CASRN,JOFWLTCLBGQGBO-UHFFFAOYSA-N,inchi
2892-51-5(2),CASRN,LUBPYOIUVABHPO-UHFFFAOYSA-N,inchi
"2893-78-9(6), 2244-21-5(2), 2782-57-2(2), 51580-86-0(4)",CASRN,CEJLBZWIKQJOAT-UHFFFAOYSA-N,inchi
28940-11-6(2),CASRN,SWUIQEBPZIHZQS-UHFFFAOYSA-N,inchi
2896-70-0(2),CASRN,KMEUSKGEUADGET-UHFFFAOYSA-N,inchi
28961-43-5(2),CASRN,MTPIZGPBYCHTGQ-UHFFFAOYSA-N,inchi
2897-60-1(2),CASRN,OTARVPUIYXHRRB-UHFFFAOYSA-N,inchi
289716-94-5(2),CASRN,FQEBOQLYHASAOY-UHFFFAOYSA-N,inchi
2898-12-6(2),CASRN,YLCXGBZIZBEVPZ-UHFFFAOYSA-N,inchi
2898-13-7(2),CASRN,MWGWTOPCKLQYEU-UHFFFAOYSA-N,inchi
28981-97-7(2),CASRN,VREFGVBLTWBCJP-UHFFFAOYSA-N,inchi
290-37-9(2),CASRN,KYQCOXFCLRTKLS-UHFFFAOYSA-N,inchi
2901-75-9(2),CASRN,CBQJSKKFNMDLON-UHFFFAOYSA-N,inchi
290352-28-2(2),CASRN,CEYPDXWCYTVSDN-UHFFFAOYSA-N,inchi
2905-62-6(2),CASRN,GGHLXLVPNZMBQR-UHFFFAOYSA-N,inchi
2905-65-9(2),CASRN,XRDRKVPNHIWTBX-UHFFFAOYSA-N,inchi
2905-67-1(2),CASRN,BTEVDFJXGLQUDS-UHFFFAOYSA-N,inchi
29091-09-6(2),CASRN,DPQYRXNRGNLPFC-UHFFFAOYSA-N,inchi
29091-21-2(2),CASRN,RSVPPPHXAASNOL-UHFFFAOYSA-N,inchi
29094-61-9(4),CASRN,ZJJXGWJIGJFDTL-UHFFFAOYSA-N,inchi
291305-06-1(2),CASRN,HGBGXSPIBLZGHS-UHFFFAOYSA-N,inchi
2917-73-9(2),CASRN,RISLXYINQFKFRL-UHFFFAOYSA-N,inchi
2919-66-6(4),CASRN,UDKABVSQKJNZBH-UHFFFAOYSA-N,inchi
2920-86-7(2),CASRN,APGDTXUMTIZLCJ-UHFFFAOYSA-N,inchi
2921-88-2(4),CASRN,SBPBAQFWLVIOKP-UHFFFAOYSA-N,inchi
"292140-86-4(2), 307492-75-7(2), 174899-72-0(2)",CASRN,IRGDPGYNHSIIJJ-UHFFFAOYSA-N,inchi
2922-44-3(2),CASRN,INUNXTSAACVKJS-UHFFFAOYSA-N,inchi
29232-93-7(2),CASRN,QHOQHJPRIBSPCY-UHFFFAOYSA-N,inchi
2934-5-6(2),CASRN,KEUMBYCOWGLRBQ-UHFFFAOYSA-N,inchi
2935-90-2(2),CASRN,LDTLDBDUBGAEDT-UHFFFAOYSA-N,inchi
29385-43-1(4),CASRN,CMGDVUCDZOBDNL-UHFFFAOYSA-N,inchi
29387-86-8(2),CASRN,IDQBJILTOGBZCR-UHFFFAOYSA-N,inchi
294-62-2(2),CASRN,DDTBPAQBQHZRDW-UHFFFAOYSA-N,inchi
2941-55-1(2),CASRN,WARIWGPBHKPYON-UHFFFAOYSA-N,inchi
2941-64-2(2),CASRN,QCMHWZUFWLOOGI-UHFFFAOYSA-N,inchi
29420-49-3(2),CASRN,JGTNAGYHADQMCM-UHFFFAOYSA-N,inchi
2943-75-1(2),CASRN,MSRJTTSHWYDFIU-UHFFFAOYSA-N,inchi
29450-45-1(2),CASRN,IDGRPSMONFWWEK-UHFFFAOYSA-N,inchi
29461-14-1(2),CASRN,VCOCESNMLNDPLX-UHFFFAOYSA-N,inchi
2948-46-1(2),CASRN,LEARFTRDZQQTDN-UHFFFAOYSA-N,inchi
29493-77-4(2),CASRN,LJQBMYDFWFGESC-UHFFFAOYSA-N,inchi
29520-14-7(2),CASRN,INJOMKTZOLKMBF-UHFFFAOYSA-N,inchi
2955-38-6(4),CASRN,MWQCHHACWWAQLJ-UHFFFAOYSA-N,inchi
29560-58-5(2),CASRN,FUBVWMNBEHXPSU-UHFFFAOYSA-N,inchi
29590-42-9(4),CASRN,DXPPIEDUBFUSEZ-UHFFFAOYSA-N,inchi
"29617-43-4(2), 118-08-1(2)",CASRN,JZUTXVTYJDCMDU-UHFFFAOYSA-N,inchi
29676-71-9(2),CASRN,DYCLHZPOADTVKK-UHFFFAOYSA-N,inchi
297-76-7(4),CASRN,ONKUMRGIYFNPJW-UHFFFAOYSA-N,inchi
"29701-07-3(2), 4696-76-8(2)",CASRN,SKKLOUVUUNMCJE-UHFFFAOYSA-N,inchi
29705-96-2(2),CASRN,YMHOBZXQZVXHBM-UHFFFAOYSA-N,inchi
2971-36-0(4),CASRN,IUGDILGOLSSKNE-UHFFFAOYSA-N,inchi
2971-90-6(2),CASRN,ZDPIZLCVJAAHHR-UHFFFAOYSA-N,inchi
2973-80-0(2),CASRN,SCRQAWQJSSKCFN-UHFFFAOYSA-N,inchi
2975-34-0(2),CASRN,XZSMZRXAEFNJCU-UHFFFAOYSA-N,inchi
29761-21-5(2),CASRN,RYUJRXVZSJCHDZ-UHFFFAOYSA-N,inchi
29767-20-2(2),CASRN,NRUKOCRGYNPUPR-UHFFFAOYSA-N,inchi
298-00-0(4),CASRN,RLBIQVVOMOPOHC-UHFFFAOYSA-N,inchi
298-02-2(2),CASRN,BULVZWIRKLYCBC-UHFFFAOYSA-N,inchi
298-04-4(4),CASRN,DOFZAZXDOSGAJZ-UHFFFAOYSA-N,inchi
298-06-6(2),CASRN,IRDLUHRVLVEUHA-UHFFFAOYSA-N,inchi
298-07-7(4),CASRN,SEGLCEQVOFDUPX-UHFFFAOYSA-N,inchi
298-46-4(6),CASRN,FFGPTBGBLSHEPO-UHFFFAOYSA-N,inchi
298-57-7(2),CASRN,DERZBLKQOCDDDZ-JLHYYAGUSA-N,inchi
298-59-9(4),CASRN,DUGOZIWVEXMGBE-UHFFFAOYSA-N,inchi
298-81-7(6),CASRN,QXKHYNVANLEOEG-UHFFFAOYSA-N,inchi
298198-52-4(2),CASRN,RXLOZRCLQMJJLC-UHFFFAOYSA-N,inchi
29836-26-8(2),CASRN,HEGSGKPQLMEBJL-UHFFFAOYSA-N,inchi
"29849-82-9(2), 927-19-5(2)",CASRN,AWUCVROLDVIAJX-UHFFFAOYSA-N,inchi
29876-14-0(2),CASRN,ZDAZUJBASMCUAK-UHFFFAOYSA-N,inchi
299-75-2(2),CASRN,YCPOZVAOBBQLRI-UHFFFAOYSA-N,inchi
299-84-3(6),CASRN,JHJOOSLFWRRSGU-UHFFFAOYSA-N,inchi
299-86-5(2),CASRN,BOFHKBLZOYVHSI-UHFFFAOYSA-N,inchi
29911-27-1(2),CASRN,WEZPLQKRXDBPEP-UHFFFAOYSA-N,inchi
29911-28-2(2),CASRN,CUVLMZNMSPJDON-UHFFFAOYSA-N,inchi
29927-08-0(2),CASRN,IODWHFFPQHUDAG-UHFFFAOYSA-N,inchi
2996-92-1(2),CASRN,ZNOCGWVLWPVKAO-UHFFFAOYSA-N,inchi
29964-84-9(2),CASRN,COCLLEMEIJQBAG-UHFFFAOYSA-N,inchi
29973-13-5(2),CASRN,HEZNVIYQEUHLNI-UHFFFAOYSA-N,inchi
29975-16-4(2),CASRN,CDCHDCWJMGXXRH-UHFFFAOYSA-N,inchi
2998-57-4(2),CASRN,FRPJXPJMRWBBIH-UHFFFAOYSA-N,inchi
300-39-0(2),CASRN,NYPYHUZRZVSYKL-UHFFFAOYSA-N,inchi
"300-42-5(2), 51-57-0(2)",CASRN,MYWUZJCMWCOHBA-UHFFFAOYSA-N,inchi
300-76-5(4),CASRN,BUYMVQAILCEWRR-UHFFFAOYSA-N,inchi
30007-47-7(2),CASRN,XVBRCOKDZVQYAY-UHFFFAOYSA-N,inchi
30030-25-2(2),CASRN,HMDQPBSDHHTRNI-UHFFFAOYSA-N,inchi
30034-03-8(2),CASRN,OLVCFLKTBJRLHI-UHFFFAOYSA-N,inchi
3008-43-3(2),CASRN,JDXJKLGWPNXSHL-UHFFFAOYSA-N,inchi
301-02-0(2),CASRN,FATBGEAMYMYZAF-KTKRTIGZSA-N,inchi
3010-96-6(2),CASRN,FQXGHZNSUOHCLO-UHFFFAOYSA-N,inchi
30103-44-7(2),CASRN,VEPZOLKTNZOTTQ-UHFFFAOYSA-N,inchi
3011-89-0(4),CASRN,GFGSZUNNBQXGMK-UHFFFAOYSA-N,inchi
3012-37-1(2),CASRN,ABNDFSOIUFLJAH-UHFFFAOYSA-N,inchi
30123-17-2(2),CASRN,JICJBGPOMZQUBB-UHFFFAOYSA-N,inchi
3018-12-0(2),CASRN,STZZWJCGRKXEFF-UHFFFAOYSA-N,inchi
302-17-0(4),CASRN,RNFNDJAIBTYOQL-UHFFFAOYSA-N,inchi
302-22-7(4),CASRN,QMBJSIBWORFWQT-UHFFFAOYSA-N,inchi
302-27-2(2),CASRN,XFSBVAOIAHNAPC-UHFFFAOYSA-N,inchi
"302-40-9(2), 3166-62-9(2)",CASRN,IVQOFBKHQCTVQV-UHFFFAOYSA-N,inchi
302-79-4(6),CASRN,SHGAZHPCJJPHSC-YCNIQYBTSA-N,inchi
302-95-4(4),CASRN,KXGVEGMKQFWNSR-UHFFFAOYSA-N,inchi
30223-48-4(2),CASRN,VHEOUJNDDFHPGJ-UHFFFAOYSA-N,inchi
3025-30-7(2),CASRN,OPCRGEVPIBLWAY-QNRZBPGKSA-N,inchi
3026-63-9(2),CASRN,QTUIJRIDZOSXHJ-UHFFFAOYSA-N,inchi
3027-21-2(2),CASRN,CVQVSVBUMVSJES-UHFFFAOYSA-N,inchi
302962-49-8(2),CASRN,ZBNZXTGUTAYRHI-UHFFFAOYSA-N,inchi
30299-08-2(2),CASRN,BMOVQUBVGICXQN-UHFFFAOYSA-N,inchi
303-25-3(2),CASRN,UVKZSORBKUEBAZ-UHFFFAOYSA-N,inchi
303-42-4(2),CASRN,TXUICONDJPYNPY-UHFFFAOYSA-N,inchi
303-45-7(2),CASRN,QBKSWRVVCFFDOT-UHFFFAOYSA-N,inchi
"303-49-1(2), 17321-77-6(2)",CASRN,GDLIGKIOYRNHDA-UHFFFAOYSA-N,inchi
303-98-0(4),CASRN,ACTIUHUUMQJHFO-UPTCCGCDSA-N,inchi
3030-47-5(2),CASRN,UKODFQOELJFMII-UHFFFAOYSA-N,inchi
3030-53-3(2),CASRN,JVVSVPLSTGMSJT-UHFFFAOYSA-N,inchi
3031-66-1(2),CASRN,KDOWHHULNTXTNS-UHFFFAOYSA-N,inchi
3033-62-3(4),CASRN,GTEXIOINCJRBIO-UHFFFAOYSA-N,inchi
3033-77-0(2),CASRN,LRQFRDLKOBFOSG-UHFFFAOYSA-N,inchi
30374-01-7(2),CASRN,ZHUWXKIPGGZNJW-UHFFFAOYSA-N,inchi
3039-71-2(2),CASRN,DMZCCFMMPHJWQY-UHFFFAOYSA-N,inchi
3039-83-6(4),CASRN,NLVXSWCKKBEXTG-UHFFFAOYSA-N,inchi
30391-89-0(2),CASRN,FWQYJOPJMIEKHZ-UHFFFAOYSA-N,inchi
30399-84-9(2),CASRN,XDOFQFKRPWOURC-UHFFFAOYSA-N,inchi
304-17-6(2),CASRN,VPLDXHDOGVIETL-UHFFFAOYSA-N,inchi
304-20-1(4),CASRN,RPTUSVTUFVMDQK-UHFFFAOYSA-N,inchi
304-28-9(4),CASRN,XBZBRCVCSVLJJZ-UHFFFAOYSA-N,inchi
304-84-7(4),CASRN,BQJODPIMMWWMFC-UHFFFAOYSA-N,inchi
3048-64-4(2),CASRN,INYHZQLKOKTDAI-UHFFFAOYSA-N,inchi
3048-65-5(2),CASRN,UFERIGCCDYCZLN-UHFFFAOYSA-N,inchi
305-03-3(6),CASRN,JCKYGMPEJWAADB-UHFFFAOYSA-N,inchi
305-85-1(2),CASRN,UVGTXNPVQOQFQW-UHFFFAOYSA-N,inchi
30516-87-1(8),CASRN,GRNUVTSRBRIYIO-UHFFFAOYSA-O,inchi
3052-50-4(2),CASRN,NKHAVTQWNUWKEO-IHWYPQMZSA-N,inchi
3054-95-3(2),CASRN,MCIPQLOKVXSHTD-UHFFFAOYSA-N,inchi
30544-47-9(2),CASRN,XILVEPYQJIOVNB-UHFFFAOYSA-N,inchi
3055-99-0(2),CASRN,ONJQDTZCDSESIW-UHFFFAOYSA-N,inchi
3056-17-5(6),CASRN,XNKLLVCARDGLGL-UHFFFAOYSA-N,inchi
30560-19-1(4),CASRN,YASYVMFAVPKPKE-UHFFFAOYSA-N,inchi
3057-8-7(2),CASRN,JSVDMQKVGLGYCM-UHFFFAOYSA-N,inchi
306-07-0(4),CASRN,DPWPWRLQFGFJFI-UHFFFAOYSA-N,inchi
306-21-8(2),CASRN,GIKNHHRFLCDOEU-UHFFFAOYSA-N,inchi
306-37-6(2),CASRN,DIIIISSCIXVANO-UHFFFAOYSA-N,inchi
306-91-2(2),CASRN,QKENRHXGDUPTEM-UHFFFAOYSA-N,inchi
306-94-5(2),CASRN,UWEYRJFJVCLAGH-UHFFFAOYSA-N,inchi
3060-89-7(2),CASRN,WLFDQEVORAMCIM-UHFFFAOYSA-N,inchi
30652-11-0(2),CASRN,ORRXMVISQFUGSY-UHFFFAOYSA-N,inchi
3068-76-6(2),CASRN,KBJFYLLAMSZSOG-UHFFFAOYSA-N,inchi
3068-88-0(4),CASRN,GSCLMSFRWBPUSK-UHFFFAOYSA-N,inchi
307-24-4(2),CASRN,PXUULQAPEKKVAH-UHFFFAOYSA-N,inchi
30748-29-9(2),CASRN,RBBWCVQDXDFISW-UHFFFAOYSA-N,inchi
30751-05-4(2),CASRN,YSIITVVESCNIPR-UHFFFAOYSA-N,inchi
3077-12-1(2),CASRN,JUVSRZCUMWZBFK-UHFFFAOYSA-N,inchi
3087-16-9(2),CASRN,QEFJYMFUMVHTBR-UHFFFAOYSA-O,inchi
3089-11-0(4),CASRN,BNCADMBVWNPPIZ-UHFFFAOYSA-N,inchi
3092-17-9(4),CASRN,PTKSEFOSCHHMPD-UHFFFAOYSA-N,inchi
3093-35-4(2),CASRN,MUQNGPZZQDCDFT-UHFFFAOYSA-N,inchi
3094-9-5(2),CASRN,ZWAOHEXOSAUJHY-UHFFFAOYSA-N,inchi
30964-13-7(2),CASRN,YDDUMTOHNYZQPO-FCXRPNKRSA-N,inchi
3101-60-8(2),CASRN,HHRACYLRBOUBKM-UHFFFAOYSA-N,inchi
311-45-5(4),CASRN,WYMSBXTXOHUIGT-UHFFFAOYSA-N,inchi
31112-62-6(2),CASRN,BAQCROVBDNBEEB-UHFFFAOYSA-N,inchi
31127-54-5(2),CASRN,ZRDYULMDEGRWRC-UHFFFAOYSA-N,inchi
3113-71-1(2),CASRN,XDTTUTIFWDAMIX-UHFFFAOYSA-N,inchi
31138-65-5(2),CASRN,KWMLJOLKUYYJFJ-UHFFFAOYSA-N,inchi
31188-99-5(2),CASRN,HFHLKKYWNAOHCI-UHFFFAOYSA-N,inchi
312-84-5(2),CASRN,MTCFGRXMJLQNBG-UHFFFAOYSA-N,inchi
31218-83-4(2),CASRN,BZNDWPRGXNILMS-VQHVLOKHSA-N,inchi
31224-92-7(2),CASRN,HBEKTHFSHPOWKP-UHFFFAOYSA-N,inchi
"312693-54-2(2), 5460-9-3(2)",CASRN,APRRQJCCBSJQOQ-UHFFFAOYSA-N,inchi
31282-04-9(4),CASRN,GRRNUXAQVGOGFE-UHFFFAOYSA-N,inchi
313-06-4(8),CASRN,UOACKFBJUYNSLK-UHFFFAOYSA-N,inchi
3131-60-0(2),CASRN,OZQDLJNDRVBCST-UHFFFAOYSA-N,inchi
3132-64-7(2),CASRN,GKIPXFAANLTWBM-UHFFFAOYSA-N,inchi
3132-99-8(2),CASRN,SUISZCALMBHJQX-UHFFFAOYSA-N,inchi
31375-17-4(2),CASRN,DZSVIVLGBJKQAP-UHFFFAOYSA-N,inchi
31386-24-0(2),CASRN,LOCIGFDPZFJXFT-UHFFFAOYSA-N,inchi
31386-25-1(2),CASRN,YKWQHMLRAPIWDP-UHFFFAOYSA-N,inchi
313994-79-5(2),CASRN,ZTENZJJCFACIAK-UHFFFAOYSA-N,inchi
314-13-6(4),CASRN,COXVTLYNGOIATD-HVMBLDELSA-N,inchi
314-40-9(2),CASRN,OSOBMCTWSONQHC-UHFFFAOYSA-N,inchi
31430-18-9(2),CASRN,KYRVNWMVYQXFEU-UHFFFAOYSA-N,inchi
31431-39-7(2),CASRN,OPXLLQIJSORQAM-UHFFFAOYSA-N,inchi
3144-54-5(2),CASRN,SKUFHZAEFGZSQK-UHFFFAOYSA-N,inchi
31477-60-8(2),CASRN,XZEUAXYWNKYKPL-UHFFFAOYSA-N,inchi
3148-73-0(2),CASRN,ZLHNYIHIHQEHJQ-UHFFFAOYSA-N,inchi
315-18-4(2),CASRN,YNEVBPNZHBAYOA-UHFFFAOYSA-N,inchi
315-22-0(6),CASRN,QVCMHGGNRFRMAD-UHFFFAOYSA-N,inchi
315-30-0(4),CASRN,OFCNXPDARWKPPY-UHFFFAOYSA-N,inchi
315-37-7(2),CASRN,VOCBWIIFXDYGNZ-UHFFFAOYSA-N,inchi
315-80-0(2),CASRN,QPGGEKPRGVJKQB-UHFFFAOYSA-N,inchi
31501-11-8(2),CASRN,RGACQXBDYBCJCY-ALCCZGGFSA-N,inchi
31519-22-9(2),CASRN,VOJUXHHACRXLTD-UHFFFAOYSA-N,inchi
3160-37-0(2),CASRN,XIYPXOFSURQTTJ-NSCUHMNNSA-N,inchi
3160-91-6(2),CASRN,KJHOZAZQWVKILO-UHFFFAOYSA-N,inchi
31654-77-0(2),CASRN,ZZGJZGSVLNSDPG-FDTUMDBZSA-N,inchi
31677-93-7(4),CASRN,SNPPWIUOZRMYNY-UHFFFAOYSA-N,inchi
31698-14-3(4),CASRN,BBDAGFIXKZCXAH-UHFFFAOYSA-N,inchi
317-52-2(2),CASRN,HDZAQYPYABGTCL-UHFFFAOYSA-N,inchi
3173-53-3(2),CASRN,KQWGXHWJMSMDJJ-UHFFFAOYSA-N,inchi
317318-84-6(2),CASRN,HWVNEWGKWRGSRK-UHFFFAOYSA-N,inchi
3179-47-3(2),CASRN,GTBGXKPAKVYEKJ-UHFFFAOYSA-N,inchi
3179-80-4(2),CASRN,TWMFGCHRALXDAR-UHFFFAOYSA-N,inchi
3188-00-9(2),CASRN,FCWYQRVIQDNGBI-UHFFFAOYSA-N,inchi
31895-22-4(2),CASRN,DNVLJEWNNDHELH-UHFFFAOYSA-N,inchi
"319-78-8(2), 1509-34-8(2), 443-79-8(2)",CASRN,AGPKZVBTJJNPAG-UHFFFAOYSA-N,inchi
319-89-1(2),CASRN,GQPHQLHUIDOQTA-UHFFFAOYSA-N,inchi
31906-04-4(2),CASRN,ORMHZBNNECIKOH-UHFFFAOYSA-N,inchi
3194-55-6(4),CASRN,DEIGXXQKDWULML-UHFFFAOYSA-N,inchi
319460-85-0(2),CASRN,RITAVMQDGBJQJZ-FMIVXFBMSA-N,inchi
320-60-5(2),CASRN,KALSHRGEFLVFHE-UHFFFAOYSA-N,inchi
320-67-2(4),CASRN,NMUSYJAQQFHJEW-UHFFFAOYSA-N,inchi
320-72-9(2),CASRN,CNJGWCQEGROXEE-UHFFFAOYSA-N,inchi
3200-6-4(2),CASRN,KBAFPSLPKGSANY-UHFFFAOYSA-N,inchi
3209-13-0(2),CASRN,NOTCZLKDULMKBR-UHFFFAOYSA-N,inchi
3209-22-1(2),CASRN,CMVQZRLQEOAYSW-UHFFFAOYSA-N,inchi
321-55-1(2),CASRN,KULDXINYXFTXMO-UHFFFAOYSA-N,inchi
321-60-8(2),CASRN,KLECYOQFQXJYBC-UHFFFAOYSA-N,inchi
"321-64-2(4), 1684-40-8(2)",CASRN,YLJREFDVOIBQDA-UHFFFAOYSA-N,inchi
322-79-2(2),CASRN,RMWVZGDJPAKBDE-UHFFFAOYSA-N,inchi
32210-23-4(2),CASRN,MBZRJSQZCBXRGK-UHFFFAOYSA-N,inchi
32222-06-3(2),CASRN,GMRQFYUYWCNGIN-KWJBEKLWSA-N,inchi
32266-10-7(2),CASRN,OXLZNBCNGJWPRV-UHFFFAOYSA-N,inchi
3228-02-2(1),CASRN,IJALWSVNUBBQRA-UHFFFAOYSA-N,inchi
32295-18-4(2),CASRN,XILWEASNBDKGSA-UHFFFAOYSA-N,inchi
32329-20-7(2),CASRN,BSDVKBWLRCKPFB-UHFFFAOYSA-N,inchi
3234-2-4(2),CASRN,MELXIJRBKWTTJH-ONEGZZNKSA-N,inchi
3234-28-4(2),CASRN,IOHJQSFEAYDZGF-UHFFFAOYSA-N,inchi
3236-71-3(2),CASRN,YWFPGFJLYRKYJZ-UHFFFAOYSA-N,inchi
32360-05-7(2),CASRN,HMZGPNHSPWNGEP-UHFFFAOYSA-N,inchi
3238-60-6(2),CASRN,NDNUANOUGZGEPO-UHFFFAOYSA-N,inchi
32388-55-9(4),CASRN,YBUIAJZFOGJGLJ-UHFFFAOYSA-N,inchi
324-93-6(2),CASRN,HTRVALPKPVGOSZ-UHFFFAOYSA-N,inchi
32435-46-4(2),CASRN,NXBXJOWBDCQIHF-UHFFFAOYSA-N,inchi
32449-92-6(4),CASRN,OGLCQHRZUSEXNB-UHFFFAOYSA-N,inchi
32462-30-9(2),CASRN,LJCWONGJFPCTTL-UHFFFAOYSA-N,inchi
3249-53-4(2),CASRN,XLYMOEINVGRTEX-ONEGZZNKSA-N,inchi
3252-43-5(4),CASRN,NDSBDLSWTGLNQA-UHFFFAOYSA-N,inchi
3253-39-2(1),CASRN,QUZSUMLPWDHKCJ-UHFFFAOYSA-N,inchi
32598-12-2(2),CASRN,RZFZBHKDGHISSH-UHFFFAOYSA-N,inchi
326-61-4(4),CASRN,PFWYHTORQZAGCA-UHFFFAOYSA-N,inchi
3260-85-3(2),CASRN,VDYDAUQHTVCCBX-UHFFFAOYSA-N,inchi
3268-49-3(4),CASRN,CLUWOWRTHNNBBU-UHFFFAOYSA-N,inchi
32687-77-7(2),CASRN,KMWIPXLIKIAZMT-UHFFFAOYSA-N,inchi
327-97-9(2),CASRN,CWVRJTMFETXNAD-DUXPYHPUSA-N,inchi
3270-71-1(2),CASRN,AJSKOLZKIUMPPG-UHFFFAOYSA-N,inchi
3278-89-5(2),CASRN,RZLLIOPGUFOWOD-UHFFFAOYSA-N,inchi
32780-64-6(4),CASRN,SGUAFYQXFOLMHL-UHFFFAOYSA-N,inchi
32784-82-0(2),CASRN,DBIGHPPNXATHOF-UHFFFAOYSA-N,inchi
"32795-47-4(2), 24526-64-5(2)",CASRN,XXPANQJNYNUNES-UHFFFAOYSA-N,inchi
328-38-1(2),CASRN,ROHFNLRQFUQHCH-UHFFFAOYSA-N,inchi
328-42-7(2),CASRN,KHPXUQMNIQBQEV-UHFFFAOYSA-N,inchi
328-50-7(4),CASRN,KPGXRSRHYNQIFN-UHFFFAOYSA-N,inchi
328-84-7(4),CASRN,XILPLWOGHPSJBK-UHFFFAOYSA-N,inchi
32809-16-8(4),CASRN,QXJKBPAVAHBARF-UHFFFAOYSA-N,inchi
3282-30-2(2),CASRN,JVSFQJZRHXAUGT-UHFFFAOYSA-N,inchi
3286-46-2(2),CASRN,CKHJPWQVLKHBIH-ZDSKVHJSSA-N,inchi
32887-01-7(2),CASRN,BWWVAEOLVKTZFQ-CXUHLZMHSA-N,inchi
32887-03-9(2),CASRN,NPGNOVNWUSPMDP-UHFFFAOYSA-N,inchi
32889-48-8(2),CASRN,WUZNHSBFPPFULJ-UHFFFAOYSA-N,inchi
329-01-1(2),CASRN,SXJYSIBLFGQAND-UHFFFAOYSA-N,inchi
3290-92-4(4),CASRN,OKKRPWIIYQTPQF-UHFFFAOYSA-N,inchi
3296-90-0(4),CASRN,CHUGKEQJSLOLHL-UHFFFAOYSA-N,inchi
32986-56-4(2),CASRN,NLVFBUXFDBBNBW-UHFFFAOYSA-N,inchi
330-54-1(6),CASRN,XMTQQYYKAHVGBJ-UHFFFAOYSA-N,inchi
330-55-2(4),CASRN,XKJMBINCVNINCA-UHFFFAOYSA-N,inchi
33005-95-7(2),CASRN,GUHPRPJDBZHYCJ-UHFFFAOYSA-N,inchi
33007-83-9(2),CASRN,IMQFZQVZKBIPCQ-UHFFFAOYSA-N,inchi
330198-91-9(2),CASRN,YOFNHFCYYYNJPN-UHFFFAOYSA-N,inchi
3302-10-1(2),CASRN,OILUAKBAMVLXGF-UHFFFAOYSA-N,inchi
33025-41-1(1),CASRN,XLDBTRJKXLKYTC-UHFFFAOYSA-N,inchi
33069-62-4(2),CASRN,RCINICONZNJXQF-UHFFFAOYSA-N,inchi
33089-61-1(6),CASRN,QXAITBQSYVNQDR-ZIOPAAQOSA-N,inchi
33089-74-6(2),CASRN,JIIOLEGNERQDIP-UHFFFAOYSA-N,inchi
331-39-5(2),CASRN,QAIPRVGONGVQAS-DUXPYHPUSA-N,inchi
33125-97-2(2),CASRN,NPUKDXXFDDZOKR-UHFFFAOYSA-N,inchi
33146-45-1(1),CASRN,IYZWUWBAFUBNCH-UHFFFAOYSA-N,inchi
33159-27-2(2),CASRN,IWCWQNVIUXZOMJ-UHFFFAOYSA-N,inchi
331623-06-4(2),CASRN,IUHMIOAKWHUFKU-UHFFFAOYSA-N,inchi
"331717-63-6(2), 65039-09-0(2), 155371-19-0(2), 370865-89-7(2), 145022-44-2(2), 65039-08-9(2), 342573-75-5(2), 145022-45-3(2), 516474-01-4(2), 412009-61-1(2), 35935-34-3(2), 143314-16-3(2), 143314-14-1(2)",CASRN,NJMWOUFKYKNWDW-UHFFFAOYSA-N,inchi
"331753-56-1(2), 87-69-4(2), 133-37-9(2)",CASRN,FEWJPZIEWOKRBE-UHFFFAOYSA-N,inchi
33178-86-8(2),CASRN,OXTYVEUAQHPPMV-UHFFFAOYSA-N,inchi
3319-31-1(4),CASRN,KRADHMIOFJQKEZ-UHFFFAOYSA-N,inchi
3321-80-0(2),CASRN,ZBEILXWHVSVDBN-UHFFFAOYSA-N,inchi
3322-93-8(2),CASRN,PQRRSJBLKOPVJV-UHFFFAOYSA-N,inchi
33228-44-3(2),CASRN,DGFTWBUZRHAHTH-UHFFFAOYSA-N,inchi
33228-45-4(2),CASRN,OVEMTTZEBOCJDV-UHFFFAOYSA-N,inchi
33229-34-4(4),CASRN,MIWUTEVJIISHCP-UHFFFAOYSA-N,inchi
33237-74-0(2),CASRN,NZLBHDRPUJLHCE-UHFFFAOYSA-N,inchi
33245-39-5(2),CASRN,MNFMIVVPXOGUMX-UHFFFAOYSA-N,inchi
3327-22-8(2),CASRN,XIUCEANTZSXBQQ-UHFFFAOYSA-N,inchi
33284-53-6(2),CASRN,HLQDGCWIOSOMDP-UHFFFAOYSA-N,inchi
33284-54-7(1),CASRN,BLAYIQLVUNIICD-UHFFFAOYSA-N,inchi
333-27-7(2),CASRN,OIRDBPQYVWXNSJ-UHFFFAOYSA-N,inchi
333-36-8(2),CASRN,KGPPDNUWZNWPSI-UHFFFAOYSA-N,inchi
333-41-5(6),CASRN,FHIVAFMUCKRCQO-UHFFFAOYSA-N,inchi
3331-46-2(2),CASRN,AIGDHFJPKNZUOR-UHFFFAOYSA-N,inchi
3333-52-6(2),CASRN,ZVQXQPNJHRNGID-UHFFFAOYSA-N,inchi
33342-05-1(2),CASRN,LLJFMFZYVVLQKT-UHFFFAOYSA-N,inchi
3337-62-0(2),CASRN,PHWAJJWKNLWZGJ-UHFFFAOYSA-N,inchi
3337-71-1(4),CASRN,VGPYEHKOIGNJKV-UHFFFAOYSA-N,inchi
334-48-5(6),CASRN,GHVNFZFCNZKVNT-UHFFFAOYSA-N,inchi
33401-94-4(2),CASRN,YSAUAVHXTIETRK-AATRIKPKSA-N,inchi
33402-03-8(2),CASRN,WXFIGDLSSYIKKV-UHFFFAOYSA-N,inchi
33414-30-1(2),CASRN,DOUQJBPSTIKRPH-UHFFFAOYSA-N,inchi
33414-36-7(2),CASRN,KRMKBOUUDPUIDK-UHFFFAOYSA-N,inchi
33419-42-0(4),CASRN,VJJPUSNTGOMMGY-UHFFFAOYSA-N,inchi
3344-77-2(2),CASRN,ASIDMJNTHJYVQJ-UHFFFAOYSA-N,inchi
33467-74-2(2),CASRN,LGTLDEUQCOJGFP-WAYWQWQTSA-N,inchi
3347-22-6(2),CASRN,PYZSVQVRHDXQSL-UHFFFAOYSA-N,inchi
33490-33-4(4),CASRN,STZAGDQAZSBJDK-FDUMAKPYSA-N,inchi
335-76-2(2),CASRN,PCIUEQPBYFRTEM-UHFFFAOYSA-N,inchi
33509-43-2(2),CASRN,OFKAVNQBCRJBJE-UHFFFAOYSA-N,inchi
335104-84-2(2),CASRN,IUQAXCIUEPFPSF-UHFFFAOYSA-N,inchi
3352-87-2(2),CASRN,CWNSVVHTTQBGQB-UHFFFAOYSA-N,inchi
"33564-30-6(2), 35607-66-0(2)",CASRN,WZOZEZRFJCJXNZ-UHFFFAOYSA-N,inchi
33564-31-7(2),CASRN,BOBLHFUVNSFZPJ-UHFFFAOYSA-N,inchi
33629-47-9(2),CASRN,SPNQRCTZKIBOAX-UHFFFAOYSA-N,inchi
3366-95-8(2),CASRN,KPQZUUQMTUIKBP-UHFFFAOYSA-N,inchi
33693-84-4(2),CASRN,PBUQZKXKYSAJDO-UHFFFAOYSA-N,inchi
337-03-1(2),CASRN,OFSXGKOMEGSTSE-UHFFFAOYSA-N,inchi
337-47-3(2),CASRN,XLOMZPUITCYLMJ-UHFFFAOYSA-N,inchi
33703-08-1(2),CASRN,AYWLCKHHUFBVGJ-UHFFFAOYSA-N,inchi
33704-61-9(2),CASRN,MIZGSAALSYARKU-UHFFFAOYSA-N,inchi
"3374-22-9(2), 52-89-1(2)",CASRN,XUJNEKJLAYXESH-UHFFFAOYSA-N,inchi
33743-96-3(2),CASRN,GZIISXIDAZYOLI-UHFFFAOYSA-N,inchi
"33755-46-3(2), 2152-44-5(2)",CASRN,SNHRLVCMMWUAJD-UHFFFAOYSA-N,inchi
33765-68-3(2),CASRN,FCKLFGKATYPJPG-UHFFFAOYSA-N,inchi
338-69-2(2),CASRN,QNAYBMKLOCPYGJ-UHFFFAOYSA-N,inchi
338-98-7(2),CASRN,ZOCUOMKMBMEYQV-UHFFFAOYSA-N,inchi
3380-34-5(4),CASRN,XEFQLINVKFYRCS-UHFFFAOYSA-N,inchi
33817-20-8(2),CASRN,ZEMIJUDPLILVNQ-UHFFFAOYSA-N,inchi
33818-15-4(4),CASRN,RZZPDXZPRHQOCG-UHFFFAOYSA-O,inchi
33820-53-0(4),CASRN,NEKOXWSIMFDGMA-UHFFFAOYSA-N,inchi
3385-3-3(2),CASRN,XSFJVAJPIHIPKU-UHFFFAOYSA-N,inchi
3386-33-2(2),CASRN,VUQPJRPDRDVQMN-UHFFFAOYSA-N,inchi
3386-87-6(2),CASRN,VTHRQKSLPFJQHN-UHFFFAOYSA-N,inchi
339-43-5(4),CASRN,VDTNNGKXZGSZIP-UHFFFAOYSA-N,inchi
3391-86-4(2),CASRN,VSMOENVRRABVKN-UHFFFAOYSA-N,inchi
33956-49-9(2),CASRN,CSWBSLXBXRFNST-MQQKCMAXSA-N,inchi
3397-62-4(2),CASRN,FVFVNNKYKYZTJU-UHFFFAOYSA-N,inchi
33996-33-7(2),CASRN,BAPRUDZDYCKSOQ-UHFFFAOYSA-N,inchi
33996-58-6(2),CASRN,HPHUVLMMVZITSG-UHFFFAOYSA-N,inchi
340-57-8(2),CASRN,SFITWQDBYUMAPS-UHFFFAOYSA-N,inchi
34014-18-1(4),CASRN,HBPDKDSFLXWOAE-UHFFFAOYSA-N,inchi
3407-42-9(2),CASRN,BWVZAZPLUTUBKD-UHFFFAOYSA-N,inchi
34097-16-0(2),CASRN,SXYZQZLHAIHKKY-UHFFFAOYSA-N,inchi
341031-54-7(2),CASRN,WZIXOZNAMZUGQS-ATVHPVEESA-N,inchi
34118-92-8(2),CASRN,KEECCEWTUVWFCV-UHFFFAOYSA-N,inchi
3412-76-8(2),CASRN,JUHORIMYRDESRB-UHFFFAOYSA-N,inchi
34123-59-6(2),CASRN,PUIYMUZLKQOUOZ-UHFFFAOYSA-N,inchi
3413-64-7(2),CASRN,HUNIPYLVUPMFCZ-UHFFFAOYSA-N,inchi
34140-59-5(2),CASRN,LORDFXWUHHSAQU-UHFFFAOYSA-N,inchi
3416-26-0(2),CASRN,ZBIAKUMOEKILTF-UHFFFAOYSA-N,inchi
34161-23-4(4),CASRN,BFUJHVVEMMWLHC-UHFFFAOYSA-N,inchi
34176-52-8(2),CASRN,VTOUNUQLXMNNMQ-UHFFFAOYSA-N,inchi
34256-82-1(4),CASRN,VTNQPKFIQCLBDU-UHFFFAOYSA-N,inchi
34273-10-4(2),CASRN,PFGWGEPQIUAZME-UHFFFAOYSA-N,inchi
34368-04-2(2),CASRN,JRWZLRBJNMZMFE-UHFFFAOYSA-N,inchi
34381-68-5(2),CASRN,GOEMGAFJFRBGGG-UHFFFAOYSA-N,inchi
344-04-7(2),CASRN,XEKTVXADUPBFOA-UHFFFAOYSA-N,inchi
3440-28-6(2),CASRN,CWXYHOHYCJXYFQ-UHFFFAOYSA-N,inchi
34413-35-9(2),CASRN,XCZPDOCRSYZOBI-UHFFFAOYSA-N,inchi
34443-12-4(2),CASRN,BRQMAAFGEXNUOL-UHFFFAOYSA-N,inchi
3445-11-2(2),CASRN,WDQFELCEOPFLCZ-UHFFFAOYSA-N,inchi
3446-89-7(2),CASRN,QRVYABWJVXXOTN-UHFFFAOYSA-N,inchi
344774-05-6(2),CASRN,BIUUTLHYFPFWRB-UHFFFAOYSA-N,inchi
34493-98-6(2),CASRN,JJCQSGDBDPYCEO-UHFFFAOYSA-N,inchi
344930-95-6(2),CASRN,DRZXDZYWZSKFDL-UHFFFAOYSA-N,inchi
3452-97-9(4),CASRN,BODRLKRKPXBDBN-UHFFFAOYSA-N,inchi
34552-84-6(2),CASRN,SPTMROWPYQRZSX-UHFFFAOYSA-N,inchi
34562-31-7(2),CASRN,IAAASXBHFUJLHW-UHFFFAOYSA-N,inchi
34580-13-7(2),CASRN,ZCVMWBYGMWKGHF-UHFFFAOYSA-N,inchi
34590-94-8(4),CASRN,SHRGCOIDGUJGJI-UHFFFAOYSA-N,inchi
34592-47-7(2),CASRN,DZLNHFMRPBPULJ-UHFFFAOYSA-N,inchi
346-18-9(2),CASRN,CYLWJCABXYDINA-UHFFFAOYSA-N,inchi
34643-46-4(2),CASRN,FITIWKDOCAUBQD-UHFFFAOYSA-N,inchi
34645-84-6(2),CASRN,IDKAXRLETRCXKS-UHFFFAOYSA-N,inchi
"34661-75-1(2), 64887-14-5(2)",CASRN,BGHFNLPNJHBAHX-UZYVYHOESA-N,inchi
3468-11-9(2),CASRN,RZVCEPSDYHAHLX-UHFFFAOYSA-N,inchi
34681-23-7(2),CASRN,CTJBHIROCMPUKL-WEVVVXLNSA-N,inchi
3470-36-8(2),CASRN,IZSRJDGCGRAUAR-UHFFFAOYSA-N,inchi
"34816-55-2, 034816-55-2(1)",CASRN,MTMZZIPTQITGCY-UHFFFAOYSA-N,inchi
34841-35-5(2),CASRN,PQWGFUFROKIJBO-UHFFFAOYSA-N,inchi
3485-14-1(2),CASRN,HGBLNBBNRORJKI-UHFFFAOYSA-N,inchi
3485-62-9(2),CASRN,HOOSGZJRQIVJSZ-UHFFFAOYSA-N,inchi
34883-39-1(1),CASRN,KKQWHYGECTYFIA-UHFFFAOYSA-N,inchi
34883-41-5(1),CASRN,QHZSDTDMQZPUKC-UHFFFAOYSA-N,inchi
34885-03-5(2),CASRN,OSINZLLLLCUKJH-UHFFFAOYSA-N,inchi
3493-12-7(2),CASRN,YDBYJHTYSHBBAU-UHFFFAOYSA-O,inchi
349495-42-7(2),CASRN,BEOZJBLIRPRMJM-UHFFFAOYSA-N,inchi
350-03-8(2),CASRN,WEGYGNROSJDEIW-UHFFFAOYSA-N,inchi
350-12-9(2),CASRN,QFVAWNPSRQWSDU-UHFFFAOYSA-N,inchi
350-30-1(2),CASRN,DPHCXXYPSYMICK-UHFFFAOYSA-N,inchi
35035-05-3(2),CASRN,PDYOTUCJOLELJU-UHFFFAOYSA-N,inchi
3505-38-2(2),CASRN,OJFSXZCBGQGRNV-UHFFFAOYSA-N,inchi
35065-27-1(2),CASRN,MVWHGTYKUMDIHL-UHFFFAOYSA-N,inchi
3508-00-7(2),CASRN,HHSDZLLPIXMEIU-UHFFFAOYSA-N,inchi
35189-28-7(2),CASRN,SHUKQGIGCAITKX-UHFFFAOYSA-N,inchi
352-93-2(2),CASRN,LJSQFQKUNVCTIA-UHFFFAOYSA-N,inchi
3520-42-1(2),CASRN,FNZDMJUSJBQBQL-UHFFFAOYSA-O,inchi
35212-22-7(4),CASRN,SFBODOKJTYAUCM-UHFFFAOYSA-N,inchi
3524-68-3(4),CASRN,HVVWZTWDBSEWIH-UHFFFAOYSA-N,inchi
35250-53-4(2),CASRN,QKVWBAMZPUHCMO-UHFFFAOYSA-N,inchi
35256-85-0(2),CASRN,RJKCKKDSSSRYCB-UHFFFAOYSA-N,inchi
353280-07-6(2),CASRN,QYZRHDNGOVTVDB-UHFFFAOYSA-N,inchi
35367-38-5(4),CASRN,QQQYTWIFVNKMRW-UHFFFAOYSA-N,inchi
354-58-5(2),CASRN,BOSAWIQFTJIYIS-UHFFFAOYSA-N,inchi
35400-43-2(2),CASRN,JXHJNEJVUNHLKO-UHFFFAOYSA-N,inchi
"35418-55-4(2), 63-89-8(2)",CASRN,KILNVBDSWZSGLL-UHFFFAOYSA-O,inchi
"35440-53-0(2), 2259-85-0(2)",CASRN,QZXOLBPUAUOQFB-UHFFFAOYSA-N,inchi
35457-80-8(2),CASRN,DMUAPQTXSSNEDD-SEKSTKPOSA-N,inchi
3547-33-9(2),CASRN,KXPXKNBDCUOENF-UHFFFAOYSA-N,inchi
355-42-0(2),CASRN,ZJIJAJXFLBMLCK-UHFFFAOYSA-N,inchi
35531-88-5(2),CASRN,JIRBAUWICKGBFE-UHFFFAOYSA-N,inchi
35543-24-9(4),CASRN,OWYLAEYXIQKAOL-UHFFFAOYSA-N,inchi
35575-96-3(2),CASRN,VNKBTWQZTQIWDV-UHFFFAOYSA-N,inchi
35578-47-3(2),CASRN,NYCBYBDDECLFPE-UHFFFAOYSA-N,inchi
356-12-7(2),CASRN,WJOHZNCJWYWUJD-UHFFFAOYSA-N,inchi
35619-65-9(2),CASRN,MVOUIYUWRXPNKD-UHFFFAOYSA-N,inchi
3562-84-3(2),CASRN,WHQCHUCQKNIQEC-UHFFFAOYSA-N,inchi
3562-99-0(2),CASRN,FHGJSJFIQNQBCK-UHFFFAOYSA-N,inchi
3563-1-7(2),CASRN,DIDYGLSKVUKRRP-UHFFFAOYSA-N,inchi
3563-14-2(2),CASRN,RXXXPZYBZLDQKP-UHFFFAOYSA-N,inchi
3564-9-8(2),CASRN,OQQYJPVCDFFEIV-QZQOTICOSA-N,inchi
35661-60-0(2),CASRN,CBPJQFCAFFNICX-UHFFFAOYSA-N,inchi
3567-62-2(2),CASRN,IDQHRQQSSQDLTR-UHFFFAOYSA-N,inchi
3567-8-6(4),CASRN,LZCBNYVJTNCPDR-UHFFFAOYSA-N,inchi
3569-10-6(2),CASRN,FEBNTWHYQKGEIQ-DHZHZOJOSA-N,inchi
35691-65-7(2),CASRN,DHVLDKHFGIVEIP-UHFFFAOYSA-N,inchi
35694-04-3(1),CASRN,AJKLKINFZLWHQE-UHFFFAOYSA-N,inchi
357-57-3(4),CASRN,RRKTZKIUPZVBMF-UHFFFAOYSA-N,inchi
357-70-0(2),CASRN,ASUTZQLVASHGKV-UHFFFAOYSA-N,inchi
3570-55-6(2),CASRN,KSJBMDCFYZKAFH-UHFFFAOYSA-N,inchi
3572-6-3(2),CASRN,UMIKWXDGXDJQJK-UHFFFAOYSA-N,inchi
3575-80-2(2),CASRN,DKMFBWQBDIGMHM-UHFFFAOYSA-N,inchi
35834-26-5(4),CASRN,IUPCWCLVECYZRV-ZRDIBKRKSA-N,inchi
35838-58-5(2),CASRN,OPQRBXUBWHDHPQ-UHFFFAOYSA-N,inchi
35854-86-5(2),CASRN,XJHRZBIBSSVCEL-ARJAWSKDSA-N,inchi
3586-14-9(2),CASRN,UDONPJKEOAWFGI-UHFFFAOYSA-N,inchi
35860-86-7(1),CASRN,KUXGUCNZFCVULO-UHFFFAOYSA-N,inchi
35891-70-4(4),CASRN,ZZIKIHCNFWXKDY-FMIVXFBMSA-N,inchi
35891-93-1(2),CASRN,BUJAGSGYPOAWEI-UHFFFAOYSA-N,inchi
35898-87-4(2),CASRN,QVZCXCJXTMIDME-UHFFFAOYSA-N,inchi
35941-71-0(2),CASRN,HTJXMOGUGMSZOG-UHFFFAOYSA-N,inchi
35943-35-2(2),CASRN,HOGVTUZUJGHKPL-UHFFFAOYSA-N,inchi
35944-74-2(2),CASRN,FHFZEKYDSVTYLL-UHFFFAOYSA-N,inchi
35948-25-5(2),CASRN,VBQRUYIOTHNGOP-UHFFFAOYSA-N,inchi
3598-37-6(2),CASRN,NOSIYYJFMPDDSA-UHFFFAOYSA-N,inchi
3599-32-4(2),CASRN,BDBMLMBYCXNVMC-UHFFFAOYSA-O,inchi
360-70-3(2),CASRN,JKWKMORAXJQQSR-UHFFFAOYSA-N,inchi
36001-88-4(2),CASRN,VHEWQRWLIDWRMR-UHFFFAOYSA-N,inchi
3605-1-4(2),CASRN,OQDPVLVUJFGPGQ-UHFFFAOYSA-N,inchi
36067-72-8(2),CASRN,ZNXAJGZPUQOEDZ-UHFFFAOYSA-N,inchi
361-37-5(2),CASRN,KPJZHOPZRAFDTN-UHFFFAOYSA-N,inchi
3613-30-7(2),CASRN,IDWULKZGRNHZNR-UHFFFAOYSA-N,inchi
361343-19-3(2),CASRN,LHYMPSWMHXUWSK-STZFKDTASA-N,inchi
361377-29-9(2),CASRN,UFEODZBUAFNAEU-UHFFFAOYSA-N,inchi
36141-82-9(2),CASRN,JNEZCZPNQCQCFK-UHFFFAOYSA-N,inchi
361442-04-8(2),CASRN,QGJUIPDUBHWZPV-UHFFFAOYSA-N,inchi
3615-24-5(2),CASRN,CARDOXGNHFSJFF-SQFISAMPSA-N,inchi
36167-63-2(2),CASRN,FOHHNHSLJDZUGQ-UHFFFAOYSA-N,inchi
36177-92-1(2),CASRN,FDAKZQLBIFPGSV-UHFFFAOYSA-N,inchi
362-05-0(4),CASRN,DILDHNKDVHLEQB-UHFFFAOYSA-N,inchi
362-07-2(4),CASRN,CQOQDQWUFQDJMK-UHFFFAOYSA-N,inchi
362-08-3(2),CASRN,WHEUWNKSCXYKBU-UHFFFAOYSA-N,inchi
362-74-3(2),CASRN,CJGYSWNGNKCJSB-UHFFFAOYSA-N,inchi
3622-84-2(4),CASRN,IPRJXAGUEGOFGG-UHFFFAOYSA-N,inchi
363-17-7(2),CASRN,XPHPBNGAXWJHHP-UHFFFAOYSA-N,inchi
363-24-6(2),CASRN,XEYBRNLFEZDVAW-ZQDYKODVSA-N,inchi
36304-84-4(2),CASRN,KBEZZLAAKIIPFK-UHFFFAOYSA-N,inchi
36322-90-4(4),CASRN,MNSCVRXKDINXEY-UHFFFAOYSA-N,inchi
36330-85-5(2),CASRN,ZPAKPRAICRBAOD-UHFFFAOYSA-N,inchi
36362-97-7(2),CASRN,UJMDYLWCYJJYMO-UHFFFAOYSA-N,inchi
364-62-5(2),CASRN,TTWJBBZEZQICBI-UHFFFAOYSA-N,inchi
364-98-7(2),CASRN,GDLBFKVLRPITMI-UHFFFAOYSA-N,inchi
36415-61-9(2),CASRN,HSIBGVUMFOSJPD-UHFFFAOYSA-N,inchi
36431-72-8(2),CASRN,GYUZHTWCNKINPY-UHFFFAOYSA-N,inchi
3644-61-9(4),CASRN,FSKFPVLPFLJRQB-UHFFFAOYSA-N,inchi
36443-68-2(2),CASRN,QSRJVOOOWGXUDY-UHFFFAOYSA-N,inchi
36443-80-8(2),CASRN,COSSPXYCRNRXRX-UHFFFAOYSA-N,inchi
364782-34-3(2),CASRN,VDHAWDNDOKGFTD-UHFFFAOYSA-N,inchi
36504-56-0(2),CASRN,NYMGNSNKLVNMIA-UHFFFAOYSA-N,inchi
36504-94-6(2),CASRN,ZZJYIKPMDIWRSN-UHFFFAOYSA-N,inchi
36505-84-7(4),CASRN,QWCRAEMEVRGPNT-UHFFFAOYSA-N,inchi
3658-48-8(2),CASRN,HZIUHEQKVCPTAJ-UHFFFAOYSA-N,inchi
3658-77-3(2),CASRN,PUVDDHUFFRRFMN-UHFFFAOYSA-N,inchi
36587-93-6(2),CASRN,HGMDNMBBCKDWTQ-UHFFFAOYSA-N,inchi
36589-58-9(2),CASRN,MGNVWUDMMXZUDI-UHFFFAOYSA-N,inchi
366-18-7(2),CASRN,ROFVEXUMMXZLPA-UHFFFAOYSA-N,inchi
"366-70-1(4), 671-16-9(2)",CASRN,CPTBDICYNRMXFX-UHFFFAOYSA-N,inchi
36631-30-8(2),CASRN,FJFYFBRNDHRTHL-UHFFFAOYSA-N,inchi
36637-18-0(2),CASRN,VTUSIVBDOCDNHS-UHFFFAOYSA-N,inchi
36653-82-4(4),CASRN,BXWNKGSJHAJOGX-UHFFFAOYSA-N,inchi
367-12-4(2),CASRN,HFHFGHLXUCOHLN-UHFFFAOYSA-N,inchi
367-25-9(2),CASRN,CEPCPXLLFXPZGW-UHFFFAOYSA-N,inchi
36727-29-4(2),CASRN,GEKPNPPFAYJZRD-UHFFFAOYSA-N,inchi
36734-19-7(4),CASRN,ONUFESLQCSAYKA-UHFFFAOYSA-N,inchi
36768-62-4(2),CASRN,FTVFPPFZRRKJIH-UHFFFAOYSA-N,inchi
36791-04-5(4),CASRN,IWUCXVSUMQZMFG-UHFFFAOYSA-N,inchi
3682-19-7(2),CASRN,XQFIOLKLHNOFCA-UHFFFAOYSA-N,inchi
3685-84-5(4),CASRN,XZTYGFHCIAKPGJ-UHFFFAOYSA-N,inchi
36861-47-9(4),CASRN,VFTURGJPQCAITG-JLHYYAGUSA-N,inchi
368832-42-2(2),CASRN,KDGDTPNBDMVKHC-UHFFFAOYSA-N,inchi
3689-24-5(4),CASRN,XIUROWKZWPIAIB-UHFFFAOYSA-N,inchi
3689-76-7(2),CASRN,WNAQOLSMVPFGTE-UHFFFAOYSA-N,inchi
369-77-7(2),CASRN,ZFSXZJXLKAJIGS-UHFFFAOYSA-N,inchi
3691-35-8(2),CASRN,UDHXJZHVNHGCEC-UHFFFAOYSA-N,inchi
3696-28-4(2),CASRN,ZHDBTKPXEJDTTQ-UHFFFAOYSA-N,inchi
3698-89-3(2),CASRN,KJWHJDGMOQJLGF-UHFFFAOYSA-N,inchi
3698-94-0(2),CASRN,WAITXWGCJQLPGH-UHFFFAOYSA-N,inchi
3699-54-5(2),CASRN,HBAIZGPCSAAFSU-UHFFFAOYSA-N,inchi
3703-79-5(2),CASRN,RDUHXGIIUDVSHR-UHFFFAOYSA-N,inchi
37076-68-9(4),CASRN,WFWLQNSHRPWKFK-UHFFFAOYSA-N,inchi
3709-43-1(4),CASRN,UETHPMGVZHBAFB-OWOJBTEDSA-N,inchi
37091-65-9(2),CASRN,JTWOMNBEOCYFNV-UHFFFAOYSA-N,inchi
371-40-4(2),CASRN,KRZCOLNOCZKSDF-UHFFFAOYSA-N,inchi
3710-84-7(2),CASRN,FVCOIAYSJZGECG-UHFFFAOYSA-N,inchi
37132-72-2(2),CASRN,SCGZIPCHOAVGCL-UHFFFAOYSA-N,inchi
37143-54-7(4),CASRN,NXMXETCTWNXSFG-UHFFFAOYSA-N,inchi
37148-27-9(2),CASRN,STJMRWALKKWQGH-UHFFFAOYSA-N,inchi
3717-88-2(2),CASRN,SPIUTQOUKAMGCX-UHFFFAOYSA-N,inchi
372-09-8(4),CASRN,MLIREBYILWEBDM-UHFFFAOYSA-N,inchi
3724-43-4(2),CASRN,RXFZQWIYCJKAMJ-UHFFFAOYSA-N,inchi
3724-65-0(4),CASRN,LDHQCZJRKDOVOX-NSCUHMNNSA-N,inchi
37280-56-1(4),CASRN,IEMDOFXTVAPVLX-NOVYJZLUSA-N,inchi
372965-00-9(2),CASRN,GYEBVHSGJPHJRP-UHFFFAOYSA-N,inchi
373-49-9(2),CASRN,SECPZKHBENQXJG-FPLPWBNLSA-N,inchi
3731-52-0(4),CASRN,HDOUGSFASVGDCS-UHFFFAOYSA-N,inchi
37321-09-8(2),CASRN,XZNUGFQTQHRASN-UHFFFAOYSA-N,inchi
"3734-33-6(4), 90823-38-4(2)",CASRN,ZFQMTVNLDNXRNQ-UHFFFAOYSA-O,inchi
3734-67-6(2),CASRN,RSNSKUBBVCGSND-UHFFFAOYSA-N,inchi
3735-85-1(2),CASRN,KFDDPVMIQMFHBI-UHFFFAOYSA-N,inchi
3736-81-0(2),CASRN,BDYYDXJSHYEDGB-UHFFFAOYSA-N,inchi
3737-33-5(2),CASRN,USKHCLAXJXCWMO-UHFFFAOYSA-N,inchi
3737-41-5(2),CASRN,GCAXGCSCRRVVLF-UHFFFAOYSA-N,inchi
3737-9-5(2),CASRN,UVTNFZQICZKOEM-UHFFFAOYSA-N,inchi
3739-38-6(2),CASRN,NXTDJHZGHOFSQG-UHFFFAOYSA-N,inchi
3741-38-6(2),CASRN,WDXYVJKNSMILOQ-UHFFFAOYSA-N,inchi
3748-13-8(2),CASRN,IBVPVTPPYGGAEL-UHFFFAOYSA-N,inchi
375-85-9(2),CASRN,ZWBAMYVPMDSJGQ-UHFFFAOYSA-N,inchi
375-95-1(2),CASRN,UZUFPBIDKMEQEQ-UHFFFAOYSA-N,inchi
37517-26-3(2),CASRN,KTOYYUONFQWSMW-UHFFFAOYSA-N,inchi
37517-28-5(2),CASRN,LKCWBDHBTVXHDL-UHFFFAOYSA-N,inchi
37526-59-3(2),CASRN,HIFGQHGWMTZMOH-UHFFFAOYSA-N,inchi
37526-88-8(2),CASRN,QRGSTISKDZCDHV-XCVCLJGOSA-N,inchi
3753-81-9(2),CASRN,VBISQLWPGDULSX-UHFFFAOYSA-N,inchi
37561-27-6(2),CASRN,UBAJTZKNDCEGKL-UHFFFAOYSA-N,inchi
3758-34-7(2),CASRN,PQCRZWCSVWBYSC-UHFFFAOYSA-N,inchi
3758-34-7(4),CASRN,PQCRZWCSVWBYSC-UHFFFAOYSA-N,inchi
"375815-87-5(2), 230615-23-3(2)",CASRN,JQSHBVHOMNKWFT-UHFFFAOYSA-N,inchi
3759-92-0(2),CASRN,YVQVOQKFMFRVGR-UHFFFAOYSA-N,inchi
37609-25-9(2),CASRN,ABRIMXGLNHCLIP-VURMDHGXSA-N,inchi
376348-65-1(2),CASRN,GSNHKUDZZFZSJB-UHFFFAOYSA-N,inchi
3764-01-0(2),CASRN,DPVIABCMTHHTGB-UHFFFAOYSA-N,inchi
3766-60-7(2),CASRN,BYYMILHAKOURNM-UHFFFAOYSA-N,inchi
"3766-81-2, 003766-81-2(2)",CASRN,DIRFUJHNVNOBMY-UHFFFAOYSA-N,inchi
37661-08-8(2),CASRN,PFOLLRNADZZWEX-UHFFFAOYSA-N,inchi
37686-84-3(2),CASRN,JOAHPSVPXZTVEP-UHFFFAOYSA-N,inchi
37693-01-9(2),CASRN,HQVZOORKDNCGCK-UHFFFAOYSA-N,inchi
3771-19-5(2),CASRN,XJGBDJOMWKAZJS-UHFFFAOYSA-N,inchi
3772-76-7(2),CASRN,QKLSCPPJEVXONT-UHFFFAOYSA-N,inchi
3775-55-1(2),CASRN,VTWQUFUBSCXPOW-UHFFFAOYSA-N,inchi
3775-90-4(2),CASRN,BEWCNXNIQCLWHP-UHFFFAOYSA-N,inchi
37762-06-4(2),CASRN,REZGGXNDEMKIQB-UHFFFAOYSA-N,inchi
37764-25-3(4),CASRN,YRMLFORXOOIJDR-UHFFFAOYSA-N,inchi
3777-69-3(2),CASRN,YVBAUDVGOFCUSG-UHFFFAOYSA-N,inchi
3778-73-2(6),CASRN,HOMGKSMUEGBAAB-UHFFFAOYSA-N,inchi
3778-76-5(4),CASRN,WGZDBVOTUVNQFP-UHFFFAOYSA-N,inchi
"378-44-9(4), 50-02-2(2)",CASRN,UREBDLICKHMUKA-UHFFFAOYSA-N,inchi
37883-00-4(2),CASRN,XWTILSPASIPYLP-WWXMDWTASA-N,inchi
3789-59-1(2),CASRN,AQFLVLHRZFLDDV-UHFFFAOYSA-N,inchi
379-79-3(6),CASRN,XCGSFFUVFURLIX-UHFFFAOYSA-N,inchi
3790-78-1(2),CASRN,FQTLCLSUCSAZDY-KAMYIIQDSA-N,inchi
38029-10-6(2),CASRN,VQDBNKDJNJQRDG-UHFFFAOYSA-N,inchi
380315-80-0(2),CASRN,WOWJIWFCOPZFGV-UHFFFAOYSA-N,inchi
3804-89-5(2),CASRN,GQZQCROBCYNTMU-UHFFFAOYSA-N,inchi
38051-02-4(2),CASRN,DLIRUVZALPTEMG-UHFFFAOYSA-N,inchi
38083-17-9(2),CASRN,OWEGWHBOCFMBLP-UHFFFAOYSA-N,inchi
38090-53-8(2),CASRN,FMKJUUQOYOHLTF-OWOJBTEDSA-N,inchi
38099-82-0(2),CASRN,RNBGYGVWRKECFJ-UHFFFAOYSA-N,inchi
3810-35-3(2),CASRN,ZLOXYEZYWCTXHU-UHFFFAOYSA-N,inchi
3810-74-0(2),CASRN,UCSJYZPVAKXKNQ-UHFFFAOYSA-N,inchi
38103-06-9(2),CASRN,MQAHXEQUBNDFGI-UHFFFAOYSA-N,inchi
38103-61-6(2),CASRN,SKQDKFOTIPJUSV-UHFFFAOYSA-N,inchi
3811-73-2(2),CASRN,FGVVTMRZYROCTH-UHFFFAOYSA-N,inchi
3817-11-6(2),CASRN,DIKPQFXYECAYPC-UHFFFAOYSA-N,inchi
3818-37-9(2),CASRN,QNEXFJFTGQBXBJ-UHFFFAOYSA-N,inchi
3819-00-9(2),CASRN,BTFMCMVEUCGQDX-UHFFFAOYSA-N,inchi
38194-50-2(4),CASRN,MLKXDPUZXIRXEP-MFOYZWKCSA-N,inchi
382-67-2(2),CASRN,VWVSBHGCDBMOOT-UHFFFAOYSA-N,inchi
38205-60-6(2),CASRN,BLQOKWQUTLNKON-UHFFFAOYSA-N,inchi
"3825-26-1(2), 335-67-1(2)",CASRN,SNGREZUHAYWORS-UHFFFAOYSA-N,inchi
38260-54-7(2),CASRN,FGIWFCGDPUIBEZ-UHFFFAOYSA-N,inchi
383-63-1(2),CASRN,STSCVKRWJPWALQ-UHFFFAOYSA-N,inchi
38304-91-5(2),CASRN,ZFMITUMMTDLWHR-UHFFFAOYSA-N,inchi
3836-23-5(2),CASRN,APTGJECXMIKIET-UHFFFAOYSA-N,inchi
38363-32-5(2),CASRN,KQXKVJAGOJTNJS-UHFFFAOYSA-N,inchi
38398-32-2(2),CASRN,PGTVWKLGGCQMBR-UHFFFAOYSA-N,inchi
384-22-5(4),CASRN,NDZJSUCUYPZXPR-UHFFFAOYSA-N,inchi
3844-45-9(2),CASRN,CTRXDTYTAAKVSM-UHFFFAOYSA-O,inchi
38444-81-4(1),CASRN,ONNCPBRWFSKDMQ-UHFFFAOYSA-N,inchi
38462-22-5(2),CASRN,RVOKNSFEAOYULQ-UHFFFAOYSA-N,inchi
3848-24-6(2),CASRN,MWVFCEVNXHTDNF-UHFFFAOYSA-N,inchi
3855-32-1(2),CASRN,SKCNNQDRNPQEFU-UHFFFAOYSA-N,inchi
"38562-01-5(2), 551-11-1(2)",CASRN,PXGPLTODNUVGFL-ZQDYKODVSA-N,inchi
3858-89-7(2),CASRN,VDANGULDQQJODZ-UHFFFAOYSA-N,inchi
"386-17-4(2), 2217-44-9(2)",CASRN,KVFPRLVRGPLMDH-UHFFFAOYSA-N,inchi
38609-97-1(2),CASRN,UOMKBIIXHQIERR-UHFFFAOYSA-N,inchi
3861-73-2(2),CASRN,QFVHZQCOUORWEI-UHFFFAOYSA-N,inchi
38661-72-2(2),CASRN,XSCLFFBWRKTMTE-UHFFFAOYSA-N,inchi
3867-15-0(2),CASRN,WWSAYKJWUZJLRT-UHFFFAOYSA-N,inchi
3871-99-6(2),CASRN,QZHDEAJFRJCDMF-UHFFFAOYSA-N,inchi
38713-56-3(2),CASRN,MBNSKHJDYXPONL-UHFFFAOYSA-N,inchi
38716-68-6(2),CASRN,HBULKUDERNWOBN-UHFFFAOYSA-N,inchi
3878-19-1(2),CASRN,UYJUZNLFJAWNEZ-UHFFFAOYSA-N,inchi
3878-55-5(2),CASRN,JDRMYOQETPMYQX-UHFFFAOYSA-N,inchi
387867-13-2(2),CASRN,UXXQOJXBIDBUAC-UHFFFAOYSA-N,inchi
38821-52-2(2),CASRN,JXZZEXZZKAWDSP-UHFFFAOYSA-N,inchi
38821-53-3(2),CASRN,RDLPVSKMFDYCOR-UHFFFAOYSA-N,inchi
3883-43-0(4),CASRN,ZOZUXFQYIYUIND-UHFFFAOYSA-N,inchi
389-08-2(6),CASRN,MHWLWQUZZRMNGJ-UHFFFAOYSA-N,inchi
389574-19-0(2),CASRN,DTGLZDAWLRGWQN-UHFFFAOYSA-N,inchi
3896-11-5(2),CASRN,OCWYEMOEOGEQAN-UHFFFAOYSA-N,inchi
3902-71-4(2),CASRN,FMHHVULEAZTJMA-UHFFFAOYSA-N,inchi
39025-23-5(2),CASRN,WDXRGPWQVHZTQJ-AYSLTRBKSA-N,inchi
391210-10-9(2),CASRN,SUDAHWBOROXANE-UHFFFAOYSA-N,inchi
3913-2-8(2),CASRN,XMVBHZBLHNOQON-UHFFFAOYSA-N,inchi
3913-81-3(2),CASRN,MMFCJPPRCYDLLZ-CMDGGOBGSA-N,inchi
39196-18-4(2),CASRN,FZSVSABTBYGOQH-UHFFFAOYSA-N,inchi
392-12-1(2),CASRN,RSTKLPZEZYGQPY-UHFFFAOYSA-N,inchi
3923-79-3(2),CASRN,LGJMYGMNWHYGCB-UHFFFAOYSA-N,inchi
39236-46-9(4),CASRN,ZCTXEAQXZGPWFG-UHFFFAOYSA-N,inchi
39255-32-8(2),CASRN,HZPKNSYIDSNZKW-UHFFFAOYSA-N,inchi
"3926-62-3(4), 79-11-8(2)",CASRN,FOCAUTSVDIKZOP-UHFFFAOYSA-N,inchi
393-52-2(2),CASRN,RAAGZOYMEQDCTD-UHFFFAOYSA-N,inchi
393-75-9(2),CASRN,HFHAVERNVFNSHL-UHFFFAOYSA-N,inchi
"3930-20-9(2), 959-24-0(4)",CASRN,ZBMZVLHSJCTVON-UHFFFAOYSA-N,inchi
39300-45-3(2),CASRN,CJODAJKFLVIKHL-XBXARRHUSA-N,inchi
3934-20-1(2),CASRN,BTTNYQZNBZNDOR-UHFFFAOYSA-N,inchi
3936-2-5(2),CASRN,TWQWRHIQRAZHPR-UHFFFAOYSA-N,inchi
3938-95-2(2),CASRN,HHEIMYAXCOIQCJ-UHFFFAOYSA-N,inchi
39511-08-5(2),CASRN,VZIRCHXYMBFNFD-HNQUOIGGSA-N,inchi
39515-40-7(2),CASRN,FJDPATXIBIBRIM-UHFFFAOYSA-N,inchi
39515-41-8(4),CASRN,XQUXKZZNEFRCAW-UHFFFAOYSA-N,inchi
39515-51-0(4),CASRN,MRLGCTNJRREZHZ-UHFFFAOYSA-N,inchi
39562-70-4(2),CASRN,VVTJQHCRBOHFTD-UHFFFAOYSA-N,inchi
396-01-0(6),CASRN,FNYLWPVRPXGIIP-UHFFFAOYSA-N,inchi
39624-66-3(2),CASRN,ICPHJSKVAZMKIV-UHFFFAOYSA-N,inchi
3963-95-9(2),CASRN,QNJKSUYWBCNWFI-UHFFFAOYSA-N,inchi
3964-81-6(2),CASRN,SEBMTIQKRHYNIT-UHFFFAOYSA-N,inchi
3965-55-7(2),CASRN,HTXMGVTWXZBZNC-UHFFFAOYSA-N,inchi
3970-62-5(2),CASRN,HMSVXZJWPVIVIV-UHFFFAOYSA-N,inchi
39711-79-0(2),CASRN,VUNOFAIHSALQQH-UHFFFAOYSA-N,inchi
39731-05-0(2),CASRN,SJYFDORQYYEJLB-UHFFFAOYSA-N,inchi
3979-76-8(2),CASRN,HHRZAEJMHSGZNP-UHFFFAOYSA-N,inchi
39800-16-3(2),CASRN,VPAWVRUHMJVRHU-UHFFFAOYSA-N,inchi
39809-25-1(2),CASRN,JNTOCHDNEULJHD-UHFFFAOYSA-N,inchi
39878-70-1(2),CASRN,SOROUYSPFADXSN-UHFFFAOYSA-N,inchi
3988-03-2(2),CASRN,LFABNOYDEODDFX-UHFFFAOYSA-N,inchi
40054-69-1(2),CASRN,VMZUTJCNQWMAGF-UHFFFAOYSA-N,inchi
4008-48-4(2),CASRN,RJIWZDNTCBHXAL-UHFFFAOYSA-N,inchi
4015-32-1(2),CASRN,STAYVYIMUXVGBN-UHFFFAOYSA-N,inchi
4016-14-2(2),CASRN,NWLUZGJDEZBBRH-UHFFFAOYSA-N,inchi
40180-04-9(4),CASRN,AGHANLSBXUWXTB-UHFFFAOYSA-N,inchi
4023-2-3(2),CASRN,UCQFSGCWHRTMGG-UHFFFAOYSA-N,inchi
4023-65-8(2),CASRN,GTZCVFVGUGFEME-HNQUOIGGSA-N,inchi
402910-27-4(2),CASRN,QIWQQMZFTOCFGF-UHFFFAOYSA-N,inchi
40372-72-3(2),CASRN,VTHOKNTVYKTUPI-UHFFFAOYSA-N,inchi
40391-99-9(2),CASRN,WRUUGTRCQOWXEG-UHFFFAOYSA-N,inchi
404-86-4(4),CASRN,YKPUWZUDDOIDPM-SOFGYWHQSA-N,inchi
"404001-49-6(2), 171058-21-2(2), 219947-94-1(2)",CASRN,BMKLRPQTYXVGNK-UHFFFAOYSA-N,inchi
4044-65-9(2),CASRN,OMWQUXGVXQELIX-UHFFFAOYSA-N,inchi
40487-42-1(4),CASRN,CHIFOSRWCNZCFN-UHFFFAOYSA-N,inchi
40516-48-1(2),CASRN,RIQIJXOWVAHQES-BUXFCOQUSA-N,inchi
"40596-69-8(4), 65733-16-6(2)",CASRN,NFGXHKASABOEEW-LDRANXPESA-N,inchi
40601-76-1(2),CASRN,XYXJKPCGSGVSBO-UHFFFAOYSA-N,inchi
4062-60-6(2),CASRN,KGHYGBGIWLNFAV-UHFFFAOYSA-N,inchi
40649-36-3(2),CASRN,NQEDLIZOPMNZMC-UHFFFAOYSA-N,inchi
4065-45-6(6),CASRN,CXVGEDCSTKKODG-UHFFFAOYSA-N,inchi
40666-16-8(2),CASRN,WWSWYXNVCBLWNZ-YVKATYTESA-N,inchi
407-41-0(2),CASRN,BZQFBWGGLXLEPQ-UHFFFAOYSA-N,inchi
40796-97-2(2),CASRN,MNJNPLVXBISNSX-UHFFFAOYSA-N,inchi
40828-46-4(2),CASRN,MDKGKXOCJGEUJW-UHFFFAOYSA-N,inchi
4083-64-1(4),CASRN,VLJQDHDVZJXNQL-UHFFFAOYSA-N,inchi
40876-98-0(2),CASRN,VKNUORWMCINMRB-UHFFFAOYSA-N,inchi
4093-35-0(2),CASRN,GIYAQDDTCWHPPL-UHFFFAOYSA-N,inchi
40957-83-3(1),CASRN,DXYUAIFZCFRPTH-UHFFFAOYSA-N,inchi
4097-22-7(4),CASRN,WVXRAFOPTSTNLL-UHFFFAOYSA-N,inchi
4098-71-9(4),CASRN,NIMLQBUJDJZYEJ-UHFFFAOYSA-N,inchi
4107-98-6(2),CASRN,OVSARSKQWCLSJT-UHFFFAOYSA-N,inchi
41078-02-8(2),CASRN,SIQPXVQCUCHWDI-UHFFFAOYSA-N,inchi
41122-70-7(2),CASRN,VADSDVGLFDVIMG-UHFFFAOYSA-N,inchi
41136-22-5(4),CASRN,DZMVCVMFETWNIU-UHFFFAOYSA-N,inchi
41198-08-7(2),CASRN,QYMMJNLHFKGANY-UHFFFAOYSA-N,inchi
4128-17-0(2),CASRN,ZGIGZINMAOQWLX-NCZFFCEISA-N,inchi
4128-37-4(2),CASRN,BGRWYRAHAFMIBJ-UHFFFAOYSA-N,inchi
41294-56-8(2),CASRN,OFHCOWSQAMBJIW-ZCJKAFFOSA-N,inchi
4130-42-1(4),CASRN,BVUXDWXKPROUDO-UHFFFAOYSA-N,inchi
4130-8-9(2),CASRN,NOZAQBYNLKNDRT-UHFFFAOYSA-N,inchi
4131-74-2(2),CASRN,MYWWWNVEZBAKHR-UHFFFAOYSA-N,inchi
41317-15-1(4),CASRN,CYMPUOGZUXAIMY-UHFFFAOYSA-N,inchi
41340-25-4(4),CASRN,NNYBQONXHNTVIJ-UHFFFAOYSA-N,inchi
41351-30-8(2),CASRN,YKEXNVPSARYZDR-UHFFFAOYSA-N,inchi
"41372-08-1(6), 555-30-6(2)",CASRN,CJCSPKMFHVPWAR-UHFFFAOYSA-N,inchi
41394-05-2(2),CASRN,VHCNQEUWZYOAEV-UHFFFAOYSA-N,inchi
41394-05-2(3),CASRN,VHCNQEUWZYOAEV-UHFFFAOYSA-N,inchi
41395-83-9(2),CASRN,SGRCVQDBWHCTIS-UHFFFAOYSA-N,inchi
41424-36-6(2),CASRN,NMPPAMFEYWGNCI-UHFFFAOYSA-N,inchi
41468-25-1(2),CASRN,NGVDGCNFYWLIFO-UHFFFAOYSA-N,inchi
41481-66-7(2),CASRN,MTMKZABGIQJAEX-UHFFFAOYSA-N,inchi
41483-43-6(2),CASRN,DSKJPMWIHSOYEA-UHFFFAOYSA-N,inchi
4151-50-2(2),CASRN,CCEKAJIANROZEO-UHFFFAOYSA-N,inchi
41519-23-7(2),CASRN,OSMAJVWUIUORGC-WAYWQWQTSA-N,inchi
41532-84-7(2),CASRN,WJZSZXCWMATYFX-UHFFFAOYSA-N,inchi
4162-45-2(2),CASRN,RVHUMFJSCJBNGS-UHFFFAOYSA-N,inchi
41621-49-2(2),CASRN,SCKYRAXSEDYPSA-UHFFFAOYSA-N,inchi
41653-21-8(2),CASRN,QLGIFPJNYPWBMQ-UHFFFAOYSA-N,inchi
41663-84-7(2),CASRN,JBCHWGTZAAZJKG-UHFFFAOYSA-N,inchi
4169-4-4(2),CASRN,LOJHHQNEBFCTQK-UHFFFAOYSA-N,inchi
4170-30-3(2),CASRN,MLUCVPSAIODCQM-NSCUHMNNSA-N,inchi
41717-30-0(2),CASRN,SRIJFPBZWUFLFD-UHFFFAOYSA-N,inchi
41748-47-4(2),CASRN,SPPTWHFVYKCNNK-UHFFFAOYSA-N,inchi
41814-78-2(2),CASRN,DQJCHOQLCLEDLL-UHFFFAOYSA-N,inchi
41826-92-0(2),CASRN,YPTFHLJNWSJXKG-UHFFFAOYSA-N,inchi
41859-67-0(4),CASRN,IIBYAHWJQTYFKB-UHFFFAOYSA-N,inchi
4191-73-5(2),CASRN,CMHMMKSPYOOVGI-UHFFFAOYSA-N,inchi
4196-86-5(2),CASRN,MINJAOUGXYRTEI-UHFFFAOYSA-N,inchi
4196-89-8(2),CASRN,DYJIIMFHSZKBDY-UHFFFAOYSA-N,inchi
420-04-2(4),CASRN,XZMCDFZZKTWFGF-UHFFFAOYSA-N,inchi
420-12-2(2),CASRN,VOVUARRWDCVURC-UHFFFAOYSA-N,inchi
42019-78-3(4),CASRN,RUETVLNXAGWCDS-UHFFFAOYSA-N,inchi
"4205-90-7(2), 4205-91-8(2)",CASRN,GJSURZIOUXUGAL-UHFFFAOYSA-N,inchi
42200-33-9(2),CASRN,VWPOSFSPZNDTMJ-UHFFFAOYSA-N,inchi
"4221-98-1(2), 99-83-2(2)",CASRN,OGLDWXZKYODSOB-UHFFFAOYSA-N,inchi
42228-92-2(2),CASRN,QAWIHIJWNYOLBE-UHFFFAOYSA-N,inchi
4225-26-7(1),CASRN,IMHDGJOMLMDPJN-UHFFFAOYSA-N,inchi
423-55-2(2),CASRN,WTWWXOGTJWMJHI-UHFFFAOYSA-N,inchi
42399-41-7(2),CASRN,HSUGRBWQSSZJOP-UHFFFAOYSA-N,inchi
4245-41-4(2),CASRN,FHXBMXJMKMWVRG-UHFFFAOYSA-N,inchi
4246-51-9(2),CASRN,JCEZOHLWDIONSP-UHFFFAOYSA-N,inchi
42461-84-7(2),CASRN,NOOCSNJCXJYGPE-UHFFFAOYSA-N,inchi
4247-2-3(2),CASRN,XPJVKCRENWUEJH-UHFFFAOYSA-N,inchi
42471-28-3(2),CASRN,VFEDRRNHLBGPNN-UHFFFAOYSA-N,inchi
42482-06-4(2),CASRN,WSGFXVFLWVXTCJ-VOTSOKGWSA-N,inchi
4250-77-5(2),CASRN,XYHWPQUEOOBIOW-UHFFFAOYSA-N,inchi
42509-80-8(2),CASRN,XRHGWAGWAHHFLF-UHFFFAOYSA-N,inchi
4252-78-2(6),CASRN,VYWPPRLJNVHPEU-UHFFFAOYSA-N,inchi
4253-34-3(2),CASRN,TVJPBVNWVPUZBM-UHFFFAOYSA-N,inchi
42540-40-9(2),CASRN,RRJHESVQVSRQEX-UHFFFAOYSA-N,inchi
42553-65-1(2),CASRN,SEBIKDIMAPSUBY-CKZAFTHVSA-N,inchi
42588-37-4(2),CASRN,FZRBKIRIBLNOAM-WHVZTFIZSA-N,inchi
42594-17-2(2),CASRN,VEBCLRKUSAGCDF-UHFFFAOYSA-N,inchi
426-13-1(4),CASRN,FAOZLTXFLGPHNG-UHFFFAOYSA-N,inchi
4261-68-1(2),CASRN,DBVADBHSJCWFKI-UHFFFAOYSA-N,inchi
4265-16-1(2),CASRN,ADDZHRRCUWNSCS-UHFFFAOYSA-N,inchi
427-51-0(6),CASRN,UWFYSQMTEOIJJG-UHFFFAOYSA-N,inchi
4272-74-6(2),CASRN,RDFCSSHDJSZMTQ-UHFFFAOYSA-N,inchi
4273-98-7(2),CASRN,JBCUKQQIWSWEOK-UHFFFAOYSA-N,inchi
42779-82-8(2),CASRN,SJCRQMUYEQHNTC-UHFFFAOYSA-N,inchi
4282-42-2(2),CASRN,OGSJMFCWOUHXHN-UHFFFAOYSA-N,inchi
42835-25-6(2),CASRN,DPSPPJIUMHPXMA-UHFFFAOYSA-N,inchi
42864-78-8(2),CASRN,HXLAFSUPPDYFEO-UHFFFAOYSA-N,inchi
42874-03-3(4),CASRN,OQMBBFQZGJFLBU-UHFFFAOYSA-N,inchi
42879-47-0(2),CASRN,VOPWPUXOWBDNBN-UHFFFAOYSA-N,inchi
4291-63-8(4),CASRN,PTOAARAWEBMLNO-UHFFFAOYSA-N,inchi
4292-19-7(2),CASRN,GCDPERPXPREHJF-UHFFFAOYSA-N,inchi
42924-53-8(2),CASRN,BLXXJMDCKKHMKV-UHFFFAOYSA-N,inchi
42971-09-5(4),CASRN,DDNCQMVWWZOMLN-UHFFFAOYSA-N,inchi
4300-97-4(2),CASRN,MQZNDDUMJVSIMH-UHFFFAOYSA-N,inchi
431-03-8(2),CASRN,QSJXEFYPDANLFS-UHFFFAOYSA-N,inchi
4310-35-4(2),CASRN,NPRHVSBSZMAEIN-UHFFFAOYSA-N,inchi
43119-47-7(2),CASRN,MSCCTZZBYHQMQJ-UHFFFAOYSA-N,inchi
4312-99-6(2),CASRN,KLTVSWGXIAYTHO-UHFFFAOYSA-N,inchi
43121-43-3(2),CASRN,WURBVZBTWMNKQT-UHFFFAOYSA-N,inchi
4316-74-9(2),CASRN,SUZRRICLUFMAQD-UHFFFAOYSA-N,inchi
432-25-7(2),CASRN,MOQGCGNUWBPGTQ-UHFFFAOYSA-N,inchi
432-60-0(2),CASRN,ATXHVCQZZJYMCF-UHFFFAOYSA-N,inchi
43210-67-9(4),CASRN,HDDSHPAODJUKPD-UHFFFAOYSA-N,inchi
43222-48-6(4),CASRN,LBGPXIPGGRQBJW-UHFFFAOYSA-N,inchi
4330-99-8(2),CASRN,ZZHLYYDVIOPZBE-UHFFFAOYSA-N,inchi
"433337-23-6(2), 244193-56-4(2), 412009-62-2(2), 188589-32-4(2), 171058-18-7(2), 362043-46-7(2)",CASRN,LDVVBLGHGCHZBJ-UHFFFAOYSA-N,inchi
434-03-7(6),CASRN,CHNXZKVNWQUJIB-UHFFFAOYSA-N,inchi
434-07-1(4),CASRN,DLZUBMGMHUNDLF-UHFFFAOYSA-N,inchi
434-07-1(6),CASRN,DLZUBMGMHUNDLF-UHFFFAOYSA-N,inchi
434-13-9(4),CASRN,SMEROWZSTRWXGI-UHFFFAOYSA-N,inchi
434-22-0(6),CASRN,NPAGDVCDWIYMMC-UHFFFAOYSA-N,inchi
434-22-0(8),CASRN,NPAGDVCDWIYMMC-UHFFFAOYSA-N,inchi
4342-3-4(4),CASRN,FDKXTQMXEQVLRF-UHFFFAOYSA-N,inchi
4344-55-2(2),CASRN,UBRIHZOFEJHMIT-UHFFFAOYSA-N,inchi
4345-3-3(4),CASRN,IELOKBJPULMYRW-UHFFFAOYSA-N,inchi
4350-9-8(4),CASRN,LDCYZAJDBXYCGN-UHFFFAOYSA-N,inchi
4360-12-7(2),CASRN,CJDRUOGAGYHKKD-UHFFFAOYSA-N,inchi
437-38-7(2),CASRN,PJMPHNIQZUBGLI-UHFFFAOYSA-N,inchi
437-74-1(2),CASRN,DSFGXPJYDCSWTA-UHFFFAOYSA-N,inchi
4376-18-5(2),CASRN,FNJSWIPFHMKRAT-UHFFFAOYSA-N,inchi
4376-20-9(2),CASRN,DJDSLBVSSOQSLW-UHFFFAOYSA-N,inchi
439-14-5(4),CASRN,AAOVKJBEBIDNHE-UHFFFAOYSA-N,inchi
4394-00-7(2),CASRN,JZFPYUNJRRFVQU-UHFFFAOYSA-N,inchi
4394-4-1(2),CASRN,HUIJQYKRBFBVAO-UHFFFAOYSA-N,inchi
4394-5-2(2),CASRN,XEQIPELDMSEBJG-UHFFFAOYSA-N,inchi
4394-85-8(2),CASRN,LCEDQNDDFOCWGG-UHFFFAOYSA-N,inchi
439687-69-1(2),CASRN,NJXZWIIMWNEOGJ-UHFFFAOYSA-N,inchi
440-17-5(2),CASRN,ZEWQUBUPAILYHI-UHFFFAOYSA-N,inchi
440-58-4(2),CASRN,VVDGWALACJEJKG-UHFFFAOYSA-N,inchi
4403-61-6(2),CASRN,IHXNSHZBFXGOJM-HYXAFXHYSA-N,inchi
4408-78-0(2),CASRN,XUYJLQHKOGNDPB-UHFFFAOYSA-N,inchi
"4418-26-2(2), 520-45-6(2)",CASRN,PGRHXDWITVMQBC-UHFFFAOYSA-N,inchi
4419-39-0(2),CASRN,NBMKJKDGKREAPL-UHFFFAOYSA-N,inchi
4420-74-0(2),CASRN,UUEWCQRISZBELL-UHFFFAOYSA-N,inchi
4422-95-1(2),CASRN,UWCPYKQBIPYOLX-UHFFFAOYSA-N,inchi
443-48-1(6),CASRN,VAOCPAMSLUNLGC-UHFFFAOYSA-N,inchi
443-72-1(2),CASRN,CKOMXBHMKXXTNW-UHFFFAOYSA-N,inchi
4433-79-8(4),CASRN,MOUVJGIRLPZEES-UHFFFAOYSA-N,inchi
4437-51-8(2),CASRN,KVFQMAZOBTXCAZ-UHFFFAOYSA-N,inchi
4437-85-8(2),CASRN,ZZXUZKXVROWEIF-UHFFFAOYSA-N,inchi
"4438-22-6(2), 4574-60-1(2)",CASRN,HGWPFSBHDACWNL-UHFFFAOYSA-N,inchi
443913-73-3(2),CASRN,UHTHHESEBZOYNR-UHFFFAOYSA-N,inchi
444731-52-6(2),CASRN,CUIHSIWYWATEQL-UHFFFAOYSA-N,inchi
4449-51-8(2),CASRN,QASFUMOKHFSJGL-UHFFFAOYSA-N,inchi
445295-04-5(2),CASRN,CNIGFESSDPOCKS-UHFFFAOYSA-N,inchi
4454-5-1(2),CASRN,XCYWUZHUTJDTGS-UHFFFAOYSA-N,inchi
4455-26-9(2),CASRN,YJLYANLCNIKXMG-UHFFFAOYSA-N,inchi
446-35-5(2),CASRN,RJXOVESYJFXCGI-UHFFFAOYSA-N,inchi
446-72-0(26),CASRN,TZBJGXHYKVUXJN-UHFFFAOYSA-N,inchi
446-86-6(4),CASRN,LMEKQMALGUDUQG-UHFFFAOYSA-N,inchi
4460-86-0(2),CASRN,IAJBQAYHSQIQRE-UHFFFAOYSA-N,inchi
4468-42-2(2),CASRN,SLVCCWGFGQVDMN-UHFFFAOYSA-N,inchi
447-41-6(2),CASRN,PTGXAUBQBSGPKF-UHFFFAOYSA-N,inchi
44860-68-6(2),CASRN,GAECBAMNQFGJIM-UHFFFAOYSA-N,inchi
44992-01-0(2),CASRN,AIUAMYPYEUQVEM-UHFFFAOYSA-N,inchi
4501-58-0(2),CASRN,OGCGGWYLHSJRFY-UHFFFAOYSA-N,inchi
451-40-1(2),CASRN,OTKCEEWUXHVZQI-UHFFFAOYSA-N,inchi
452-35-7(2),CASRN,OUZWUKMCLIBBOG-UHFFFAOYSA-N,inchi
452-86-8(2),CASRN,ZBCATMYQYDCTIZ-UHFFFAOYSA-N,inchi
4532-64-3(2),CASRN,TWWSEEHCVDRRRI-UHFFFAOYSA-N,inchi
4536-23-6(2),CASRN,CVKMFSAVYPAZTQ-UHFFFAOYSA-N,inchi
4536-30-5(2),CASRN,SFNALCNOMXIBKG-UHFFFAOYSA-N,inchi
454-92-2(2),CASRN,FQXQBFUUVCDIRK-UHFFFAOYSA-N,inchi
4544-15-4(2),CASRN,RZWPJFMNFATBEG-UHFFFAOYSA-N,inchi
4548-53-2(2),CASRN,DZCOAQKTFAIFRV-UHFFFAOYSA-N,inchi
4553-62-2(4),CASRN,FPPLREPCQJZDAQ-UHFFFAOYSA-N,inchi
4559-86-8(2),CASRN,SNDGLCYYBKJSOT-UHFFFAOYSA-N,inchi
456-59-7(2),CASRN,WZHCOOQXZCIUNC-UHFFFAOYSA-N,inchi
4564-87-8(2),CASRN,FQVHOULQCKDUCY-OUKQBFOZSA-N,inchi
"458-24-2(2), 3616-78-2(2), 3239-45-0(2)",CASRN,DBGIVFWFUFKIQN-UHFFFAOYSA-N,inchi
4584-57-0(2),CASRN,NVLSIZITFJRWPY-ONEGZZNKSA-N,inchi
459-57-4(2),CASRN,UOQXIWFBQSVDPP-UHFFFAOYSA-N,inchi
459-80-3(2),CASRN,ZHYZQXUYZJNEHD-VQHVLOKHSA-N,inchi
460-00-4(4),CASRN,AITNMTXHTIIIBB-UHFFFAOYSA-N,inchi
460081-99-6(2),CASRN,GLUDVMFRXKAGHO-UHFFFAOYSA-N,inchi
4602-84-0(2),CASRN,CRDAMVZIKSXKFV-YFVJMOTDSA-N,inchi
"460345-16-8(2), 85100-78-3(2), 171058-17-6(2), 304680-35-1(2), 178631-05-5(2), 244193-50-8(2)",CASRN,RVEJOWGVUQQIIZ-UHFFFAOYSA-N,inchi
461-05-2(2),CASRN,PHIQHXFUZVPYII-UHFFFAOYSA-O,inchi
461-58-5(4),CASRN,QGBSISYHAICWAH-UHFFFAOYSA-N,inchi
461023-63-2(2),CASRN,GWNOTCOIYUNTQP-UHFFFAOYSA-N,inchi
4618-18-2(2),CASRN,JCQLYHFGKNRPGE-UHFFFAOYSA-N,inchi
462-06-6(2),CASRN,PYLWMHQQBFSUBP-UHFFFAOYSA-N,inchi
462-08-8(4),CASRN,CUYKNJBYIJFRCU-UHFFFAOYSA-N,inchi
4620-70-6(2),CASRN,IUXYVKZUDNLISR-UHFFFAOYSA-N,inchi
4621-4-9(2),CASRN,DKKRDMLKVSKFMJ-UHFFFAOYSA-N,inchi
463-04-7(2),CASRN,CSDTZUBPSYWZDX-UHFFFAOYSA-N,inchi
463-40-1(6),CASRN,DTOSIQBPPRVQHS-PDBXOOCHSA-N,inchi
4630-7-3(2),CASRN,QEBNYNLSCGVZOH-UHFFFAOYSA-N,inchi
4630-95-9(2),CASRN,ZYEPZINLLPPBMI-UHFFFAOYSA-N,inchi
4635-87-4(2),CASRN,UVKXJAUUKPDDNW-NSCUHMNNSA-N,inchi
4638-3-3(2),CASRN,DLVRPVNJFWEIFV-UHFFFAOYSA-N,inchi
4638-48-6(2),CASRN,KGYNGVVNFRUOOZ-UHFFFAOYSA-N,inchi
"464-45-9(4), 124-76-5(2)",CASRN,DTGKSKDOIYIVQL-UHFFFAOYSA-N,inchi
"464-49-3(6), 76-22-2(2)",CASRN,DSSYKIVIOFKYAU-UHFFFAOYSA-N,inchi
4640-1-1(2),CASRN,NLYDHBBTVWMLFD-UHFFFAOYSA-N,inchi
4643-27-0(2),CASRN,FMDLEUPBHMCPQV-GQCTYLIASA-N,inchi
465-39-4(2),CASRN,ATLJNLYIJOCWJE-UHFFFAOYSA-N,inchi
"465-65-6(2), 93302-47-7(2)",CASRN,UZHSEJADLWPNLE-UHFFFAOYSA-N,inchi
4655-34-9(2),CASRN,BOQSSGDQNWEFSX-UHFFFAOYSA-N,inchi
4658-28-0(2),CASRN,FXVNVCISKKOMKV-UHFFFAOYSA-N,inchi
4659-45-4(2),CASRN,JBLIDPPHFGWTKU-UHFFFAOYSA-N,inchi
466-06-8(2),CASRN,MYEJFUXQJGHEQK-UHFFFAOYSA-N,inchi
"466-97-7(2), 3372-2-9(2)",CASRN,ONBWJWYUHXVEJS-UHFFFAOYSA-N,inchi
"467-15-2(2), 14648-14-7(2)",CASRN,HKOIXWVRNLGFOR-UHFFFAOYSA-N,inchi
467-55-0(2),CASRN,QOLRLLFJMZLYQJ-UHFFFAOYSA-N,inchi
"46728-75-0(2), 6362-79-4(2)",CASRN,CARJPEPCULYFFP-UHFFFAOYSA-N,inchi
4674-50-4(2),CASRN,WTOYNNBCKUYIKC-UHFFFAOYSA-N,inchi
468-59-7(2),CASRN,UVAZQQHAVMNMHE-UHFFFAOYSA-N,inchi
4680-78-8(2),CASRN,SRRJCDUOSQWHGS-UHFFFAOYSA-O,inchi
"4682-36-4(6), 341-69-5(2)",CASRN,QVYRGXJJSLMXQH-UHFFFAOYSA-N,inchi
4684-94-0(2),CASRN,ZLKMOIHCHCMSFW-UHFFFAOYSA-N,inchi
469-61-4(2),CASRN,IRAQOCYXUMOFCW-UHFFFAOYSA-N,inchi
4697-14-7(2),CASRN,OHKOGUYZJXTSFX-UHFFFAOYSA-N,inchi
470-82-6(6),CASRN,WEEGYLXZBRQIMU-UHFFFAOYSA-N,inchi
470-90-6(4),CASRN,FSAVDKDHPDSCTO-XYOKQWHBSA-N,inchi
470-99-5(2),CASRN,LDRWAWZXDDBHTG-UHFFFAOYSA-N,inchi
4707-47-5(2),CASRN,UUQHKWMIDYRWHH-UHFFFAOYSA-N,inchi
471-53-4(6),CASRN,MPDGHEJMBKOTSU-UHFFFAOYSA-N,inchi
4712-55-4(2),CASRN,OGBPILLJZSJJRC-UHFFFAOYSA-N,inchi
472-66-2(2),CASRN,VHTFHZGAMYUZEP-UHFFFAOYSA-N,inchi
4724-48-5(2),CASRN,NJGCRMAPOWGWMW-UHFFFAOYSA-N,inchi
4726-14-1(2),CASRN,UMKANAFDOQQUKE-UHFFFAOYSA-N,inchi
473-32-5(2),CASRN,OOSYXMPLIGBCDA-UHFFFAOYSA-N,inchi
473-55-2(4),CASRN,XOKSLPVRUOBDEW-UHFFFAOYSA-N,inchi
473289-62-2(2),CASRN,FXKFFTMLFPWYFH-UHFFFAOYSA-N,inchi
474-25-9(4),CASRN,RUDATBOHQWOJDD-UHFFFAOYSA-N,inchi
474-40-8(2),CASRN,LPZCCMIISIBREI-UYOCIXKTSA-N,inchi
474-86-2(2),CASRN,WKRLQDKEXYKHJB-UHFFFAOYSA-N,inchi
474-86-2(4),CASRN,WKRLQDKEXYKHJB-UHFFFAOYSA-N,inchi
4748-78-1(2),CASRN,QNGNSVIICDLXHT-UHFFFAOYSA-N,inchi
475-20-7(2),CASRN,PDSNLYSELAIEBU-UHFFFAOYSA-N,inchi
475-31-0(2),CASRN,RFDAIACWWDREDC-UHFFFAOYSA-N,inchi
4752-10-7(2),CASRN,ODCNAEMHGMYADO-UHFFFAOYSA-N,inchi
475207-59-1(2),CASRN,MLDQJTXFUGDVEO-UHFFFAOYSA-N,inchi
4757-55-5(2),CASRN,RYQOGSFEJBUZBX-UHFFFAOYSA-N,inchi
476-66-4(2),CASRN,AFSDNFLWKVMVRB-UHFFFAOYSA-N,inchi
4767-3-7(2),CASRN,PTBDIHRZYDMNKB-UHFFFAOYSA-N,inchi
477-30-5(2),CASRN,NNJPGOLRFBJNIW-UHFFFAOYSA-N,inchi
4776-6-1(4),CASRN,VYKKDKFTDMVOBU-UHFFFAOYSA-N,inchi
4779-94-6(2),CASRN,LRCXRAABFLIVAI-UHFFFAOYSA-N,inchi
478-43-3(2),CASRN,FCDLCPWAQCPTKC-UHFFFAOYSA-N,inchi
478149-53-0(2),CASRN,IPKZCLGGYKRDES-UHFFFAOYSA-N,inchi
478263-98-8(2),CASRN,VYUUPUMKBLIKJV-UHFFFAOYSA-N,inchi
4784-40-1(2),CASRN,QTQPVLDZQVPLGV-UHFFFAOYSA-N,inchi
4789-68-8(2),CASRN,XRYLGRGAWQSVQW-UHFFFAOYSA-N,inchi
479-13-0(11),CASRN,ZZIALNLLNHEQPJ-UHFFFAOYSA-N,inchi
479-13-0(2),CASRN,ZZIALNLLNHEQPJ-UHFFFAOYSA-N,inchi
479-18-5(2),CASRN,KSCFJBIXMNOVSH-UHFFFAOYSA-N,inchi
479-92-5(2),CASRN,PXWLVJLKJGVOKE-UHFFFAOYSA-N,inchi
4792-15-8(4),CASRN,JLFNLZLINWHATN-UHFFFAOYSA-N,inchi
"479500-35-1(4), 330671-29-9(2), 56511-17-2(2), 370865-80-8(2), 367522-96-1(2), 93457-69-3(2), 345984-11-4(2)",CASRN,PXELHGDYRQLRQO-UHFFFAOYSA-N,inchi
480-22-8(2),CASRN,YUTJCNNFTOIOGT-UHFFFAOYSA-N,inchi
480-40-0(6),CASRN,RTIXKCRFFJGDFG-UHFFFAOYSA-N,inchi
"480-41-1(2), 480-41-1, 000480-41-1(3)",CASRN,FTVWIRXFELQLPI-UHFFFAOYSA-N,inchi
480-44-4(2),CASRN,DANYIYRPLHHOCZ-UHFFFAOYSA-N,inchi
480-63-7(2),CASRN,FFFIRKXTFQCCKJ-UHFFFAOYSA-N,inchi
4800-94-6(2),CASRN,FPPNZSSZRUTDAP-UHFFFAOYSA-N,inchi
4802-20-4(2),CASRN,SUNXFMPZAFGPFW-UHFFFAOYSA-N,inchi
481-06-1(2),CASRN,XJHDMGJURBVLLE-UHFFFAOYSA-N,inchi
"481-30-1(2), 58-22-0(2)",CASRN,MUMGGOZAMZWBJJ-UHFFFAOYSA-N,inchi
"481-30-1(2), 58-22-0(7)",CASRN,MUMGGOZAMZWBJJ-UHFFFAOYSA-N,inchi
481-40-3(2),CASRN,NHEVNUARLCWEED-UHFFFAOYSA-N,inchi
481-49-2(2),CASRN,YVPXVXANRNDGTA-UHFFFAOYSA-N,inchi
481-72-1(2),CASRN,YDQWDHRMZQUTBA-UHFFFAOYSA-N,inchi
481-74-3(2),CASRN,LQGUBLBATBMXHT-UHFFFAOYSA-N,inchi
481-85-6(2),CASRN,ZJTLZYDQJHKRMQ-UHFFFAOYSA-N,inchi
4812-20-8(2),CASRN,ZNCUUYCDKVNVJH-UHFFFAOYSA-N,inchi
48145-04-6(2),CASRN,RZVINYQDSSQUKO-UHFFFAOYSA-N,inchi
482-44-0(2),CASRN,OLOOJGVNMBJLLR-UHFFFAOYSA-N,inchi
482-89-3(4),CASRN,ZYXBTFUCIUWLOM-UHFFFAOYSA-N,inchi
4822-44-0(2),CASRN,DLVKRCGYGJZXFK-UHFFFAOYSA-N,inchi
4824-78-6(2),CASRN,KWGUFOITWDSNQY-UHFFFAOYSA-N,inchi
"483-18-1(2), 316-42-7(2)",CASRN,AUVVAXYIELKVAI-UHFFFAOYSA-N,inchi
"483-20-5(4), 860-22-0(4)",CASRN,JNWVIISDWNCOCN-UHFFFAOYSA-N,inchi
483-63-6(4),CASRN,DNTGGZPQPQTDQF-XBXARRHUSA-N,inchi
483-84-1(2),CASRN,FCQJEPASRCXVCB-UHFFFAOYSA-N,inchi
484-17-3(2),CASRN,DZKIUEHLEXLYKM-UHFFFAOYSA-N,inchi
484-20-8(4),CASRN,BGEBZHIAGXMEMV-UHFFFAOYSA-N,inchi
484-23-1(2),CASRN,VQKLRVZQQYVIJW-UHFFFAOYSA-N,inchi
4845-50-5(2),CASRN,YLVACWCCJCZITJ-UHFFFAOYSA-N,inchi
4849-32-5(2),CASRN,OWNAXTAAAQTBSP-UHFFFAOYSA-N,inchi
485-31-4(2),CASRN,ZRDUSMYWDRPZRM-UHFFFAOYSA-N,inchi
485-34-7(2),CASRN,BUDBHJPMAKXMLD-UHFFFAOYSA-N,inchi
485-47-2(2),CASRN,FEMOMIGRRWSMCU-UHFFFAOYSA-N,inchi
485-63-2(2),CASRN,DDKGKOOLFLYZDL-UHFFFAOYSA-N,inchi
485-72-3(2),CASRN,HKQYGTCOTHHOMP-UHFFFAOYSA-N,inchi
485-72-3(8),CASRN,HKQYGTCOTHHOMP-UHFFFAOYSA-N,inchi
"486-12-4(2), 6138-79-0(2)",CASRN,CBEQULMOCCWAQT-WOJGMQOQSA-N,inchi
486-25-9(2),CASRN,YLQWCDOCJODRMT-UHFFFAOYSA-N,inchi
486-56-6(4),CASRN,UIKROCXWUNQSPJ-UHFFFAOYSA-N,inchi
486-66-8(13),CASRN,ZQSIJRDFPHDXIC-UHFFFAOYSA-N,inchi
486-79-3(2),CASRN,NYIZXMGNIUSNKL-UHFFFAOYSA-N,inchi
4860-3-1(2),CASRN,CLWAXFZCVYJLLM-UHFFFAOYSA-N,inchi
4861-85-2(2),CASRN,SSMBXPJYHMZLOJ-UHFFFAOYSA-N,inchi
487-06-9(2),CASRN,NXJCRELRQHZBQA-UHFFFAOYSA-N,inchi
487-79-6(2),CASRN,VLSMHEGGTFMBBZ-UHFFFAOYSA-N,inchi
487-93-4(2),CASRN,VTTONGPRPXSUTJ-UHFFFAOYSA-N,inchi
488-10-8(2),CASRN,XMLSXPIVAXONDL-PLNGDYQASA-N,inchi
488-41-5(4),CASRN,VFKZTMPDYBFSTM-UHFFFAOYSA-N,inchi
"488-82-4(2), 87-99-0(2)",CASRN,HEBKCHPVOIAQTA-UHFFFAOYSA-N,inchi
4880-88-0(2),CASRN,WYJAPUKIYAZSEM-UHFFFAOYSA-N,inchi
4884-68-8(2),CASRN,YOJQZPVUNUQTDF-UHFFFAOYSA-N,inchi
489-01-0(2),CASRN,SLUKQUGVTITNSY-UHFFFAOYSA-N,inchi
489-84-9(2),CASRN,FWKQNCXZGNBPFD-UHFFFAOYSA-N,inchi
"4891-15-0(2), 52205-73-9(2)",CASRN,ADFOJJHRTBFFOF-UHFFFAOYSA-N,inchi
490-46-0(2),CASRN,PFTAWBLQPZVEMU-UHFFFAOYSA-N,inchi
490-55-1(2),CASRN,UPOYFZYFGWBUKL-UHFFFAOYSA-N,inchi
4901-51-3(2),CASRN,RULKYXXCCZZKDZ-UHFFFAOYSA-N,inchi
4904-61-4(2),CASRN,ZOLLIQAKMYWTBR-FFWAUJBHSA-N,inchi
491-35-0(2),CASRN,MUDSDYNRBDKLGK-UHFFFAOYSA-N,inchi
491-36-1(2),CASRN,QMNUDYFKZYBWQX-UHFFFAOYSA-N,inchi
491-54-3(2),CASRN,JEBOWSYUKBGGEE-UHFFFAOYSA-N,inchi
491-59-8(2),CASRN,JBGKVNQFVAJOGC-UHFFFAOYSA-N,inchi
491-70-3(2),CASRN,SBHXYTNGIZCORC-UHFFFAOYSA-N,inchi
491-80-5(11),CASRN,WUADCCWRTIWANL-UHFFFAOYSA-N,inchi
4910-46-7(2),CASRN,GUCKKCMJTSNWCU-UHFFFAOYSA-N,inchi
492-94-4(2),CASRN,SXPUVBFQXJHYNS-UHFFFAOYSA-N,inchi
4927-39-3(2),CASRN,OAFJAALOFJVHMK-UHFFFAOYSA-N,inchi
493-52-7(2),CASRN,CEQFOVLGLXCDCX-WUKNDPDISA-N,inchi
4938-72-1(2),CASRN,KIIVFWSIMRWBKW-UHFFFAOYSA-N,inchi
494-19-9(2),CASRN,ZSMRRZONCYIFNB-UHFFFAOYSA-N,inchi
494-52-0(2),CASRN,MTXSIJUGVMTTMU-UHFFFAOYSA-N,inchi
494-90-6(2),CASRN,YGWKXXYGDYYFJU-UHFFFAOYSA-N,inchi
4940-11-8(2),CASRN,BDTOBOMFWCKGRG-UHFFFAOYSA-N,inchi
4940-39-0(2),CASRN,RVMGXWBCQGAWBR-UHFFFAOYSA-N,inchi
495-18-1(2),CASRN,VDEUYMSGMPQMIK-UHFFFAOYSA-N,inchi
495-40-9(2),CASRN,FFSAXUULYPJSKH-UHFFFAOYSA-N,inchi
495-48-7(4),CASRN,GAUZCKBSTZFWCT-UHFFFAOYSA-N,inchi
495-69-2(2),CASRN,QIAFMBKCNZACKA-UHFFFAOYSA-N,inchi
495-84-1(2),CASRN,VBIZUNYMJSPHBH-OQLLNIDSSA-N,inchi
495-85-2(2),CASRN,GTEXBOVBADJOQH-DUXPYHPUSA-N,inchi
4956-37-0(2),CASRN,RFWTZQAOOLFXAY-UHFFFAOYSA-N,inchi
4956-37-0(4),CASRN,RFWTZQAOOLFXAY-UHFFFAOYSA-N,inchi
49562-28-9(4),CASRN,YMTINGFKWWXKFG-UHFFFAOYSA-N,inchi
496-46-8(2),CASRN,VPVSTMAPERLKKM-UHFFFAOYSA-N,inchi
496-67-3(2),CASRN,CMCCHHWTTBEZNM-UHFFFAOYSA-N,inchi
49627-27-2(2),CASRN,LFWHFZJPXXOYNR-MFOYZWKCSA-N,inchi
4968-48-3(2),CASRN,BCQMRZRAWHNSBF-UHFFFAOYSA-N,inchi
49697-38-3(2),CASRN,HJPMTDNGLRNDJA-UHFFFAOYSA-N,inchi
497-03-0(2),CASRN,ACWQBUSCFPJUPN-HWKANZROSA-N,inchi
497-39-2(2),CASRN,WYSSJDOPILWQDC-UHFFFAOYSA-N,inchi
497-76-7(4),CASRN,BJRNKVDFDLYUGJ-UHFFFAOYSA-N,inchi
49763-96-4(2),CASRN,IBLNKMRFIPWSOY-FNORWQNLSA-N,inchi
4979-32-2(2),CASRN,CMAUJSNXENPPOF-UHFFFAOYSA-N,inchi
4985-85-7(2),CASRN,FKJVYOFPTRGCSP-UHFFFAOYSA-N,inchi
4986-89-4(2),CASRN,KNSXNCFKSZZHEA-UHFFFAOYSA-N,inchi
49864-70-2(2),CASRN,ZQTOZLYOIRKCPL-UHFFFAOYSA-N,inchi
499-44-5(1),CASRN,FFNOSJOWAXEJTG-UHFFFAOYSA-N,inchi
499-75-2(2),CASRN,RECUKUPTGUEGMW-UHFFFAOYSA-N,inchi
499-83-2(2),CASRN,WJJMNDUMQPNECX-UHFFFAOYSA-N,inchi
4991-65-5(2),CASRN,SLYPOVJCSQHITR-UHFFFAOYSA-N,inchi
4994-16-5(2),CASRN,XWCWNUSFQVJNDI-UHFFFAOYSA-N,inchi
4995-43-1(2),CASRN,BBWXLCKRYRQQPL-UHFFFAOYSA-N,inchi
50-00-0(1),CASRN,WSFSSNUMVMOOMR-UHFFFAOYSA-N,inchi
50-03-3(2),CASRN,ALEXXDVDDISNDU-UHFFFAOYSA-N,inchi
50-04-4(2),CASRN,ITRJWOMZKQRYTA-UHFFFAOYSA-N,inchi
"50-06-6(4), 57-30-7(2)",CASRN,DDBREPKUVSBGFI-UHFFFAOYSA-N,inchi
50-07-7(2),CASRN,KQKJUYQGYLQWCD-UHFFFAOYSA-N,inchi
50-10-2(2),CASRN,GFRUPHOKLBPHTQ-UHFFFAOYSA-N,inchi
50-11-3(2),CASRN,FWJKNZONDWOGMI-UHFFFAOYSA-N,inchi
50-14-6(6),CASRN,MECHNRXZTMCUDQ-AAGLSAJLSA-N,inchi
"50-21-5(6), 10326-41-7(2), 814-80-2(4)",CASRN,JVTAAEKCZFNVCJ-UHFFFAOYSA-N,inchi
50-22-6(6),CASRN,OMFXVFTZEKFJBZ-UHFFFAOYSA-N,inchi
50-23-7(4),CASRN,JYGXADMDTFJGBT-UHFFFAOYSA-N,inchi
50-24-8(6),CASRN,OIGNJSKKLXVSLS-UHFFFAOYSA-N,inchi
"50-27-1(12), 50-27-1, 547-81-9, 1228-72-4, 000050-27-1, 000547-81-9(1)",CASRN,PROQIPRRNZUXQM-UHFFFAOYSA-N,inchi
50-27-1(4),CASRN,PROQIPRRNZUXQM-UHFFFAOYSA-N,inchi
"50-28-2(81), 57-91-0(11), 50-28-2, 57-91-0, 000050-28-2, 000057-91-0(2)",CASRN,VOXZDWNPVJITMN-UHFFFAOYSA-N,inchi
50-30-6(2),CASRN,MRUDNSFOFOQZDA-UHFFFAOYSA-N,inchi
50-31-7(2),CASRN,XZIDTOHMJBOSOX-UHFFFAOYSA-N,inchi
"50-32-8(2), 6699-27-0(1)",CASRN,FMMWHPNWAFZXNH-UHFFFAOYSA-N,inchi
50-33-9(8),CASRN,VYMDGNCVAMGZFE-UHFFFAOYSA-N,inchi
50-34-0(4),CASRN,VVWYOYDLCMFIEM-UHFFFAOYSA-N,inchi
50-35-1(4),CASRN,UEJJHQNACJXSKW-UHFFFAOYSA-N,inchi
50-37-3(4),CASRN,VAYOSLLFUXYJDT-UHFFFAOYSA-N,inchi
50-42-0(2),CASRN,JGOAIQNSOGZNBX-UHFFFAOYSA-N,inchi
50-44-2(4),CASRN,GLVAUDGFNGKCSF-UHFFFAOYSA-N,inchi
50-45-3(2),CASRN,QAOJBHRZQQDFHA-UHFFFAOYSA-N,inchi
"50-49-7(2), 113-52-0(2)",CASRN,BCGWQEUPMDMJNV-UHFFFAOYSA-N,inchi
50-50-0(2),CASRN,UYIFTLBWAOGQBI-UHFFFAOYSA-N,inchi
"50-53-3(2), 69-09-0(2)",CASRN,ZPEIMTDSQAKGNT-UHFFFAOYSA-N,inchi
50-59-9(2),CASRN,CZTQZXZIADLWOZ-UHFFFAOYSA-O,inchi
50-60-2(2),CASRN,MRBDMNSDAVCSSF-UHFFFAOYSA-N,inchi
50-63-5(4),CASRN,WHTVZRBIWZFKQO-UHFFFAOYSA-N,inchi
50-65-7(4),CASRN,RJMUSRYZPJIFPJ-UHFFFAOYSA-N,inchi
50-78-2(6),CASRN,BSYNRYMUTXBXSQ-UHFFFAOYSA-N,inchi
50-79-3(2),CASRN,QVTQYSFCFOGITD-UHFFFAOYSA-N,inchi
"50-81-7(8), 6381-77-7(2), 134-03-2(2), 5743-28-2(2), 89-65-6(2)",CASRN,KRGQEOSDQHTZMX-UHFFFAOYSA-N,inchi
50-84-0(2),CASRN,ATCRIUVQKHMXSH-UHFFFAOYSA-N,inchi
50-89-5(2),CASRN,IQFYYKKMVGJFEH-UHFFFAOYSA-N,inchi
50-91-9(2),CASRN,ODKNJVUHOIMIIZ-UHFFFAOYSA-N,inchi
50-98-6(2),CASRN,KWGRBVOPPLSCSI-UHFFFAOYSA-N,inchi
500-42-5(2),CASRN,YRZQHIVOIFJEEE-UHFFFAOYSA-N,inchi
500-62-9(2),CASRN,XLHIYUYCSMZCCC-VMPITWQZSA-N,inchi
500-64-1(2),CASRN,XEAQIWGXBXCYFX-BQYQJAHWSA-N,inchi
500-66-3(4),CASRN,IRMPFYJSHJGOPE-UHFFFAOYSA-N,inchi
5003-48-5(2),CASRN,FEJKLNWAOXSSNR-UHFFFAOYSA-N,inchi
501-30-4(4),CASRN,YKEKHNWEUINKJV-UHFFFAOYSA-N,inchi
501-36-0(6),CASRN,LUKBXSAWLPMMSZ-OWOJBTEDSA-N,inchi
501-52-0(2),CASRN,XMIIGOLPHOKFCH-UHFFFAOYSA-N,inchi
501-53-1(2),CASRN,HSDAJNMJOMSNEV-UHFFFAOYSA-N,inchi
501027-49-2(2),CASRN,OMSPUVWUIHNYCS-UHFFFAOYSA-N,inchi
502-44-3(2),CASRN,PAPBSGBWRJIAAV-UHFFFAOYSA-N,inchi
502-47-6(2),CASRN,GJWSUKYXUMVMGX-UHFFFAOYSA-N,inchi
"502-54-5(2), 26402-26-6(2)",CASRN,GHBFNMLVSPCDGN-UHFFFAOYSA-N,inchi
502-55-6(4),CASRN,FVIGODVHAVLZOO-UHFFFAOYSA-N,inchi
502-61-4(2),CASRN,CXENHBSYCFFKJS-VDQVFBMKSA-N,inchi
502-65-8(2),CASRN,OAIJSZIZWZSQBC-GYZMGTAESA-N,inchi
502-72-7(2),CASRN,OSOIQJGOYGSIMF-UHFFFAOYSA-N,inchi
502-85-2(2),CASRN,SJZRECIVHVDYJC-UHFFFAOYSA-N,inchi
5026-74-4(4),CASRN,AHIPJALLQVEEQF-UHFFFAOYSA-N,inchi
503-30-0(2),CASRN,AHHWIHXENZJRFG-UHFFFAOYSA-N,inchi
503-74-2(2),CASRN,GWYFCOCPABKNJV-UHFFFAOYSA-N,inchi
50357-61-4(2),CASRN,GMJFVGRUYJHMCO-UHFFFAOYSA-N,inchi
50370-12-2(2),CASRN,BOEGTKLJZSQCCD-UHFFFAOYSA-N,inchi
5039-78-1(2),CASRN,USFMMZYROHDWPJ-UHFFFAOYSA-N,inchi
504-02-9(2),CASRN,HJSLFCCWAKVHIW-UHFFFAOYSA-N,inchi
504-20-1(2),CASRN,MTZWHHIREPJPTG-UHFFFAOYSA-N,inchi
504-24-5(4),CASRN,NUKYPUAOHBNCPY-UHFFFAOYSA-N,inchi
504-29-0(2),CASRN,ICSNLGPSRYBMBD-UHFFFAOYSA-N,inchi
504-63-2(2),CASRN,YPFDHNVEDLHUCE-UHFFFAOYSA-N,inchi
504-88-1(4),CASRN,WBLZUCOIBUDNBV-UHFFFAOYSA-N,inchi
50438-75-0(2),CASRN,CDTPAAZQBPSVGS-UHFFFAOYSA-N,inchi
505-29-3(2),CASRN,LOZWAPSEEHRYPG-UHFFFAOYSA-N,inchi
505-32-8(2),CASRN,KEVYVLWNCKMXJX-UHFFFAOYSA-N,inchi
505-48-6(2),CASRN,TYFQFVWCELRYAO-UHFFFAOYSA-N,inchi
505-52-2(4),CASRN,DXNCZXXFRKPEPY-UHFFFAOYSA-N,inchi
505-79-3(2),CASRN,LDKSCZJUIURGMW-UHFFFAOYSA-N,inchi
"50505-88-9(2), 50505-89-0(2)",CASRN,NTJQREUGJKIARY-UHFFFAOYSA-N,inchi
"50505-91-4(2), 42011-76-7(2)",CASRN,HXJKWPGVENNMCC-UHFFFAOYSA-N,inchi
"5051-22-9(2), 318-98-9(4)",CASRN,AQHHHDLHHXJYJD-UHFFFAOYSA-N,inchi
5051-62-7(2),CASRN,WDZVGELJXXEGPV-UHFFFAOYSA-N,inchi
50512-35-1(1),CASRN,UFHLMYOGRXOCSL-UHFFFAOYSA-N,inchi
50528-97-7(2),CASRN,PAXRPWSXCPTPCA-QINSGFPZSA-N,inchi
5053-8-7(2),CASRN,FVNFBBAOMBJTST-UHFFFAOYSA-N,inchi
506-26-3(2),CASRN,VZCCETWTMQHEPK-QNEBEIHSSA-N,inchi
50673-97-7(2),CASRN,LINVVMHRTUSXHL-UHFFFAOYSA-N,inchi
50679-08-8(4),CASRN,GUGOEEXESWIERI-UHFFFAOYSA-N,inchi
507-20-0(2),CASRN,NBRKLOOSMBRFMH-UHFFFAOYSA-N,inchi
50700-72-6(2),CASRN,BGSZAXLLHYERSY-UHFFFAOYSA-N,inchi
5072-45-7(2),CASRN,SDGKUVSVPIIUCF-UHFFFAOYSA-N,inchi
5080-50-2(2),CASRN,RDHQFKQIGNGIED-UHFFFAOYSA-O,inchi
50816-18-7(2),CASRN,PIQXMYAEJSMANF-UHFFFAOYSA-N,inchi
50847-11-5(2),CASRN,ZJVFLBOZORBYFE-UHFFFAOYSA-N,inchi
50865-01-5(2),CASRN,KSFOVUSSGSKXFI-UJJXFSCMSA-N,inchi
5089-70-3(2),CASRN,KSCAZPYHLGGNPZ-UHFFFAOYSA-N,inchi
50892-23-4(6),CASRN,SZRPDCCEHVWOJX-UHFFFAOYSA-N,inchi
509-14-8(4),CASRN,NYTOUQBROMCLBJ-UHFFFAOYSA-N,inchi
509-60-4(2),CASRN,IJVCSMSMFSCRME-UHFFFAOYSA-N,inchi
50903-99-6(2),CASRN,KCWZGJVSDFYRIX-UHFFFAOYSA-N,inchi
50924-49-7(2),CASRN,HZQDCMWJEBCWBR-UHFFFAOYSA-N,inchi
50940-49-3(2),CASRN,UZDMJPAQQFSMMV-UHFFFAOYSA-N,inchi
"50978-11-5(2), 737-31-5(2), 117-96-4(2)",CASRN,YVPYQUNUQOZFHG-UHFFFAOYSA-N,inchi
51-03-6(4),CASRN,FIPWRIJSWJWJAI-UHFFFAOYSA-N,inchi
51-05-8(4),CASRN,MFDFERRIHVXMIY-UHFFFAOYSA-N,inchi
"51-06-9(2), 614-39-1(2)",CASRN,REQCZEXYDRLIBE-UHFFFAOYSA-N,inchi
51-12-7(2),CASRN,NOIIUHRQUVNIDD-UHFFFAOYSA-N,inchi
51-15-0(2),CASRN,MHOAUIZFSQGCNM-UHFFFAOYSA-N,inchi
51-17-2(4),CASRN,HYZJCKYKOHLVJF-UHFFFAOYSA-N,inchi
51-21-8(6),CASRN,XXJVAECJPJFQAQ-UHFFFAOYSA-N,inchi
51-36-5(2),CASRN,CXKCZFDUOYMOOP-UHFFFAOYSA-N,inchi
"51-43-4(2), 51-42-3(2)",CASRN,UCTWMZQNUQWSLP-UHFFFAOYSA-N,inchi
51-44-5(2),CASRN,VPHHJAOJUJHJKD-UHFFFAOYSA-N,inchi
51-45-6(2),CASRN,NTYJJOPFIAHURM-UHFFFAOYSA-N,inchi
51-48-9(4),CASRN,XUIIKFGFIJCVMT-UHFFFAOYSA-N,inchi
51-52-5(6),CASRN,PEMYLVZMVSILDL-UHFFFAOYSA-N,inchi
"51-55-8(6), 5908-99-6(2), 55-48-1(2)",CASRN,RKUNBYITZUJHSG-UHFFFAOYSA-N,inchi
"51-56-9(4), 87-00-3(2)",CASRN,ZTVIKZXZYLEVOL-UHFFFAOYSA-N,inchi
"51-61-6(2), 62-31-7(2)",CASRN,VYFYYTLLBUKUHU-UHFFFAOYSA-N,inchi
51-65-0(2),CASRN,XWHHYOYVRVGJJY-UHFFFAOYSA-N,inchi
51-66-1(2),CASRN,XVAIDCNLVLTVFM-UHFFFAOYSA-N,inchi
"51-67-2(2), 60-19-5(2)",CASRN,DZGWFCGJZKJUFP-UHFFFAOYSA-N,inchi
51-77-4(2),CASRN,ZPACYDRSPFRDHO-ROBAGEODSA-N,inchi
51-79-6(6),CASRN,JOYRKODLDBILNP-UHFFFAOYSA-N,inchi
51-83-2(2),CASRN,VPJXQGSRWJZDOB-UHFFFAOYSA-O,inchi
51-98-9(2),CASRN,IMONTRJLAWHYGT-UHFFFAOYSA-N,inchi
510-35-0(2),CASRN,UNPYYTKZOHYHMZ-UHFFFAOYSA-N,inchi
510-74-7(2),CASRN,FJUKDAZEABGEIH-UHFFFAOYSA-N,inchi
51000-52-3(2),CASRN,MFGZFJKMDLWEHE-UHFFFAOYSA-N,inchi
51012-33-0(2),CASRN,JTVPZMFULRWINT-UHFFFAOYSA-N,inchi
51022-69-6(2),CASRN,ILKJAFIWWBXGDU-UHFFFAOYSA-N,inchi
51022-98-1(2),CASRN,XEQLFNPSYWZPOW-UHFFFAOYSA-N,inchi
51037-30-0(6),CASRN,DJQOOSBJCLSSEY-UHFFFAOYSA-N,inchi
5104-49-4(4),CASRN,SYTBZMRGLBWNTM-UHFFFAOYSA-N,inchi
511-12-6(2),CASRN,LUZRJRNZXALNLM-UHFFFAOYSA-N,inchi
511-45-5(2),CASRN,RQXCLMGKHJWMOA-UHFFFAOYSA-N,inchi
5116-94-9(2),CASRN,GAJQCIFYLSXSEZ-UHFFFAOYSA-N,inchi
5117-12-4(2),CASRN,XLPJNCYCZORXHG-UHFFFAOYSA-N,inchi
512-42-5(2),CASRN,JZMJDSHXVKJFKW-UHFFFAOYSA-N,inchi
512-56-1(4),CASRN,WVLBCYQITXONBZ-UHFFFAOYSA-N,inchi
"51218-45-2(4), 87392-12-9(2)",CASRN,WVQBLGZPHOPPFO-UHFFFAOYSA-N,inchi
51235-04-2(4),CASRN,CAWXEEYDBZRFPE-UHFFFAOYSA-N,inchi
5124-30-1(2),CASRN,KORSJDCBLAPZEQ-UHFFFAOYSA-N,inchi
51282-49-6(2),CASRN,JGBJHRKCUKTQOE-UHFFFAOYSA-N,inchi
513-37-1(4),CASRN,KWISWUFGPUHDRY-UHFFFAOYSA-N,inchi
513-53-1(2),CASRN,LOCHFZBWPCLPAN-UHFFFAOYSA-N,inchi
513-85-9(2),CASRN,OWBTYPJTUOEWEK-UHFFFAOYSA-N,inchi
513-86-0(2),CASRN,ROWKJAVDOGWPAT-UHFFFAOYSA-N,inchi
513-88-2(2),CASRN,CSVFWMMPUJDVKH-UHFFFAOYSA-N,inchi
513-92-8(2),CASRN,ZGQURDGVBSSDNF-UHFFFAOYSA-N,inchi
5131-58-8(2),CASRN,DPIZKMGPXNXSGL-UHFFFAOYSA-N,inchi
5131-60-2(4),CASRN,ZWUBBMDHSZDNTA-UHFFFAOYSA-N,inchi
5131-66-8(2),CASRN,RWNUSVWFHDHRCJ-UHFFFAOYSA-N,inchi
51322-75-9(2),CASRN,XFYDIVBRZNQMJC-UHFFFAOYSA-N,inchi
51333-22-3(6),CASRN,VOVIALXJUBGFJZ-UHFFFAOYSA-N,inchi
51338-27-3(2),CASRN,BACHBFVBHLGWSL-UHFFFAOYSA-N,inchi
5138-18-1(2),CASRN,ULUAUXLGCMPNKK-UHFFFAOYSA-N,inchi
514-78-3(2),CASRN,FDSDTBUPSURDBL-DKLMTRRASA-N,inchi
51410-30-1(2),CASRN,OKPNYGAWTYOBFZ-UHFFFAOYSA-N,inchi
51410-72-1(2),CASRN,VZTGWJFIMGVKSN-UHFFFAOYSA-O,inchi
51411-04-2(2),CASRN,GCUCIFQCGJIRNT-UHFFFAOYSA-N,inchi
5146-66-7(2),CASRN,HLCSDJLATUNSSI-JXMROGBWSA-N,inchi
5146-68-9(2),CASRN,AZVYYSCOCHRFKW-UHFFFAOYSA-N,inchi
51460-26-5(2),CASRN,OZCACMPSTYQSMM-UHFFFAOYSA-N,inchi
51481-61-9(4),CASRN,AQIXAKUUQRKLND-UHFFFAOYSA-N,inchi
51481-65-3(2),CASRN,YPBATNHYBCGSSN-UHFFFAOYSA-N,inchi
515-03-7(2),CASRN,XVULBTBTFGYVRC-UHFFFAOYSA-N,inchi
515-40-2(2),CASRN,DNXXUUPUQXSUFH-UHFFFAOYSA-N,inchi
515-49-1(2),CASRN,UEMLYRZWLVXWRU-UHFFFAOYSA-N,inchi
515-57-1(2),CASRN,ALXRUJOUFGNSHT-AATRIKPKSA-N,inchi
515-64-0(2),CASRN,YZMCKZRAOLZXAZ-UHFFFAOYSA-N,inchi
"515-69-5(2), 23089-26-1(2)",CASRN,RGZSQWQPBWRIAQ-UHFFFAOYSA-N,inchi
515-74-2(2),CASRN,HVBSAKJJOYLTQU-UHFFFAOYSA-N,inchi
5153-25-3(6),CASRN,VTIMKVIDORQQFA-UHFFFAOYSA-N,inchi
5156-58-1(2),CASRN,POQDXIFVWVZVML-UHFFFAOYSA-N,inchi
516-92-7(2),CASRN,QYIXCDOBOSTCEI-UHFFFAOYSA-N,inchi
51627-14-6(2),CASRN,UOCJDOLVGGIYIQ-UHFFFAOYSA-N,inchi
51632-16-7(2),CASRN,UJUNUASMYSTBSK-UHFFFAOYSA-N,inchi
5169-78-8(2),CASRN,JWIXXNLOKOAAQT-UHFFFAOYSA-N,inchi
"517-09-9, 000517-09-9(1)",CASRN,PDRGHUMCVRDZLQ-UHFFFAOYSA-N,inchi
517-23-7(2),CASRN,OMQHDIHZSDEIFH-UHFFFAOYSA-N,inchi
517-28-2(2),CASRN,WZUVPPKBWHMQCE-UHFFFAOYSA-N,inchi
51707-55-2(2),CASRN,HFCYZXMHUIHAQI-UHFFFAOYSA-N,inchi
5174-32-3(2),CASRN,XLEUIPVVUKAVGL-UHFFFAOYSA-N,inchi
51762-05-1(2),CASRN,RDMOROXKXONCAL-UHFFFAOYSA-N,inchi
51773-92-3(2),CASRN,XEEQGYMUWCZPDN-UHFFFAOYSA-N,inchi
51781-21-6(2),CASRN,LWAFSWPYPHEXKX-UHFFFAOYSA-N,inchi
"518-47-8(2), 2321-7-5(4)",CASRN,GNBHRKFJIUUOQI-UHFFFAOYSA-N,inchi
518-82-1(7),CASRN,RHMXXJGYXNZAPX-UHFFFAOYSA-N,inchi
51803-78-2(4),CASRN,HYWYRSMBCFDLJT-UHFFFAOYSA-N,inchi
518048-05-0(2),CASRN,DDGPCENTWMZXFO-UHFFFAOYSA-N,inchi
5187-23-5(2),CASRN,BGFBWRWYROQISE-UHFFFAOYSA-N,inchi
519-09-5(4),CASRN,GVGYEFKIHJTNQZ-UHFFFAOYSA-N,inchi
519-37-9(2),CASRN,NWPRCRWQMGIBOT-UHFFFAOYSA-N,inchi
51934-41-9(2),CASRN,YCBJOQUNPLTBGG-UHFFFAOYSA-N,inchi
51940-44-4(2),CASRN,JOHZPMXAZQZXHR-UHFFFAOYSA-N,inchi
51990-12-6(2),CASRN,GJGHBJCMOWRRSZ-UHFFFAOYSA-N,inchi
52-01-7(4),CASRN,LXMSZDCAJNLERA-UHFFFAOYSA-N,inchi
52-21-1(2),CASRN,LRJOMUJRLNCICJ-UHFFFAOYSA-N,inchi
52-24-4(4),CASRN,FOCVUCIESVLUNU-UHFFFAOYSA-N,inchi
52-49-3(2),CASRN,HWHLPVGTWGOCJO-UHFFFAOYSA-N,inchi
52-51-7(4),CASRN,LVDKZNITIUWNER-UHFFFAOYSA-N,inchi
"52-53-9(2), 152-11-4(2)",CASRN,SGTNSNPWRIOYBX-UHFFFAOYSA-N,inchi
52-62-0(2),CASRN,XSBSKEQEUFOSDD-UHFFFAOYSA-N,inchi
52-67-5(2),CASRN,VVNCNSJFMMFHPL-UHFFFAOYSA-N,inchi
52-68-6(6),CASRN,NFACJZMKEDPNKN-UHFFFAOYSA-N,inchi
52-76-6(4),CASRN,YNVGQYHLRCDXFQ-UHFFFAOYSA-N,inchi
52-85-7(4),CASRN,JISACBWYRJHSMG-UHFFFAOYSA-N,inchi
52-86-8(4),CASRN,LNEPOXFFQSENCJ-UHFFFAOYSA-N,inchi
520-18-3(9),CASRN,FMQGOSLZLQKFAM-UHFFFAOYSA-N,inchi
520-26-3(2),CASRN,QUQPHWDTPGMPEX-UHFFFAOYSA-N,inchi
520-27-4(2),CASRN,GZSOSUNBTXMUFQ-UHFFFAOYSA-N,inchi
"520-36-5(6), 461015-54-3(3)",CASRN,KZNIFHPLKGYRTM-UHFFFAOYSA-N,inchi
520-52-5(2),CASRN,QVDSEJDULKLHCG-UHFFFAOYSA-N,inchi
520-53-6(2),CASRN,SPCIYGNTAMCTRO-UHFFFAOYSA-N,inchi
520-85-4(2),CASRN,FRQMUZJSZHZSGN-UHFFFAOYSA-N,inchi
52002-25-2(1),CASRN,YHQDZJICGQWFHK-UHFFFAOYSA-N,inchi
5205-11-8(2),CASRN,INVWRXWYYVMFQC-UHFFFAOYSA-N,inchi
5205-82-3(2),CASRN,UHUMRJKDOOEQIG-UHFFFAOYSA-N,inchi
5205-93-6(2),CASRN,GDFCSMCGLZFNFY-UHFFFAOYSA-N,inchi
521-11-9(2),CASRN,WYZDXEKUWRCKOB-UHFFFAOYSA-N,inchi
521-17-5(2),CASRN,QADHLRWLCPCEKT-UHFFFAOYSA-N,inchi
521-17-5(5),CASRN,QADHLRWLCPCEKT-UHFFFAOYSA-N,inchi
521-31-3(2),CASRN,HWYHZTIRURJOHG-UHFFFAOYSA-N,inchi
521-35-7(2),CASRN,VBGLYOIFKLUMQG-UHFFFAOYSA-N,inchi
521-74-4(2),CASRN,ZDASUJMDVPTNTF-UHFFFAOYSA-N,inchi
521-78-8(2),CASRN,ZSCDBOWYZJWBIY-UHFFFAOYSA-N,inchi
52152-93-9(2),CASRN,SYLKGLMBLAAGSC-UHFFFAOYSA-O,inchi
5216-25-1(4),CASRN,LVZPKYYPPLUECL-UHFFFAOYSA-N,inchi
52196-74-4(2),CASRN,ZIMKMIAIVORSSX-UHFFFAOYSA-N,inchi
522-40-7(2),CASRN,NLORYLAYLIXTID-ISLYRVAYSA-N,inchi
522-48-5(2),CASRN,BYJAVTDNIXVSPW-UHFFFAOYSA-N,inchi
522-51-0(2),CASRN,PCSWXVJAIHCTMO-UHFFFAOYSA-P,inchi
522-97-4(2),CASRN,VZTUIEROBZXUFA-UHFFFAOYSA-N,inchi
52212-02-9(2),CASRN,OWWLUIWOFHMHOQ-UHFFFAOYSA-N,inchi
52214-84-3(6),CASRN,KPSRODZRAIWAKH-UHFFFAOYSA-N,inchi
"52225-20-4(6), 58-95-7(2)",CASRN,ZAKOWWREFLAJOT-UHFFFAOYSA-N,inchi
52239-63-1(2),CASRN,XCTYLCDETUVOIP-UHFFFAOYSA-N,inchi
52253-69-7(2),CASRN,PYSJLPAOBIGQPK-UHFFFAOYSA-N,inchi
52298-44-9(2),CASRN,NFYQAEPHDGXJSY-UHFFFAOYSA-N,inchi
523-27-3(2),CASRN,BRUOAURMAFDGLP-UHFFFAOYSA-N,inchi
523-31-9(2),CASRN,UCVPKAZCQPRWAY-UHFFFAOYSA-N,inchi
52304-36-6(2),CASRN,VZRKEAFHFMSHCD-UHFFFAOYSA-N,inchi
"52315-07-8(4), 67375-30-8(2)",CASRN,KAATUXNTWXVJKI-UHFFFAOYSA-N,inchi
5232-99-5(4),CASRN,IAJNXBNRYMEYAZ-UHFFFAOYSA-N,inchi
5234-68-4(4),CASRN,GYSSRZJIHXQEHQ-UHFFFAOYSA-N,inchi
524-36-7(2),CASRN,NHZMQXZHNVQTQA-UHFFFAOYSA-N,inchi
52417-22-8(4),CASRN,XJGFWWJLMVZSIG-UHFFFAOYSA-N,inchi
52432-72-1(2),CASRN,IQADUMSPOQKAAO-UHFFFAOYSA-N,inchi
52468-60-7(2),CASRN,SMANXXCATUTDDT-QPJJXVBHSA-N,inchi
52479-85-3(4),CASRN,XEDWWPGWIXPVRQ-UHFFFAOYSA-N,inchi
525-61-1(2),CASRN,NBAFIBBHADOTMU-UHFFFAOYSA-N,inchi
525-76-8(2),CASRN,WMQSKECCMQRJRX-UHFFFAOYSA-N,inchi
525-79-1(2),CASRN,QANMHLXAZMSUEX-UHFFFAOYSA-N,inchi
525-82-6(4),CASRN,VHBFFQKBGNRLFZ-UHFFFAOYSA-N,inchi
"52508-35-7(2), 18467-77-1(2)",CASRN,FWCBATIDXGJRMF-UHFFFAOYSA-N,inchi
5251-93-4(2),CASRN,WDRGQGLIUAMOOC-UHFFFAOYSA-N,inchi
52549-17-4(2),CASRN,TVQZAMVBTVNYLA-UHFFFAOYSA-N,inchi
52556-42-0(2),CASRN,KOQQKLZTINXBAS-UHFFFAOYSA-N,inchi
5259-88-1(2),CASRN,AMEKQAFGQBKLKX-UHFFFAOYSA-N,inchi
526-08-9(2),CASRN,QWCJHSGMANYXCW-UHFFFAOYSA-N,inchi
526-18-1(2),CASRN,LGCMKPRGGJRYGM-UHFFFAOYSA-N,inchi
526-75-0(4),CASRN,QWBBPBRQALCEIZ-UHFFFAOYSA-N,inchi
52628-03-2(2),CASRN,SEILKFZTLVMHRR-UHFFFAOYSA-N,inchi
52645-53-1(6),CASRN,RLLPVAHGXHCWKJ-UHFFFAOYSA-N,inchi
527-20-8(2),CASRN,KHCZSJXTDDHLGJ-UHFFFAOYSA-N,inchi
527-53-7(2),CASRN,BFIMMTCNYPIMRN-UHFFFAOYSA-N,inchi
527-60-6(4),CASRN,BPRYUXCVCCNUFE-UHFFFAOYSA-N,inchi
527-85-5(2),CASRN,XXUNIGZDNWWYED-UHFFFAOYSA-N,inchi
52712-76-2(2),CASRN,RHLJLALHBZGAFM-UHFFFAOYSA-N,inchi
52756-22-6(2),CASRN,IKVXBIIHQGXQRQ-UHFFFAOYSA-N,inchi
527680-56-4(2),CASRN,LUVXHMJTVXZFPD-UHFFFAOYSA-N,inchi
528-29-0(4),CASRN,IZUKQUVSCNEFMJ-UHFFFAOYSA-N,inchi
528-44-9(4),CASRN,ARCGXLSVLAOJQL-UHFFFAOYSA-N,inchi
"528-50-7(2), 63-42-3(2)",CASRN,GUBGYTABKSRVRQ-UHFFFAOYSA-N,inchi
5281-4-9(2),CASRN,JYNBEDVXQNFTOX-FMQUCBEESA-N,inchi
52829-07-9(2),CASRN,XITRBUPOXXBIJN-UHFFFAOYSA-N,inchi
529-19-1(2),CASRN,NWPNXBQSRGKSJB-UHFFFAOYSA-N,inchi
529-20-4(4),CASRN,BTFQKIATRPGRBS-UHFFFAOYSA-N,inchi
529-33-9(2),CASRN,JAAJQSRLGAYGKZ-UHFFFAOYSA-N,inchi
529-34-0(2),CASRN,XHLHPRDBBAGVEG-UHFFFAOYSA-N,inchi
529-59-9(1),CASRN,ZCOLJUOHXJRHDI-UHFFFAOYSA-N,inchi
529-96-4(2),CASRN,ZMJGSOSNSPKHNH-UHFFFAOYSA-N,inchi
52918-63-5(4),CASRN,OWZREIFADZCYQD-UHFFFAOYSA-N,inchi
53-03-2(6),CASRN,XOFYZVNMUHMLCC-UHFFFAOYSA-N,inchi
53-06-5(4),CASRN,MFYSYFVPBJMHGN-UHFFFAOYSA-N,inchi
53-16-7(18),CASRN,DNXHEGUUPJUMQT-UHFFFAOYSA-N,inchi
"53-19-0(6), 53-19-0, 000053-19-0(2)",CASRN,JWBOIMRXGHLCPP-UHFFFAOYSA-N,inchi
53-21-4(2),CASRN,ZPUCINDJVBIVPJ-UHFFFAOYSA-N,inchi
53-34-9(4),CASRN,MYYIMZRZXIQBGI-UHFFFAOYSA-N,inchi
53-36-1(2),CASRN,PLBHSZGDDKCEHR-UHFFFAOYSA-N,inchi
53-43-0(10),CASRN,FMGSKLZLMKYGDP-UHFFFAOYSA-N,inchi
53-43-0(6),CASRN,FMGSKLZLMKYGDP-UHFFFAOYSA-N,inchi
53-45-2(2),CASRN,LGHBWDKMGOIZKH-UHFFFAOYSA-N,inchi
53-46-3(2),CASRN,GZHFODJQISUKAY-UHFFFAOYSA-N,inchi
53-60-1(2),CASRN,ZGUGWUXLJSTTMA-UHFFFAOYSA-N,inchi
53-63-4(1),CASRN,HJKVPZJVBHWFCQ-UHFFFAOYSA-N,inchi
53-70-3(4),CASRN,LHRCREOYAASXPZ-UHFFFAOYSA-N,inchi
53-84-9(2),CASRN,BAWFJGJZGIEFAR-UHFFFAOYSA-O,inchi
53-86-1(6),CASRN,CGIGDMFJXJATDK-UHFFFAOYSA-N,inchi
53-96-3(2),CASRN,CZIHNRWJTSTCEX-UHFFFAOYSA-N,inchi
530-43-8(2),CASRN,PXKHGMGELZGJQE-UHFFFAOYSA-N,inchi
530-78-9(4),CASRN,LPEPZBJOKDYZAD-UHFFFAOYSA-N,inchi
53016-31-2(2),CASRN,FPGXTJXAYVNDRS-UHFFFAOYSA-N,inchi
5307-14-2(2),CASRN,HVHNMNGARPCGGD-UHFFFAOYSA-N,inchi
531-75-9(2),CASRN,XHCADAYNFIFUHF-UHFFFAOYSA-N,inchi
"531-95-3, 000531-95-3(3)",CASRN,ADFCQWZHKCXPAJ-UHFFFAOYSA-N,inchi
53112-28-0(2),CASRN,ZLIBICFPKPWGIZ-UHFFFAOYSA-N,inchi
53123-88-9(4),CASRN,QFJCIRLUMZQUOT-XWBLMERNSA-N,inchi
5315-79-7(2),CASRN,BIJNHUAPTJVVNQ-UHFFFAOYSA-N,inchi
53152-21-9(2),CASRN,RMRJXGBAOAMLHD-UHFFFAOYSA-N,inchi
53164-05-9(2),CASRN,FSQKKOOTNAMONP-UHFFFAOYSA-N,inchi
53179-07-0(2),CASRN,ITJNARMNRKSWTA-UHFFFAOYSA-N,inchi
"53179-09-2(2), 55870-64-9(2)",CASRN,URWAJWIAIPFPJE-UHFFFAOYSA-N,inchi
53179-11-6(2),CASRN,RDOIQAHITMMDAJ-UHFFFAOYSA-N,inchi
53179-13-8(2),CASRN,ISWRGOKTTBVCFA-UHFFFAOYSA-N,inchi
"532-02-5(2), 120-18-3(2)",CASRN,KVBGVZZKJNLNJU-UHFFFAOYSA-N,inchi
532-03-6(2),CASRN,GNXFOGHNGIVQEH-UHFFFAOYSA-N,inchi
532-11-6(2),CASRN,KYLIZBIRMBGUOP-UHFFFAOYSA-N,inchi
532-27-4(4),CASRN,IMACFCSSMIZSPP-UHFFFAOYSA-N,inchi
532-28-5(2),CASRN,NNICRUQPODTGRU-UHFFFAOYSA-N,inchi
"532-32-1(2), 65-85-0(4), 553-70-8(2), 582-25-2(2)",CASRN,WPYMKLBDIGXBTP-UHFFFAOYSA-N,inchi
532-40-1(2),CASRN,HZSAJDVWZRBGIF-UHFFFAOYSA-O,inchi
532-59-2(2),CASRN,FDMBBCOBEAVDAO-UHFFFAOYSA-N,inchi
532-76-3(2),CASRN,DKLKMKYDWHYZTD-UHFFFAOYSA-N,inchi
532-82-1(2),CASRN,IWRVPXDHSLTIOC-NXVVXOECSA-N,inchi
5321-32-4(2),CASRN,DXVUYOAEDJXBPY-UHFFFAOYSA-N,inchi
"53219-21-9(2), 18479-58-8(2)",CASRN,XSNQECSCDATQEL-UHFFFAOYSA-N,inchi
5324-84-5(2),CASRN,WLGDAKIJYPIYLR-UHFFFAOYSA-N,inchi
53251-94-8(2),CASRN,DDHUTBKXLWCZCO-UHFFFAOYSA-N,inchi
"5328-41-6(2), 527-07-1(2), 526-95-4(2), 299-27-4(2)",CASRN,RGHNJXZEOKUKBD-UHFFFAOYSA-N,inchi
533-23-3(2),CASRN,JSLBZIVMVVHMDJ-UHFFFAOYSA-N,inchi
533-28-8(2),CASRN,YQKAVWCGQQXBGW-UHFFFAOYSA-N,inchi
533-31-3(2),CASRN,LUSZGTFNYDARNI-UHFFFAOYSA-N,inchi
533-45-9(2),CASRN,PCLITLDOTJTVDJ-UHFFFAOYSA-N,inchi
533-74-4(4),CASRN,QAYICIQNSGETAS-UHFFFAOYSA-N,inchi
533-75-5(2),CASRN,WLNNIVYHVWXDMJ-UHFFFAOYSA-N,inchi
53308-83-1(6),CASRN,NTNWOCRCBQPEKQ-UHFFFAOYSA-N,inchi
5331-43-1(2),CASRN,RXUBZLMIGSAPEJ-UHFFFAOYSA-N,inchi
5332-73-0(4),CASRN,FAXDZWQIWUSWJH-UHFFFAOYSA-N,inchi
5333-42-6(4),CASRN,LEACJMVNYZDSKR-UHFFFAOYSA-N,inchi
5335-24-0(1),CASRN,AFXPPGXJWHJULD-UHFFFAOYSA-N,inchi
53370-90-4(2),CASRN,CKSJXOVLXUMMFF-UHFFFAOYSA-N,inchi
534-07-6(4),CASRN,SUNMBRGCANLOEG-UHFFFAOYSA-N,inchi
534-13-4(2),CASRN,VLCDUOXHFNUCKK-UHFFFAOYSA-N,inchi
534-15-6(2),CASRN,SPEUIVXLLWOEMJ-UHFFFAOYSA-N,inchi
534-22-5(2),CASRN,VQKFNUFAXTZWDK-UHFFFAOYSA-N,inchi
534-52-1(4),CASRN,ZXVONLUNISGICL-UHFFFAOYSA-N,inchi
534-84-9(2),CASRN,PRFPQYGTPKDLHJ-UHFFFAOYSA-N,inchi
534-85-0(2),CASRN,NFCPRRWCTNLGSN-UHFFFAOYSA-N,inchi
534-87-2(2),CASRN,SQVIAVUSQAWMKL-UHFFFAOYSA-N,inchi
5344-27-4(2),CASRN,DWPYQDGDWBKJQL-UHFFFAOYSA-N,inchi
5349-51-9(2),CASRN,VDQZABQVXYELSI-UHFFFAOYSA-N,inchi
535-80-8(2),CASRN,LULAYUGMBFYYEX-UHFFFAOYSA-N,inchi
535-87-5(2),CASRN,UENRXLSRMCSUSN-UHFFFAOYSA-N,inchi
5355-16-8(2),CASRN,LDBTVAXGKYIFHO-UHFFFAOYSA-N,inchi
53558-25-1(2),CASRN,CLKZWXHKFXZIMA-UHFFFAOYSA-N,inchi
"53581-53-6(2), 50505-92-5(2), 50505-93-6(2)",CASRN,FXMWUTGUCAKGQL-UHFFFAOYSA-N,inchi
536-33-4(6),CASRN,AEOCXXJPGCBFJA-UHFFFAOYSA-N,inchi
536-43-6(2),CASRN,BZEWSEKUUPWQDQ-UHFFFAOYSA-N,inchi
536-60-7(4),CASRN,OIGWAXDAPKFNCQ-UHFFFAOYSA-N,inchi
536-69-6(2),CASRN,DGMPVYSXXIOGJY-UHFFFAOYSA-N,inchi
536-90-3(2),CASRN,NCBZRJODKRCREW-UHFFFAOYSA-N,inchi
536-93-6(4),CASRN,QSAVEGSLJISCDF-UHFFFAOYSA-N,inchi
537-12-2(2),CASRN,YUGZHQHSNYIFLG-UHFFFAOYSA-N,inchi
537-17-7(2),CASRN,YMFGJWGABDOFID-UHFFFAOYSA-N,inchi
537-55-3(2),CASRN,CAHKINHBCWCHCF-UHFFFAOYSA-N,inchi
537-92-8(2),CASRN,ALMHSXDYCFOZQD-UHFFFAOYSA-N,inchi
5370-1-4(2),CASRN,VLPIATFUUWWMKC-UHFFFAOYSA-N,inchi
53716-49-7(2),CASRN,PUXBGTOOZJQSKH-UHFFFAOYSA-N,inchi
53716-50-0(4),CASRN,BEZZFPOZAYTVHN-UHFFFAOYSA-N,inchi
53746-45-5(2),CASRN,RDJGLLICXDHJDY-UHFFFAOYSA-N,inchi
"53757-34-9(2), 49570-63-0(2)",CASRN,QIRAYNIFEOXSPW-UHFFFAOYSA-N,inchi
53772-82-0(2),CASRN,NJMYODHXAKYRHW-DVZOWYKESA-N,inchi
5378-52-9(2),CASRN,IYPXPGSELZFFMI-UHFFFAOYSA-N,inchi
53797-35-6(2),CASRN,NSKGQURZWSPSBC-UHFFFAOYSA-N,inchi
538-23-8(6),CASRN,VLPFTAMPNXLGLX-UHFFFAOYSA-N,inchi
538-41-0(2),CASRN,KQIKKETXZQDHGE-FOCLMDBBSA-N,inchi
538-74-9(2),CASRN,LUFPJJNWMYZRQE-UHFFFAOYSA-N,inchi
538-75-0(4),CASRN,QOSSAOTZNIDXMA-UHFFFAOYSA-N,inchi
538-93-2(4),CASRN,KXUHSQYYJYAXGZ-UHFFFAOYSA-N,inchi
53808-88-1(2),CASRN,XVUQHFRQHBLHQD-UHFFFAOYSA-N,inchi
53894-23-8(2),CASRN,YPDXSCXISVYHOB-UHFFFAOYSA-N,inchi
539-15-1(2),CASRN,KUBCEEMXQZUPDQ-UHFFFAOYSA-N,inchi
539-21-9(2),CASRN,MLMFUKWWZIZRHX-UWRPRBHNSA-N,inchi
539-88-8(2),CASRN,GMEONFUTDYJSNV-UHFFFAOYSA-N,inchi
53902-12-8(2),CASRN,NZHGWWWHIYHZNX-CSKARUKUSA-N,inchi
53905-28-5(5),CASRN,BTORSXCJJIWNIS-UHFFFAOYSA-N,inchi
53910-25-1(2),CASRN,FPVKHBSQESCIEP-UHFFFAOYSA-N,inchi
5392-28-9(2),CASRN,PZRKPUQWIFJRKZ-UHFFFAOYSA-N,inchi
5392-40-5(4),CASRN,WTEVQBCEXWBHNA-JXMROGBWSA-N,inchi
53939-28-9(2),CASRN,AMTITFMUKRZZEE-WAYWQWQTSA-N,inchi
5394-36-5(2),CASRN,VSJRBQDMBFFHMC-UHFFFAOYSA-N,inchi
5397-31-9(2),CASRN,DVFGEIYOLIFSRX-UHFFFAOYSA-N,inchi
53994-73-3(2),CASRN,QYIYFLOTGYLRGG-UHFFFAOYSA-N,inchi
54-28-4(2),CASRN,QUEDXNHFTDJVIY-UHFFFAOYSA-N,inchi
54-30-8(2),CASRN,RYOOHIUJEJZCFT-UHFFFAOYSA-N,inchi
54-31-9(6),CASRN,ZZUFCTLCJUWOSV-UHFFFAOYSA-N,inchi
54-36-4(2),CASRN,FJLBFSROUSIWMA-UHFFFAOYSA-N,inchi
54-42-2(2),CASRN,XQFRJNBWHJMXHO-UHFFFAOYSA-N,inchi
54-62-6(4),CASRN,TVZGACDUOSZQKY-UHFFFAOYSA-N,inchi
54-80-8(2),CASRN,HRSANNODOVBCST-UHFFFAOYSA-N,inchi
54-85-3(6),CASRN,QRXWMOHMRWLFEY-UHFFFAOYSA-N,inchi
54-91-1(2),CASRN,NJBFOOCLYDNZJN-UHFFFAOYSA-N,inchi
54-95-5(2),CASRN,CWRVKFFCRWGWCS-UHFFFAOYSA-N,inchi
54-96-6(2),CASRN,OYTKINVCDFNREN-UHFFFAOYSA-N,inchi
540-07-8(2),CASRN,WRFZKAGPPQGDDQ-UHFFFAOYSA-N,inchi
540-18-1(2),CASRN,CFNJLPHOBMVMNS-UHFFFAOYSA-N,inchi
540-51-2(2),CASRN,LDLCZOVUSADOIV-UHFFFAOYSA-N,inchi
540-84-1(2),CASRN,NHTMVDHEPJAVLT-UHFFFAOYSA-N,inchi
540-88-5(2),CASRN,WMOVHXAZOJBABW-UHFFFAOYSA-N,inchi
5401-94-5(2),CASRN,WSGURAYTCUVDQL-UHFFFAOYSA-N,inchi
54024-22-5(2),CASRN,RPLCPCMSCLEKRS-UHFFFAOYSA-N,inchi
54029-45-7(2),CASRN,QUWHIBBGKKRYFW-UHFFFAOYSA-N,inchi
54048-10-1(2),CASRN,GCKFUYQCUCGESZ-UHFFFAOYSA-N,inchi
54063-53-5(2),CASRN,JWHAUXFOSRPERK-UHFFFAOYSA-N,inchi
5407-4-5(2),CASRN,NYYRRBOMNHUCLB-UHFFFAOYSA-N,inchi
5407-98-7(2),CASRN,MVEBDOSCXOQNAR-UHFFFAOYSA-N,inchi
541-02-6(2),CASRN,XMSXQFUHVRWGNA-UHFFFAOYSA-N,inchi
541-05-9(2),CASRN,HTDJPCNNEPUOOQ-UHFFFAOYSA-N,inchi
541-22-0(2),CASRN,MTCUAOILFDZKCO-UHFFFAOYSA-N,inchi
541-41-3(2),CASRN,RIFGWPKJUGCATF-UHFFFAOYSA-N,inchi
541-47-9(2),CASRN,YYPNJNDODFVZLE-UHFFFAOYSA-N,inchi
541-53-7(2),CASRN,JIRRNZWTWJGJCT-UHFFFAOYSA-N,inchi
541-59-3(2),CASRN,PEEHTFAAVSWFBL-UHFFFAOYSA-N,inchi
541-73-1(4),CASRN,ZPQOPVIELGIULI-UHFFFAOYSA-N,inchi
541-79-7(2),CASRN,ITMSAWKLJVGBIT-UHFFFAOYSA-N,inchi
5412-37-3(2),CASRN,ZFCMISKWVFUWHP-UHFFFAOYSA-N,inchi
"54143-55-4(2), 54143-56-5(2)",CASRN,DJBNUMBKLMJRSA-UHFFFAOYSA-N,inchi
"54150-69-5(2), 2735-4-8(2)",CASRN,GEQNZVKIDIPGCO-UHFFFAOYSA-N,inchi
54187-04-1(2),CASRN,CQXADFVORZEARL-UHFFFAOYSA-N,inchi
54188-38-4(2),CASRN,GVXBHSBKKJRBMS-UHFFFAOYSA-N,inchi
5419-55-6(4),CASRN,NHDIQVFFNDKAQU-UHFFFAOYSA-N,inchi
542-02-9(2),CASRN,NJYZCEFQAIUHSD-UHFFFAOYSA-N,inchi
542-10-9(2),CASRN,ACKALUBLCWJVNB-UHFFFAOYSA-N,inchi
"542-15-4(2), 142-04-1(4), 62-53-3(2)",CASRN,PAYRUJLWNCNPSJ-UHFFFAOYSA-N,inchi
542-28-9(2),CASRN,OZJPLYNZGCXSJM-UHFFFAOYSA-N,inchi
542-56-3(4),CASRN,APNSGVMLAYLYCT-UHFFFAOYSA-N,inchi
542-75-6(2),CASRN,UOORRWUZONOOLO-OWOJBTEDSA-N,inchi
542-76-7(4),CASRN,GNHMRTZZNHZDDM-UHFFFAOYSA-N,inchi
542-88-1(2),CASRN,HRQGCQVOJVTVLU-UHFFFAOYSA-N,inchi
542-92-7(2),CASRN,ZSWFCLXCOIISFI-UHFFFAOYSA-N,inchi
54239-37-1(2),CASRN,BUXRLJCGHZZYNE-UHFFFAOYSA-N,inchi
5424-37-3(2),CASRN,HOUSDILKOJMENG-UHFFFAOYSA-N,inchi
54240-36-7(2),CASRN,JSJCTEKTBOKRST-UHFFFAOYSA-N,inchi
543-15-7(2),CASRN,LREQLEBVOXIEOM-UHFFFAOYSA-N,inchi
543-49-7(2),CASRN,CETWDUZRCINIHU-UHFFFAOYSA-N,inchi
543-82-8(2),CASRN,QNIVIMYXGGFTAK-UHFFFAOYSA-N,inchi
5435-64-3(2),CASRN,WTPYRCJDOZVZON-UHFFFAOYSA-N,inchi
54350-48-0(2),CASRN,HQMNCQVAMBCHCO-DJRRULDNSA-N,inchi
5437-38-7(2),CASRN,DGDAVTPQCQXLGU-UHFFFAOYSA-N,inchi
5437-45-6(2),CASRN,JHVLLYQQQYIWKX-UHFFFAOYSA-N,inchi
5437-98-9(2),CASRN,SWAJJKROCOJICG-UHFFFAOYSA-N,inchi
544-16-1(2),CASRN,JQJPBYFTQAANLE-UHFFFAOYSA-N,inchi
544-31-0(2),CASRN,HXYVTAGFYLMHSO-UHFFFAOYSA-N,inchi
544-40-1(2),CASRN,HTIRHQRTDBPHNZ-UHFFFAOYSA-N,inchi
544-62-7(2),CASRN,OGBUMNBNEWYMNJ-UHFFFAOYSA-N,inchi
544-63-8(4),CASRN,TUNFSRHWOTWDNC-UHFFFAOYSA-N,inchi
544-76-3(2),CASRN,DCAYPVUWAIABOU-UHFFFAOYSA-N,inchi
544-77-4(2),CASRN,KMWHQYDMBYABKL-UHFFFAOYSA-N,inchi
5444-75-7(2),CASRN,UADWUILHKRXHMM-UHFFFAOYSA-N,inchi
54464-57-2(4),CASRN,FVUGZKDGWGKCFE-UHFFFAOYSA-N,inchi
545-06-2(2),CASRN,DRUIESSIVFYOMK-UHFFFAOYSA-N,inchi
54504-70-0(2),CASRN,KYAKGJDISSNVPZ-UHFFFAOYSA-N,inchi
5451-9-2(2),CASRN,ZGXJTSGNIOSYLO-UHFFFAOYSA-N,inchi
54533-86-7(2),CASRN,WZGBZLHGOVJDET-UHFFFAOYSA-N,inchi
54556-98-8(2),CASRN,QPCVHQBVMYCJOM-UHFFFAOYSA-N,inchi
54573-75-0(2),CASRN,HKXBNHCUPKIYDM-RIHGJXMHSA-N,inchi
54574-82-2(2),CASRN,QPNFUBAIQZJEPO-UHFFFAOYSA-N,inchi
5459-58-5(2),CASRN,DJACTCNGCHPGOI-UHFFFAOYSA-N,inchi
54593-83-8(2),CASRN,XFDJMIHUAHSGKG-UHFFFAOYSA-N,inchi
546-06-5(2),CASRN,GPLGAQQQNWMVMM-UHFFFAOYSA-N,inchi
546-48-5(2),CASRN,XULIXFLCVXWHRF-UHFFFAOYSA-N,inchi
546-71-4(2),CASRN,XXUJMEYKYHETBZ-UHFFFAOYSA-N,inchi
546-88-3(2),CASRN,RRUDCFGSUDOHDG-UHFFFAOYSA-N,inchi
5464-78-8(2),CASRN,VNZLQLYBRIOLFZ-UHFFFAOYSA-N,inchi
5464-79-9(2),CASRN,YEBCRAVYUWNFQT-UHFFFAOYSA-N,inchi
"54646-38-7(2), 514-73-8(2)",CASRN,FYXWDSGGZAMYFZ-UHFFFAOYSA-N,inchi
"5466-77-3(4), 83834-59-7(2)",CASRN,YBGZDTIWKVFICR-JLHYYAGUSA-N,inchi
5466-84-2(2),CASRN,MMVIDXVHQANYAE-UHFFFAOYSA-N,inchi
5467-78-7(2),CASRN,ULIDRMKBVYYVIQ-UHFFFAOYSA-N,inchi
547-44-4(2),CASRN,WVAKABMNNSMCDK-UHFFFAOYSA-N,inchi
547-64-8(2),CASRN,LPEKGGXMPWTOCB-UHFFFAOYSA-N,inchi
547-91-1(2),CASRN,ZBJWWKFMHOAPNS-UHFFFAOYSA-N,inchi
5471-51-2(2),CASRN,NJGBTKGETPDVIK-UHFFFAOYSA-N,inchi
54739-18-3(2),CASRN,CJOFXWAVKWHTFT-XSFVSMFZSA-N,inchi
54767-75-8(2),CASRN,BFCDFTHTSVTWOG-UHFFFAOYSA-N,inchi
548-62-9(6),CASRN,LGLFFNDHMLKUMI-UHFFFAOYSA-N,inchi
548-66-3(2),CASRN,AGJBLWCLQCKRJP-UHFFFAOYSA-N,inchi
548-73-2(2),CASRN,RMEDXOLNCUSCGS-UHFFFAOYSA-N,inchi
54827-17-7(4),CASRN,UAIUNKRWKOVEES-UHFFFAOYSA-N,inchi
54856-23-4(2),CASRN,UUQMNUMQCIQDMZ-UHFFFAOYSA-N,inchi
5486-3-3(2),CASRN,LVVXOXRUTDAKFE-UHFFFAOYSA-N,inchi
5486-77-1(2),CASRN,UHWFVIPXDFZTFA-UHFFFAOYSA-N,inchi
549-18-8(6),CASRN,KRMDCWKBEZIMAB-UHFFFAOYSA-N,inchi
549-68-8(2),CASRN,NGIFHAUKQGDVSR-UHFFFAOYSA-N,inchi
5490-27-7(2),CASRN,ASXBYYWOLISCLQ-UHFFFAOYSA-N,inchi
"54910-89-3(2), 59333-67-4(2)",CASRN,RTHCYVBBDHJXIQ-UHFFFAOYSA-N,inchi
54914-85-1(2),CASRN,OAGNKYSIOSDNIG-UHFFFAOYSA-N,inchi
5493-45-8(2),CASRN,XFUOBHWPTSIEOV-UHFFFAOYSA-N,inchi
5495-84-1(2),CASRN,KTALPKYXQZGAEG-UHFFFAOYSA-N,inchi
5496-10-6(2),CASRN,HUMMCZRNZCKXHL-UHFFFAOYSA-N,inchi
54965-21-8(4),CASRN,HXHWSAZORRCQMX-UHFFFAOYSA-N,inchi
"54965-24-1(6), 10540-29-1(4)",CASRN,NKANXQFJJICGDU-QPLCGJKRSA-N,inchi
54982-83-1(2),CASRN,GJJSUPSPZIZYPM-UHFFFAOYSA-N,inchi
55-18-5(4),CASRN,WBNQDOYYEUMPFS-UHFFFAOYSA-N,inchi
55-21-0(2),CASRN,KXDAEFPNCMNJSK-UHFFFAOYSA-N,inchi
55-22-1(2),CASRN,TWBYWOBDOCUKOW-UHFFFAOYSA-N,inchi
55-38-9(6),CASRN,PNVJTZOFSHSLTO-UHFFFAOYSA-N,inchi
55-55-0(2),CASRN,ZFIQGRISGKSVAG-UHFFFAOYSA-N,inchi
"55-56-1(6), 56-95-1(2), 3697-42-5(2)",CASRN,GHXZTYHSJHQHIJ-UHFFFAOYSA-N,inchi
55-80-1(4),CASRN,LVTFSVIRYMXRSR-WUKNDPDISA-N,inchi
55-86-7(4),CASRN,HAWPXGHAZFHHAD-UHFFFAOYSA-N,inchi
55-91-4(2),CASRN,MUCZHBLJLSDCSD-UHFFFAOYSA-N,inchi
55-98-1(6),CASRN,COVZYZSDYWQREU-UHFFFAOYSA-N,inchi
550-44-7(2),CASRN,ZXLYYQUMYFHCLQ-UHFFFAOYSA-N,inchi
550-83-4(2),CASRN,CAJIGINSTLKQMM-UHFFFAOYSA-N,inchi
5502-78-3(2),CASRN,UUWJNBOCAPUTBK-UHFFFAOYSA-N,inchi
55028-72-3(2),CASRN,VJGGHXVGBSZVMZ-YVKATYTESA-N,inchi
55066-48-3(2),CASRN,OXYRENDGHPGWKV-UHFFFAOYSA-N,inchi
55066-56-3(2),CASRN,MVDPTWHTUYDLTL-UHFFFAOYSA-N,inchi
"55077-30-0(4), 207569-02-6(2)",CASRN,XTEGVFVZDVNBPF-UHFFFAOYSA-N,inchi
5508-58-7(2),CASRN,BOJKULTULYSRAS-WLRTZDKTSA-N,inchi
55096-26-9(2),CASRN,WJBLNOPPDWQMCH-UHFFFAOYSA-N,inchi
55096-75-8(2),CASRN,VWCUGCYZZGRKEE-UHFFFAOYSA-N,inchi
551-06-4(2),CASRN,JBDOSUUXMYMWQH-UHFFFAOYSA-N,inchi
551-16-6(2),CASRN,NGHVIOIJCVXTGV-UHFFFAOYSA-N,inchi
551-27-9(2),CASRN,HOCWPKXKMNXINF-UHFFFAOYSA-N,inchi
551-92-8(4),CASRN,IBXPYPUJPLLOIN-UHFFFAOYSA-N,inchi
5510-99-6(2),CASRN,FHTGJZOULSYEOB-UHFFFAOYSA-N,inchi
55107-14-7(2),CASRN,XTXCFTMJPRXBBC-UHFFFAOYSA-N,inchi
55117-15-2(2),CASRN,MJGOLNNLNQQIHR-UHFFFAOYSA-N,inchi
55134-13-9(2),CASRN,VHKXXVVRRDYCIK-UHFFFAOYSA-N,inchi
55142-85-3(2),CASRN,PHWBOXQYWZNQIN-UHFFFAOYSA-N,inchi
552-16-9(2),CASRN,SLAMLWHELXOEJZ-UHFFFAOYSA-N,inchi
552-22-7(2),CASRN,SHOKWSLXDAIZPP-UHFFFAOYSA-N,inchi
552-30-7(4),CASRN,SRPWOOOHEPICQU-UHFFFAOYSA-N,inchi
552-45-4(2),CASRN,VQRBXYBBGHOGFT-UHFFFAOYSA-N,inchi
552-79-4(2),CASRN,FMCGSUUBYTWNDP-UHFFFAOYSA-N,inchi
552-89-6(2),CASRN,CMWKITSNTDAEDT-UHFFFAOYSA-N,inchi
552-94-3(2),CASRN,WVYADZUPLLSGPU-UHFFFAOYSA-N,inchi
55219-65-3(2),CASRN,BAZVSMNPJJMILC-UHFFFAOYSA-N,inchi
55242-55-2(2),CASRN,RBQOQRRFDPXAGN-UHFFFAOYSA-N,inchi
55268-74-1(6),CASRN,FSVJFNAIGNNGKK-UHFFFAOYSA-N,inchi
55268-75-2(6),CASRN,JFPVXVDWJQMJEE-UHFFFAOYSA-N,inchi
55283-68-6(2),CASRN,PTFJIKYUEPWBMS-UHFFFAOYSA-N,inchi
55290-64-7(4),CASRN,PHVNLLCAQHGNKU-UHFFFAOYSA-N,inchi
55297-95-5(2),CASRN,UURAUHCOJAIIRQ-UHFFFAOYSA-N,inchi
553-08-2(2),CASRN,IOYZYMQFUSNATM-UHFFFAOYSA-N,inchi
553-17-3(2),CASRN,ORUJFMPWKPVXLZ-UHFFFAOYSA-N,inchi
553-26-4(4),CASRN,MWVTWFVJZLCBMC-UHFFFAOYSA-N,inchi
553-53-7(2),CASRN,KFUSANSHCADHNJ-UHFFFAOYSA-N,inchi
55335-06-3(2),CASRN,REEQLXCGVXDJSQ-UHFFFAOYSA-N,inchi
5534-2-1(2),CASRN,VXOWJCTXWVWLLC-UHFFFAOYSA-N,inchi
5534-9-8(2),CASRN,KUVIULQEHSCUHY-UHFFFAOYSA-N,inchi
5534-95-2(2),CASRN,NEYNJQRKHLUJRU-UHFFFAOYSA-N,inchi
"5536-61-8(2), 79-41-4(2)",CASRN,CERQOIWHTDAKMF-UHFFFAOYSA-N,inchi
5538-94-3(4),CASRN,MELGLHXCBHKVJG-UHFFFAOYSA-N,inchi
554-00-7(4),CASRN,KQCMTOWTPBNWDB-UHFFFAOYSA-N,inchi
554-12-1(2),CASRN,RJUFJBKOKNCXHH-UHFFFAOYSA-N,inchi
554-57-4(2),CASRN,FLOSMHQXBMRNHR-UHFFFAOYSA-N,inchi
554-84-7(2),CASRN,RTZZCYNQPHTPPL-UHFFFAOYSA-N,inchi
554-92-7(2),CASRN,FEZBIKUBAYAZIU-UHFFFAOYSA-N,inchi
554-95-0(2),CASRN,QMKYBPDZANOJGF-UHFFFAOYSA-N,inchi
55406-53-6(4),CASRN,WYVVKGNFXHOCQV-UHFFFAOYSA-N,inchi
5541-67-3(2),CASRN,RPVGLMKJGQMQSN-UHFFFAOYSA-N,inchi
55418-52-5(2),CASRN,TZJLGGWGVLADDN-UHFFFAOYSA-N,inchi
555-16-8(2),CASRN,BXRFQSNOROATLV-UHFFFAOYSA-N,inchi
555-44-2(2),CASRN,PVNIQBQSYATKKL-UHFFFAOYSA-N,inchi
555-60-2(2),CASRN,UGTJLJZQQFGTJD-UHFFFAOYSA-N,inchi
555-77-1(2),CASRN,FDAYLTPAFBGXAB-UHFFFAOYSA-N,inchi
555-90-8(2),CASRN,ABWLRVJYVVQTGQ-BJMVGYQFSA-N,inchi
55512-33-9(2),CASRN,JTZCTMAVMHRNTR-UHFFFAOYSA-N,inchi
55589-62-3(6),CASRN,YGCFIWIQZPHFLU-UHFFFAOYSA-N,inchi
556-08-1(4),CASRN,QCXJEYYXVJIFCE-UHFFFAOYSA-N,inchi
556-52-5(4),CASRN,CTKINSOISVBQLD-UHFFFAOYSA-N,inchi
556-61-6(4),CASRN,LGDSHSYDSCRFAB-UHFFFAOYSA-N,inchi
556-67-2(4),CASRN,HMMGMWAXVFQUOA-UHFFFAOYSA-N,inchi
556-82-1(4),CASRN,ASUAYTHWZCLXAN-UHFFFAOYSA-N,inchi
556-88-7(2),CASRN,IDCPFAYURAQKDZ-UHFFFAOYSA-N,inchi
5560-59-8(2),CASRN,ZPFXAOWNKLFJDN-UHFFFAOYSA-N,inchi
55635-13-7(2),CASRN,MSNWHIVXIUIVPC-WOJGMQOQSA-N,inchi
557-30-2(2),CASRN,FZJOTJQBGGNWAW-UHFFFAOYSA-N,inchi
557-48-2(2),CASRN,ZHHYXNZJDGDGPJ-MDAAKZFYSA-N,inchi
55702-45-9(1),CASRN,LVROLHVSYNLFBE-UHFFFAOYSA-N,inchi
55702-46-0(2),CASRN,IUYHQGMDSZOPDZ-UHFFFAOYSA-N,inchi
55704-78-4(2),CASRN,NHKIYYMFGJBOTK-UHFFFAOYSA-N,inchi
55719-85-2(2),CASRN,KVMWYGAYARXPOL-QDEBKDIKSA-N,inchi
55720-26-8(2),CASRN,USGUVNUTPWXWBA-HNQUOIGGSA-N,inchi
55721-11-4(2),CASRN,FCKJYANJHNLEEP-KWJBEKLWSA-N,inchi
55721-31-8(2),CASRN,KQXDHUJYNAXLNZ-UHFFFAOYSA-N,inchi
55726-47-1(2),CASRN,SAMRUMKYXPVKPA-UHFFFAOYSA-N,inchi
5575-21-3(2),CASRN,FMZXNVLFJHCSAF-UHFFFAOYSA-O,inchi
55750-06-6(2),CASRN,SCEVFJUWLLRELN-UHFFFAOYSA-N,inchi
55779-06-1(2),CASRN,BIDUPMYXGFNAEJ-UHFFFAOYSA-N,inchi
5579-78-2(2),CASRN,YKVIWISPFDZYOW-UHFFFAOYSA-N,inchi
558-37-2(4),CASRN,PKXHXOTZMFCXSH-UHFFFAOYSA-N,inchi
55814-41-0(2),CASRN,BCTQJXQXJVLSIG-UHFFFAOYSA-N,inchi
55837-27-9(2),CASRN,UJEWTUDSLQGTOA-UHFFFAOYSA-N,inchi
5588-16-9(2),CASRN,VGLGVJVUHYTIIU-UHFFFAOYSA-N,inchi
5588-33-0(4),CASRN,SLVMESMUVMCQIY-UHFFFAOYSA-N,inchi
5589-96-8(2),CASRN,GEHJBWKLJVFKPS-UHFFFAOYSA-N,inchi
5591-45-7(2),CASRN,GFBKORZTTCHDGY-UWVJOHFNSA-N,inchi
5591-49-1(2),CASRN,BEECRKDUIIQEBI-UHFFFAOYSA-N,inchi
"5593-20-4(2), 55541-30-5(2)",CASRN,CIWBQSYVNNPZIQ-UHFFFAOYSA-N,inchi
55934-93-5(2),CASRN,RNFAKTRFMQEEQE-UHFFFAOYSA-N,inchi
5598-13-0(2),CASRN,HRBKVYFZANMGRE-UHFFFAOYSA-N,inchi
5598-15-2(2),CASRN,OTMOUPHCTWPNSL-UHFFFAOYSA-N,inchi
"55985-32-5(2), 54527-84-3(2)",CASRN,OEIGWXLWQNTHHG-UHFFFAOYSA-N,inchi
56-04-2(6),CASRN,VDIAYBNYJCMVED-UHFFFAOYSA-N,inchi
56-05-3(2),CASRN,JPZOAVGMSDSWSW-UHFFFAOYSA-N,inchi
56-06-4(2),CASRN,CHSXGZHOMKSJNB-UHFFFAOYSA-N,inchi
56-12-2(2),CASRN,BTCSSZJGUNDROE-UHFFFAOYSA-N,inchi
56-18-8(2),CASRN,OTBHHUPVCYLGQO-UHFFFAOYSA-N,inchi
56-23-5(4),CASRN,VZGDMQKNWNREIO-UHFFFAOYSA-N,inchi
56-25-7(2),CASRN,DHZBEENLJMYSHQ-UHFFFAOYSA-N,inchi
56-29-1(4),CASRN,UYXAWHWODHRRMR-UHFFFAOYSA-N,inchi
"56-34-8(4), 71-91-0(2)",CASRN,CBXCPBUEXACCNR-UHFFFAOYSA-N,inchi
56-38-2(4),CASRN,LCCNCVORNKJIRZ-UHFFFAOYSA-N,inchi
56-40-6(2),CASRN,DHMQDGOQFOQNFH-UHFFFAOYSA-N,inchi
56-47-3(2),CASRN,VPGRYOFKCNULNK-UHFFFAOYSA-N,inchi
"56-54-2(4), 130-95-0(2), 207671-44-1(2), 6119-47-7(2)",CASRN,LOUPRKONTZGTKE-UHFFFAOYSA-N,inchi
56-55-3(4),CASRN,DXBHBZVCASKNBY-UHFFFAOYSA-N,inchi
56-65-5(2),CASRN,ZKHQWZAMYRWXGA-UHFFFAOYSA-N,inchi
56-72-4(6),CASRN,BXNANOICGRISHX-UHFFFAOYSA-N,inchi
56-75-7(4),CASRN,WIIZWVCIJKGZOK-UHFFFAOYSA-N,inchi
56-81-5(6),CASRN,PEDCQBHIVMGVHV-UHFFFAOYSA-N,inchi
56-87-1(2),CASRN,KDXKERNSBIXSRK-UHFFFAOYSA-N,inchi
56-89-3(2),CASRN,LEVWYRKDKASIDU-UHFFFAOYSA-N,inchi
"56-93-9(4), 100-85-6(2)",CASRN,YOUGRGFIHBUKRS-UHFFFAOYSA-N,inchi
56-94-0(2),CASRN,VXUVVFFRFRITPE-UHFFFAOYSA-N,inchi
56010-88-9(2),CASRN,RIKMMFOAQPJVMX-UHFFFAOYSA-N,inchi
56038-13-2(4),CASRN,BAQAVOSOZGMPRM-UHFFFAOYSA-N,inchi
56038-89-2(2),CASRN,ZOTRFGNOTDLOAU-UHFFFAOYSA-N,inchi
"561-27-3(2), 1502-95-0(2)",CASRN,GVGLGOZIDCSQPN-UHFFFAOYSA-N,inchi
5610-40-2(2),CASRN,SWZMSZQQJRKFBP-UHFFFAOYSA-N,inchi
5611-51-8(2),CASRN,TZIZWYVVGLXXFV-UHFFFAOYSA-N,inchi
5613-46-7(2),CASRN,ODJUOZPKKHIEOZ-UHFFFAOYSA-N,inchi
5613-46-7(4),CASRN,ODJUOZPKKHIEOZ-UHFFFAOYSA-N,inchi
56180-94-0(2),CASRN,XUFXOAAUWZOOIT-UHFFFAOYSA-N,inchi
562-10-7(6),CASRN,HCFDWZZGGLSKEP-UHFFFAOYSA-N,inchi
562-49-2(2),CASRN,AEXMKKGTQYQZCS-UHFFFAOYSA-N,inchi
562-74-3(2),CASRN,WRYLYDPHFGVWKC-UHFFFAOYSA-N,inchi
56211-40-6(2),CASRN,NGBFQHCMQULJNZ-UHFFFAOYSA-N,inchi
5627-46-3(2),CASRN,OCAXFDULERPAJM-UHFFFAOYSA-N,inchi
56275-01-5(2),CASRN,MNTALGTVSQTALQ-UHFFFAOYSA-N,inchi
56287-74-2(2),CASRN,VDOSWXIDETXFET-UHFFFAOYSA-N,inchi
563-12-2(2),CASRN,RIZMRRKBZQXFOY-UHFFFAOYSA-N,inchi
563-41-7(2),CASRN,DUIOPKIIICUYRZ-UHFFFAOYSA-N,inchi
563-47-3(4),CASRN,OHXAOPZTJOUYKM-UHFFFAOYSA-N,inchi
563-58-6(2),CASRN,ZAIDIVBQUMFXEC-UHFFFAOYSA-N,inchi
563-80-4(4),CASRN,SYBYTAAJFKOIEJ-UHFFFAOYSA-N,inchi
5630-53-5(2),CASRN,WZDGZWOAQTVYBX-UHFFFAOYSA-N,inchi
5632-47-3(2),CASRN,CVTIZMOISGMZRJ-UHFFFAOYSA-N,inchi
"56343-98-7(2), 113-92-8(4)",CASRN,SOYKEARSMXGVTM-UHFFFAOYSA-N,inchi
56375-79-2(2),CASRN,HJHUXWBTVVFLQI-UHFFFAOYSA-N,inchi
56391-57-2(2),CASRN,CIDUJQMULVCIBT-UHFFFAOYSA-N,inchi
"56392-17-7(4), 98418-47-4(2)",CASRN,IUBSYMUCCVWXPE-UHFFFAOYSA-N,inchi
564-20-5(2),CASRN,IMKJGXCIJJXALX-UHFFFAOYSA-N,inchi
56425-91-3(2),CASRN,VEVZCONIUDBCDC-UHFFFAOYSA-N,inchi
565-61-7(2),CASRN,UIHCLUNTQKBZGK-UHFFFAOYSA-N,inchi
565-62-8(2),CASRN,ZAMCMCQRTZKGDX-SNAWJCMRSA-N,inchi
56539-66-3(2),CASRN,MFKRHJVUCZRDTF-UHFFFAOYSA-N,inchi
56578-18-8(2),CASRN,WYPQHXVMNVEVEB-AATRIKPKSA-N,inchi
566-48-3(6),CASRN,ZMEULISFKSVRLQ-UHFFFAOYSA-N,inchi
566-75-6(2),CASRN,KJDGFQJCHFJTRH-UHFFFAOYSA-N,inchi
566-76-7(3),CASRN,WPOCIZJTELRQMF-UHFFFAOYSA-N,inchi
5663-71-8(2),CASRN,JZWFDVDETGFGFC-UHFFFAOYSA-N,inchi
"56715-13-0(2), 29122-68-7(2)",CASRN,METKIMKYRPQLGS-UHFFFAOYSA-N,inchi
56741-95-8(2),CASRN,IQKHUBBMSHQLJW-UHFFFAOYSA-N,inchi
56776-01-3(2),CASRN,YREYLAVBNPACJM-UHFFFAOYSA-N,inchi
56796-39-5(2),CASRN,SNBUBQHDYVFSQF-UHFFFAOYSA-N,inchi
56803-37-3(2),CASRN,ULGAVXUJJBOWOD-UHFFFAOYSA-N,inchi
56839-43-1(2),CASRN,SQUNAWUMZGQQJD-UHFFFAOYSA-N,inchi
5684-90-2(2),CASRN,QMSJBEPHXPSJPT-UHFFFAOYSA-N,inchi
5688-80-2(2),CASRN,KSAIXMUSQQWFQM-UHFFFAOYSA-N,inchi
569-41-5(1),CASRN,XAABPYINPXYOLM-UHFFFAOYSA-N,inchi
569-57-3(6),CASRN,BFPSDSIWYFKGBC-UHFFFAOYSA-N,inchi
569-61-9(2),CASRN,AFAIELJLZYUNPW-UHFFFAOYSA-N,inchi
56974-61-9(2),CASRN,YKGYIDJEEQRWQH-UHFFFAOYSA-N,inchi
57-06-7(6),CASRN,ZOJBYZNEUISWFT-UHFFFAOYSA-N,inchi
57-08-9(2),CASRN,WDSCBUNMANHPFH-UHFFFAOYSA-N,inchi
57-10-3(6),CASRN,IPCSVZSSVZVIGE-UHFFFAOYSA-N,inchi
"57-11-4(6), 4568-28-9(2)",CASRN,QIQXTHQIDYTFRH-UHFFFAOYSA-N,inchi
"57-13-6(6), 124-43-6(2)",CASRN,XSQUKJJJFZCRTK-UHFFFAOYSA-N,inchi
57-14-7(2),CASRN,RHUYHJGZWVXEHW-UHFFFAOYSA-N,inchi
57-15-8(2),CASRN,OSASVXMJTNOKOY-UHFFFAOYSA-N,inchi
57-22-7(2),CASRN,OGWKCGZFUXNPDA-UHFFFAOYSA-N,inchi
"57-24-9(2), 60-41-3(2)",CASRN,QMGVPVSNSZLJIA-UHFFFAOYSA-N,inchi
57-29-4(2),CASRN,UIQMVEYFGZJHCZ-UHFFFAOYSA-N,inchi
57-39-6(2),CASRN,AVUYXHYHTTVPRX-UHFFFAOYSA-N,inchi
"57-41-0(6), 630-93-3(2)",CASRN,CXOFVDLJLONNDW-UHFFFAOYSA-N,inchi
57-43-2(2),CASRN,VIROVYVQCGLCII-UHFFFAOYSA-N,inchi
"57-44-3(2), 144-02-5(2)",CASRN,FTOAOBMCPZCFFF-UHFFFAOYSA-N,inchi
57-47-6(4),CASRN,PIJVFDBKTWXHHD-UHFFFAOYSA-N,inchi
57-48-7(4),CASRN,RFSUNEUAIZKAJO-UHFFFAOYSA-N,inchi
57-50-1(6),CASRN,CZMRCDWAGMRECN-UHFFFAOYSA-N,inchi
57-53-4(4),CASRN,NPPQSCRMBWNHMW-UHFFFAOYSA-N,inchi
"57-55-6(6), 25322-69-4(2)",CASRN,DNIAPMSPPWPWGF-UHFFFAOYSA-N,inchi
57-57-8(2),CASRN,VEZXCJBBBCKRPI-UHFFFAOYSA-N,inchi
"57-63-6(6), 77538-56-8(2)",CASRN,BFPYWIDHMRZLRN-UHFFFAOYSA-N,inchi
57-66-9(6),CASRN,DBABZHXKTCFAPX-UHFFFAOYSA-N,inchi
57-67-0(2),CASRN,BRBKOPJOKNSWSG-UHFFFAOYSA-N,inchi
57-68-1(6),CASRN,ASWVTGNCAZCNNR-UHFFFAOYSA-N,inchi
57-85-2(4),CASRN,PDMMFKSKQVNJMI-UHFFFAOYSA-N,inchi
57-85-2(6),CASRN,PDMMFKSKQVNJMI-UHFFFAOYSA-N,inchi
57-88-5(2),CASRN,HVYWMOMLDIMFJA-UHFFFAOYSA-N,inchi
"57-88-5(2), 80356-14-5(2)",CASRN,HVYWMOMLDIMFJA-UHFFFAOYSA-N,inchi
57-94-3(2),CASRN,JFJZZMVDLULRGK-UHFFFAOYSA-O,inchi
57-96-5(2),CASRN,MBGGBVCUIVRRBF-UHFFFAOYSA-N,inchi
57018-04-9(2),CASRN,OBZIQQJJIKNWNO-UHFFFAOYSA-N,inchi
57018-52-7(2),CASRN,GQCZPFJGIXHZMB-UHFFFAOYSA-N,inchi
"571-20-0(2), 571-20-0, 1852-53-5, 1851-23-6, 25126-76-5(2)",CASRN,CBMYJHIOYJEBSB-UHFFFAOYSA-N,inchi
571-58-4(2),CASRN,APQSQLNWAIULLK-UHFFFAOYSA-N,inchi
5711-40-0(2),CASRN,UPZFHUODAYGHDZ-RMKNXTFCSA-N,inchi
57116-45-7(2),CASRN,KAPCRJOPWXUMSQ-UHFFFAOYSA-N,inchi
57132-53-3(2),CASRN,PTXGHCGBYMQQIG-UHFFFAOYSA-N,inchi
5714-00-1(2),CASRN,WNTYBHLDCKXEOT-UHFFFAOYSA-N,inchi
"5714-90-9(2), 1639-60-7(2)",CASRN,XLMALTXPSGQGBX-UHFFFAOYSA-N,inchi
57149-07-2(2),CASRN,HRRBJVNMSRJFHQ-UHFFFAOYSA-N,inchi
5721-91-5(2),CASRN,LBERVHLCXUMDOT-UHFFFAOYSA-N,inchi
5728-52-9(2),CASRN,QRZAKQDHEVVFRX-UHFFFAOYSA-N,inchi
573-17-1(2),CASRN,RSQXKVWKJVUZDG-UHFFFAOYSA-N,inchi
573-20-6(2),CASRN,RYWSYCQQUDFMAU-UHFFFAOYSA-N,inchi
573-58-0(4),CASRN,HFHIDKQMGIGARX-ATXIYDNESA-N,inchi
574-06-1(2),CASRN,QRWAIZJYJNLOPG-UHFFFAOYSA-N,inchi
574-25-4(2),CASRN,NKGPJODWTZCHGF-UHFFFAOYSA-N,inchi
"5743-49-7(2), 123-76-2(4)",CASRN,JOOXCMJARBKPKM-UHFFFAOYSA-N,inchi
57460-41-0(2),CASRN,MXFWWQICDIZSOA-UHFFFAOYSA-N,inchi
57465-28-8(1),CASRN,REHONNLQRWTIFF-UHFFFAOYSA-N,inchi
57470-78-7(2),CASRN,JOATXPAWOHTVSZ-UHFFFAOYSA-N,inchi
575-43-9(2),CASRN,CBMXCNPQDUJNHT-UHFFFAOYSA-N,inchi
57524-89-7(2),CASRN,FZCHYNWYXKICIO-UHFFFAOYSA-N,inchi
57574-09-1(2),CASRN,ONNOFKFOZAJDHT-UHFFFAOYSA-N,inchi
576-24-9(2),CASRN,UMPSXRYVXUPCOS-UHFFFAOYSA-N,inchi
576-26-1(4),CASRN,NXXYKOUNUYWIHA-UHFFFAOYSA-N,inchi
57609-64-0(2),CASRN,YPACMOORZSDQDQ-UHFFFAOYSA-N,inchi
57646-30-7(2),CASRN,CIEXPHRYOLIQQD-UHFFFAOYSA-N,inchi
57648-21-2(2),CASRN,YDLQKLWVKKFPII-UHFFFAOYSA-N,inchi
57653-26-6(4),CASRN,DWPQODZAOSWNHB-UHFFFAOYSA-N,inchi
5766-67-6(2),CASRN,FDWRKVKXYZRYOD-UHFFFAOYSA-N,inchi
577-11-7(8),CASRN,HNSDLXPSAYFUHK-UHFFFAOYSA-N,inchi
577-59-3(2),CASRN,SUGXZLKUDLDTKX-UHFFFAOYSA-N,inchi
577-91-3(2),CASRN,IKYIXZSIKOYSLD-UHFFFAOYSA-N,inchi
"57754-85-5(2), 1702-17-6(4)",CASRN,HUBANNPOLNYSAD-UHFFFAOYSA-N,inchi
578-46-1(2),CASRN,IGDYNWKWXUCIJB-UHFFFAOYSA-N,inchi
578-54-1(2),CASRN,MLPVBIWIRCKMJV-UHFFFAOYSA-N,inchi
57801-81-7(2),CASRN,UMSGKTJDUHERQW-UHFFFAOYSA-N,inchi
57808-65-8(2),CASRN,JMPFSEBWVLAJKM-UHFFFAOYSA-N,inchi
57808-66-9(2),CASRN,FGXWKSZFVQUSTL-UHFFFAOYSA-N,inchi
57837-19-1(6),CASRN,ZQEIXNIJLIKNTD-UHFFFAOYSA-N,inchi
5786-21-0(2),CASRN,QZUDBNBUXVUHMW-UHFFFAOYSA-N,inchi
579-23-7(2),CASRN,DHKKONBXGAAFTB-OTYYAQKOSA-N,inchi
579-56-6(2),CASRN,BMUKKTUHUDJSNZ-UHFFFAOYSA-N,inchi
579-66-8(4),CASRN,FOYHNROGBXVLLX-UHFFFAOYSA-N,inchi
5794-24-1(2),CASRN,DCXYFEDJOCDNAF-UHFFFAOYSA-N,inchi
57966-95-7(2),CASRN,XERJKGMBORTKEO-VZUCSPMQSA-N,inchi
"58-00-4(2), 41372-20-7(4)",CASRN,VMWNQDUVQKEIOC-UHFFFAOYSA-N,inchi
58-14-0(6),CASRN,WKSAUQYGYAYLPV-UHFFFAOYSA-N,inchi
58-15-1(6),CASRN,RMMXTBMQSGEXHJ-UHFFFAOYSA-N,inchi
58-18-4(8),CASRN,GCKMFJBGXUYNAG-UHFFFAOYSA-N,inchi
58-25-3(4),CASRN,ANTSCNMPPGJYLG-UHFFFAOYSA-N,inchi
58-28-6(2),CASRN,HCYAFALTSJYZDH-UHFFFAOYSA-N,inchi
58-39-9(2),CASRN,RGCVKNLCSQQDEP-UHFFFAOYSA-N,inchi
58-46-8(2),CASRN,MKJIEFSOBYUXJB-UHFFFAOYSA-N,inchi
58-54-8(4),CASRN,AVOLMBLBETYQHX-UHFFFAOYSA-N,inchi
58-55-9(6),CASRN,ZFXYFBGIUFBOJW-UHFFFAOYSA-N,inchi
58-58-2(2),CASRN,RXWNCPJZOCPEPQ-UHFFFAOYSA-N,inchi
58-61-7(2),CASRN,OIRDTQYFTABQOQ-UHFFFAOYSA-N,inchi
58-63-9(2),CASRN,UGQMRVRMYYASKQ-UHFFFAOYSA-N,inchi
58-72-0(4),CASRN,MKYQPGPNVYRMHI-UHFFFAOYSA-N,inchi
58-85-5(4),CASRN,YBJHBAHKTGYVGT-UHFFFAOYSA-N,inchi
58-90-2(4),CASRN,VGVRPFIJEJYOFN-UHFFFAOYSA-N,inchi
58-93-5(6),CASRN,JZUFKLXOESDKRF-UHFFFAOYSA-N,inchi
58-94-6(4),CASRN,JBMKAUGHUNFTOL-UHFFFAOYSA-N,inchi
580-51-8(2),CASRN,UBXYXCRCOKCZIT-UHFFFAOYSA-N,inchi
58045-23-1(2),CASRN,WFPIAZLQTJBIFN-DVZOWYKESA-N,inchi
58066-85-6(2),CASRN,PQLXHQMOHUQAKB-UHFFFAOYSA-O,inchi
5809-23-4(4),CASRN,FQNKTJPBXAZUGC-UHFFFAOYSA-N,inchi
581-42-0(2),CASRN,YGYNBBAUIYTWBF-UHFFFAOYSA-N,inchi
581-88-4(2),CASRN,JWPGJSVJDAJRLW-UHFFFAOYSA-N,inchi
5810-11-7(2),CASRN,QJACRCAPQIYMIH-UHFFFAOYSA-N,inchi
5817-39-0(2),CASRN,HZCBWYNLGPIQRK-UHFFFAOYSA-N,inchi
58186-27-9(2),CASRN,JGPMMRGNQUBGND-UHFFFAOYSA-N,inchi
583-03-9(2),CASRN,OVGORFFCBUIFIA-UHFFFAOYSA-N,inchi
583-39-1(4),CASRN,YHMYGUUIMTVXNW-UHFFFAOYSA-N,inchi
583-78-8(4),CASRN,RANCECPPZPIPNO-UHFFFAOYSA-N,inchi
58306-30-2(2),CASRN,HMCCXLBXIJMERM-UHFFFAOYSA-N,inchi
58338-59-3(2),CASRN,QGMGHALXLXKCBD-UHFFFAOYSA-N,inchi
5834-17-3(2),CASRN,SGQVWNYSHWQNOS-UHFFFAOYSA-N,inchi
5836-10-2(2),CASRN,AXGUBXVWZBFQGA-UHFFFAOYSA-N,inchi
5836-29-3(2),CASRN,KWYXQHDOIXLVKE-UHFFFAOYSA-N,inchi
"58367-01-4(2), 59-23-4(2), 50-99-7(2)",CASRN,WQZGKKKJIJFFOK-UHFFFAOYSA-N,inchi
58394-64-2(2),CASRN,OOUQSWGHJPCRLI-UHFFFAOYSA-N,inchi
584-13-4(4),CASRN,FMCUPJKTGNBGEC-UHFFFAOYSA-N,inchi
"584-79-2(2), 28434-00-6(2)",CASRN,ZCVAOQKBXKSDMS-UHFFFAOYSA-N,inchi
"584-84-9(4), 26471-62-5(2)",CASRN,DVKJHBMWWAPEIU-UHFFFAOYSA-N,inchi
58409-70-4(2),CASRN,DHCLVCXQIBBOPH-UHFFFAOYSA-N,inchi
5843-53-8(2),CASRN,LRXXRIXDSAEIOR-UHFFFAOYSA-N,inchi
58430-94-7(2),CASRN,DGKXDLCVQSQVBC-UHFFFAOYSA-N,inchi
58473-74-8(2),CASRN,LDCXGZCEMNMWIL-VOTSOKGWSA-N,inchi
58493-49-5(2),CASRN,OPZKBPQVWDSATI-KHPPLWFESA-N,inchi
585-34-2(2),CASRN,CYEKUDPFXBLGHH-UHFFFAOYSA-N,inchi
"585-86-4(2), 81025-04-9(2)",CASRN,VQHSOMBJVWLPSR-UHFFFAOYSA-N,inchi
5850-86-2(2),CASRN,FEACTMUAXQJDBH-VHEBQXMUSA-N,inchi
58543-16-1(2),CASRN,CHSPVGNDBQFQNR-UHFFFAOYSA-N,inchi
58546-54-6(4),CASRN,ZWRRJEICIPUPHZ-UHFFFAOYSA-N,inchi
5856-63-3(2),CASRN,JCBPETKZIGVZRE-UHFFFAOYSA-N,inchi
58579-51-4(4),CASRN,CUCMIJQKFCWAPD-UHFFFAOYSA-N,inchi
586-62-9(2),CASRN,MOYAFQVGZZPNRA-UHFFFAOYSA-N,inchi
586-98-1(2),CASRN,SHNUBALDGXWUJI-UHFFFAOYSA-N,inchi
5868-5-3(2),CASRN,KUEUWHJGRZKESU-UHFFFAOYSA-N,inchi
587-63-3(2),CASRN,VOOYTQRREPYRIW-UHFFFAOYSA-N,inchi
587-65-5(2),CASRN,VONWPEXRCLHKRJ-UHFFFAOYSA-N,inchi
587-90-6(2),CASRN,JEZZOKXIXNSKQD-UHFFFAOYSA-N,inchi
5870-29-1(2),CASRN,SKYSRIRYMSLOIN-UHFFFAOYSA-N,inchi
5870-93-9(2),CASRN,JPQHLIYIQARLQM-UHFFFAOYSA-N,inchi
5874-97-5(2),CASRN,LMOINURANNBYCM-UHFFFAOYSA-N,inchi
5875-6-9(2),CASRN,KCLANYCVBBTKTO-UHFFFAOYSA-N,inchi
58769-20-3(2),CASRN,UGWALRUNBSBTGI-SFQUDFHCSA-N,inchi
5877-42-9(2),CASRN,CUUQUEAUUPYEKK-UHFFFAOYSA-N,inchi
5879-67-4(2),CASRN,DNSDMSAATMZYNW-FOWTUZBSSA-N,inchi
58846-77-8(2),CASRN,JDRSMPFHFNXQRB-UHFFFAOYSA-N,inchi
588941-45-1(2),CASRN,QULLOTSYPAOTIW-UHFFFAOYSA-N,inchi
589-10-6(2),CASRN,JJFOBACUIRKUPN-UHFFFAOYSA-N,inchi
589-15-1(2),CASRN,YLRBJYMANQKEAW-UHFFFAOYSA-N,inchi
589-18-4(2),CASRN,KMTDMTZBNYGUNX-UHFFFAOYSA-N,inchi
589-34-4(2),CASRN,VLJXXKKOSFGPHI-UHFFFAOYSA-N,inchi
589-38-8(2),CASRN,PFCHFHIRKBAQGU-UHFFFAOYSA-N,inchi
589-68-4(2),CASRN,DCBSHORRWZKAKO-UHFFFAOYSA-N,inchi
"58918-34-6(2), 63903-74-2(2)",CASRN,ZQHYKVKNPWDQSL-UHFFFAOYSA-N,inchi
59-02-9(6),CASRN,GVJHHUAWPYXKBD-UHFFFAOYSA-N,inchi
59-05-2(4),CASRN,FBOZXECLQNJBKD-UHFFFAOYSA-N,inchi
59-06-3(2),CASRN,GOVWOKSKFSBNGD-UHFFFAOYSA-N,inchi
59-14-3(4),CASRN,WOVKYSAHUYNSMH-UHFFFAOYSA-N,inchi
59-26-7(2),CASRN,NCYVXEGFNDZQCU-UHFFFAOYSA-N,inchi
59-30-3(4),CASRN,OVBPIULPVIDEAO-UHFFFAOYSA-N,inchi
59-39-2(2),CASRN,LYKMMUBOEFYJQG-UHFFFAOYSA-N,inchi
59-40-5(4),CASRN,NHZLNPMOSADWGC-UHFFFAOYSA-N,inchi
59-47-2(2),CASRN,JWDYCNIAQWPBHD-UHFFFAOYSA-N,inchi
59-49-4(2),CASRN,ASSKVPFEZFQQNQ-UHFFFAOYSA-N,inchi
59-50-7(6),CASRN,CFKMVGJGLGKFKI-UHFFFAOYSA-N,inchi
59-51-8(2),CASRN,FFEARJCKVFRZRR-UHFFFAOYSA-N,inchi
59-52-9(2),CASRN,WQABCVAJNWAXTE-UHFFFAOYSA-N,inchi
59-58-5(2),CASRN,UDCIYVVYDCXLSX-SDNWHVSQSA-N,inchi
59-63-2(2),CASRN,XKFPYPQQHFEXRZ-UHFFFAOYSA-N,inchi
59-66-5(6),CASRN,BZKPWHYZMXOIDC-UHFFFAOYSA-N,inchi
"59-67-6(6), 54-86-4(2)",CASRN,PVNIIMVLHYAWGP-UHFFFAOYSA-N,inchi
59-87-0(6),CASRN,IAIWVQXQOWNYOU-FPYGCLRLSA-N,inchi
59-89-2(4),CASRN,ZKXDGKXYMTYWTB-UHFFFAOYSA-N,inchi
59-92-7(2),CASRN,WTDRDQBEARUVNC-UHFFFAOYSA-N,inchi
59-97-2(2),CASRN,JIVZKJJQOZQXQB-UHFFFAOYSA-N,inchi
590-01-2(2),CASRN,BTMVHUNTONAYDX-UHFFFAOYSA-N,inchi
590-17-0(2),CASRN,REXUYBKPWIPONM-UHFFFAOYSA-N,inchi
590-29-4(2),CASRN,BDAGIHXWWSANSR-UHFFFAOYSA-N,inchi
590-63-6(2),CASRN,NZUPCNDJBJXXRF-UHFFFAOYSA-O,inchi
590-86-3(2),CASRN,YGHRJJRRZDOVPD-UHFFFAOYSA-N,inchi
5902-51-2(4),CASRN,FNEQOVOLKIIMTA-UHFFFAOYSA-N,inchi
591-17-3(2),CASRN,WJIFKOVZNJTSGO-UHFFFAOYSA-N,inchi
591-27-5(2),CASRN,CWLKGDAVCFYWJK-UHFFFAOYSA-N,inchi
591-31-1(2),CASRN,WMPDAIZRQDCGFH-UHFFFAOYSA-N,inchi
591-35-5(2),CASRN,VPOMSPZBQMDLTM-UHFFFAOYSA-N,inchi
591-80-0(2),CASRN,HVAMZGADVCBITI-UHFFFAOYSA-N,inchi
591-87-7(2),CASRN,FWZUNOYOVVKUNF-UHFFFAOYSA-N,inchi
59122-46-2(2),CASRN,OJLOPKGSLYJEMD-ZRDIBKRKSA-N,inchi
5915-41-3(2),CASRN,FZXISNSWEXTPMF-UHFFFAOYSA-N,inchi
59160-29-1(2),CASRN,DJQJFMSHHYAZJD-UHFFFAOYSA-N,inchi
59198-70-8(2),CASRN,HHJIUUAMYGBVSD-UHFFFAOYSA-N,inchi
592-31-4(4),CASRN,CNWSQCLBDWYLAN-UHFFFAOYSA-N,inchi
592-41-6(2),CASRN,LIKMAJRDDDTEIG-UHFFFAOYSA-N,inchi
592-42-7(2),CASRN,PYGSKMBEVAICCR-UHFFFAOYSA-N,inchi
592-45-0(2),CASRN,PRBHEGAFLDMLAL-GQCTYLIASA-N,inchi
592-51-8(2),CASRN,CFEYBLWMNFZOPB-UHFFFAOYSA-N,inchi
59227-89-3(2),CASRN,AXTGDCSMTYGJND-UHFFFAOYSA-N,inchi
59263-76-2(2),CASRN,JLICHNCFTLFZJN-UHFFFAOYSA-N,inchi
59277-89-3(2),CASRN,MKUXAQIIEYXACX-UHFFFAOYSA-N,inchi
593-08-8(2),CASRN,CYIFVRUOHKNECG-UHFFFAOYSA-N,inchi
593-85-1(2),CASRN,ZRALSGWEFCBTJO-UHFFFAOYSA-N,inchi
5930-28-9(2),CASRN,KGEXISHTCZHGFT-UHFFFAOYSA-N,inchi
59337-93-8(2),CASRN,PMXNPOJHBQDJKS-UHFFFAOYSA-N,inchi
594-18-3(2),CASRN,IHUREIPXVFKEDT-UHFFFAOYSA-N,inchi
594-20-7(4),CASRN,ZEOVXNVKXIPWMS-UHFFFAOYSA-N,inchi
594-42-3(2),CASRN,RYFZYYUIAZYQLC-UHFFFAOYSA-N,inchi
594-61-6(2),CASRN,BWLBGMIXKSTLSX-UHFFFAOYSA-N,inchi
594-65-0(2),CASRN,UPQQXPKAYZYUKO-UHFFFAOYSA-N,inchi
594-71-8(2),CASRN,JQYFSFNSNVRUPY-UHFFFAOYSA-N,inchi
594-72-9(2),CASRN,OQOGEOLRYAOSKO-UHFFFAOYSA-N,inchi
5943-30-6(2),CASRN,QTWKINKGAHTPFJ-UHFFFAOYSA-N,inchi
59467-96-8(2),CASRN,DDLIGBOFAVUZHB-UHFFFAOYSA-N,inchi
595-33-5(4),CASRN,RQZAXGRLVPAYTJ-UHFFFAOYSA-N,inchi
595-37-9(2),CASRN,VUAXHMVRKOTJKP-UHFFFAOYSA-N,inchi
59536-65-1(2),CASRN,PCEAPJVBSINMNW-UHFFFAOYSA-N,inchi
5959-95-5(2),CASRN,ZDXPYRJPNDTMRX-UHFFFAOYSA-N,inchi
596-01-0(2),CASRN,HQHBAGKIEAOSNM-UHFFFAOYSA-N,inchi
596-51-0(4),CASRN,ANGKOCUUWGHLCE-UHFFFAOYSA-N,inchi
59643-91-3(2),CASRN,BIXBBIPTYBJTRY-UHFFFAOYSA-N,inchi
59669-26-0(2),CASRN,XDOTVMNBCQVZKG-MKICQXMISA-N,inchi
597-09-1(2),CASRN,YADISKICBOYXFS-UHFFFAOYSA-N,inchi
597-43-3(2),CASRN,GOHPTLYPQCTZSE-UHFFFAOYSA-N,inchi
59703-84-3(2),CASRN,IVBHGBMCVLDMKU-UHFFFAOYSA-N,inchi
59719-67-4(2),CASRN,KQYKAMMEDGWORJ-UHFFFAOYSA-N,inchi
59721-29-8(2),CASRN,XASIMHXSUQUHLV-UHFFFAOYSA-N,inchi
5973-71-7(2),CASRN,POQJHLBMLVTHAU-UHFFFAOYSA-N,inchi
5975-78-0(4),CASRN,APJDQUGPCJRQRJ-UHFFFAOYSA-N,inchi
59756-60-4(4),CASRN,YWBVHLJPRPCRSD-UHFFFAOYSA-N,inchi
5976-61-4(4),CASRN,QOZFCKXEVSGWGS-UHFFFAOYSA-N,inchi
598-55-0(2),CASRN,GTCAXTIRRLKXRU-UHFFFAOYSA-N,inchi
598-72-1(4),CASRN,MONMFXREYOKQTI-UHFFFAOYSA-N,inchi
598-77-6(2),CASRN,GRSQYISVQKPZCW-UHFFFAOYSA-N,inchi
598-78-7(2),CASRN,GAWAYYRQGQZKCR-UHFFFAOYSA-N,inchi
598-91-4(2),CASRN,GQEVYCCMYUNRHJ-UHFFFAOYSA-N,inchi
598-98-1(2),CASRN,CNMFHDIDIMZHKY-UHFFFAOYSA-N,inchi
59803-98-4(2),CASRN,XYLJNLCSTIOKRM-UHFFFAOYSA-N,inchi
59804-37-4(2),CASRN,OTGJPAOGHQFBMI-UHFFFAOYSA-N,inchi
5982-61-6(2),CASRN,WGJHHMKQBWSQIY-UHFFFAOYSA-N,inchi
5982-97-8(2),CASRN,QCUPYFTWJOZAOB-HWKANZROSA-N,inchi
59820-43-8(2),CASRN,PNENOUKIPPERMY-UHFFFAOYSA-N,inchi
5985-00-2(2),CASRN,XXANNZJIZQTCBP-UHFFFAOYSA-N,inchi
5987-82-6(2),CASRN,CMHHMUWAYWTMGS-UHFFFAOYSA-N,inchi
5988-91-0(2),CASRN,UCSIFMPORANABL-UHFFFAOYSA-N,inchi
599-61-1(2),CASRN,LJGHYPLBDBRCRZ-UHFFFAOYSA-N,inchi
599-64-4(6),CASRN,QBDSZLJBMIMQRS-UHFFFAOYSA-N,inchi
599-79-1(6),CASRN,NCEXYHBECQHGNR-QZQOTICOSA-N,inchi
59917-39-4(2),CASRN,HHJUWIANJFBDHT-UHFFFAOYSA-N,inchi
599179-03-0(2),CASRN,CNPVJJQCETWNEU-UHFFFAOYSA-N,inchi
59937-28-9(2),CASRN,YPIQVCUJEKAZCP-UHFFFAOYSA-N,inchi
59939-16-1(2),CASRN,YAORIDZYZDUZCM-UHFFFAOYSA-N,inchi
59973-80-7(2),CASRN,MVGSNCBCUWPVDA-MFOYZWKCSA-N,inchi
60-02-6(2),CASRN,ACGDKVXYNVEAGU-UHFFFAOYSA-N,inchi
60-11-7(2),CASRN,JCYPECIVGRXBMO-UHFFFAOYSA-N,inchi
60-12-8(6),CASRN,WRMNZCZEMHIOCP-UHFFFAOYSA-N,inchi
60-18-4(2),CASRN,OUYCCCASQSFEME-UHFFFAOYSA-N,inchi
"60-23-1(2), 156-57-0(2)",CASRN,UFULAYFCSOUIOV-UHFFFAOYSA-N,inchi
60-26-4(2),CASRN,VZJFGSRCJCXDSG-UHFFFAOYSA-N,inchi
60-27-5(2),CASRN,DDRJAANPRJIHGJ-UHFFFAOYSA-N,inchi
60-31-1(2),CASRN,OIPILFWXSMYKGL-UHFFFAOYSA-N,inchi
60-32-2(2),CASRN,SLXKOJJOQWFEFD-UHFFFAOYSA-N,inchi
60-33-3(6),CASRN,OYHQOLUKZRVURQ-HZJYTTRNSA-N,inchi
60-35-5(2),CASRN,DLFVBJFMPXGRIB-UHFFFAOYSA-N,inchi
60-40-2(2),CASRN,IMYZQPCYWPFTAG-UHFFFAOYSA-N,inchi
60-51-5(4),CASRN,MCWXGJITAZMZEV-UHFFFAOYSA-N,inchi
60-56-0(6),CASRN,IVAWMVACECMAGC-UHFFFAOYSA-N,inchi
60-79-7(2),CASRN,WVVSZNPYNCNODU-UHFFFAOYSA-N,inchi
60-80-0(6),CASRN,VEQOALNAAJBPNY-UHFFFAOYSA-N,inchi
60-82-2(7),CASRN,VGEREEWJJVICBM-UHFFFAOYSA-N,inchi
60-89-9(2),CASRN,CBHCDHNUZWWAPP-UHFFFAOYSA-N,inchi
60-92-4(2),CASRN,IVOMOUWHDPKRLL-UHFFFAOYSA-N,inchi
600-05-5(2),CASRN,ZMYAKSMZTVWUJB-UHFFFAOYSA-N,inchi
600-22-6(2),CASRN,CWKLZLBVOJRSOM-UHFFFAOYSA-N,inchi
600-25-9(2),CASRN,XEKUXTMJEFPWCG-UHFFFAOYSA-N,inchi
6000-74-4(2),CASRN,BGSOJVFOEQLVMH-UHFFFAOYSA-N,inchi
6010-91-9(2),CASRN,HIMXGTXNXJYFGB-UHFFFAOYSA-N,inchi
6012-97-1(2),CASRN,WZXXZHONLFRKGG-UHFFFAOYSA-N,inchi
"60125-24-8(2), 1504-74-1(2)",CASRN,KKVZAVRSVHUSPL-GQCTYLIASA-N,inchi
60142-96-3(2),CASRN,UGJMXCAKCUNAIE-UHFFFAOYSA-N,inchi
60166-93-0(2),CASRN,XQZXYNRDCRIARQ-UHFFFAOYSA-N,inchi
602-01-7(2),CASRN,DYSXLQBUUOPLBB-UHFFFAOYSA-N,inchi
602-38-0(2),CASRN,AVCSMMMOCOTIHF-UHFFFAOYSA-N,inchi
602-41-5(2),CASRN,LEQAKWQJCITZNK-UHFFFAOYSA-N,inchi
602-60-8(2),CASRN,LSIKFJXEYJIZNB-UHFFFAOYSA-N,inchi
602-87-9(2),CASRN,CUARLQDWYSRQDF-UHFFFAOYSA-N,inchi
60200-06-8(4),CASRN,QOVTVIYTBRHADL-UHFFFAOYSA-N,inchi
60207-31-0(4),CASRN,AKNQMEBLVAMSNZ-UHFFFAOYSA-N,inchi
60207-90-1(4),CASRN,STJLVHWMYQXCPB-UHFFFAOYSA-N,inchi
60207-93-4(2),CASRN,DWRKFAJEBUWTQM-UHFFFAOYSA-N,inchi
60282-87-3(2),CASRN,SIGSPDASOTUPFS-UHFFFAOYSA-N,inchi
603-00-9(2),CASRN,KYHQZNGJUGFTGR-UHFFFAOYSA-N,inchi
603-35-0(4),CASRN,RIOQSEWOXXDEQQ-UHFFFAOYSA-N,inchi
603-50-9(4),CASRN,KHOITXIGCFIULA-UHFFFAOYSA-N,inchi
603-83-8(2),CASRN,HFCFJYRLBAANKN-UHFFFAOYSA-N,inchi
60325-46-4(2),CASRN,UQZVCDCIMBLVNR-AJYMUMPOSA-N,inchi
"60348-60-9(2), 32534-81-9(2)",CASRN,WHPVYXDFIXRKLN-UHFFFAOYSA-N,inchi
6035-45-6(2),CASRN,AFFDJSNPCNCZFO-UHFFFAOYSA-N,inchi
"6035-47-8(2), 149-44-0(2)",CASRN,SBGKURINHGJRFN-UHFFFAOYSA-N,inchi
60397-77-5(2),CASRN,JOFDPSBOUCXJCC-UHFFFAOYSA-N,inchi
604-75-1(8),CASRN,ADIMAYPTOBDMTL-UHFFFAOYSA-N,inchi
60414-06-4(2),CASRN,YXBQLONCIPUQKO-UHFFFAOYSA-N,inchi
605-32-3(2),CASRN,GCDBEYOJCZLKMC-UHFFFAOYSA-N,inchi
605-45-8(2),CASRN,QWDBCIAVABMJPP-UHFFFAOYSA-N,inchi
605-71-0(2),CASRN,ZUTCJXFCHHDFJS-UHFFFAOYSA-N,inchi
605-91-4(2),CASRN,HQCBCYUEDZNVBO-UHFFFAOYSA-N,inchi
60506-81-2(2),CASRN,INXWLSDYDXPENO-UHFFFAOYSA-N,inchi
6051-87-2(2),CASRN,OUGIDAPQYNCXRA-UHFFFAOYSA-N,inchi
6052-84-2(4),CASRN,URFNSYWAGGETFK-UHFFFAOYSA-N,inchi
6054-98-4(2),CASRN,QQBDLJCYGRGAKP-UHFFFAOYSA-N,inchi
6055-19-2(6),CASRN,CMSMOCZEIVJLDB-UHFFFAOYSA-N,inchi
60561-17-3(2),CASRN,GGCSSNBKKAUURC-UHFFFAOYSA-N,inchi
60599-38-4(2),CASRN,AKRYBBWYDSDZHG-UHFFFAOYSA-N,inchi
606-20-2(4),CASRN,XTRDKALNCIHHNI-UHFFFAOYSA-N,inchi
606-37-1(2),CASRN,ULALSFRIGPMWRS-UHFFFAOYSA-N,inchi
606-45-1(2),CASRN,PFYHAAAQPNMZHO-UHFFFAOYSA-N,inchi
60607-34-3(2),CASRN,BAINIUMDFURPJM-UHFFFAOYSA-N,inchi
606143-52-6(2),CASRN,CYOHGALHFOKKQC-UHFFFAOYSA-N,inchi
60628-96-8(2),CASRN,OCAPBUJLXMYKEJ-UHFFFAOYSA-N,inchi
6064-83-1(2),CASRN,FFKUDWZICMJVPA-UHFFFAOYSA-N,inchi
60643-86-9(2),CASRN,PJDFLNIOAUIZSL-UHFFFAOYSA-N,inchi
60668-24-8(2),CASRN,BHAYDBSYOBONRV-UHFFFAOYSA-N,inchi
60676-84-8(2),CASRN,YQYUWUKDEVZFDB-UHFFFAOYSA-N,inchi
607-35-2(2),CASRN,OQHHSGRZCKGLCY-UHFFFAOYSA-N,inchi
607-57-8(4),CASRN,XFOHWECQTFIEIX-UHFFFAOYSA-N,inchi
607-88-5(2),CASRN,AMYKXJAXRJCLCV-UHFFFAOYSA-N,inchi
607-90-9(2),CASRN,LZFIOSVZIQOVFW-UHFFFAOYSA-N,inchi
607-91-0(2),CASRN,BNWJOHGLIBDBOB-UHFFFAOYSA-N,inchi
60719-82-6(2),CASRN,FZSPJBYOKQPKCD-UHFFFAOYSA-N,inchi
60719-84-8(4),CASRN,TYANYXQSROLMAK-UHFFFAOYSA-N,inchi
608-25-3(2),CASRN,ZTMADXFOCUXMJE-UHFFFAOYSA-N,inchi
"608-66-2(4), 69-65-8(6), 6706-59-8(2), 50-70-4(4)",CASRN,FBPFZTCFMRRESA-UHFFFAOYSA-N,inchi
608-71-9(2),CASRN,SVHOVVJFOWGYJO-UHFFFAOYSA-N,inchi
"608-73-1(6), 319-85-7(4), 58-89-9(4), 319-84-6(2)",CASRN,JLYXXMFPNIAWKQ-UHFFFAOYSA-N,inchi
608-93-5(2),CASRN,CEOCDNVZRAIOQZ-UHFFFAOYSA-N,inchi
60812-23-9(2),CASRN,GZIZSEZACLNKGZ-UHFFFAOYSA-N,inchi
"608140-09-6(2), 528818-82-8(2), 327022-58-2(2), 56511-19-4(2)",CASRN,YQFWGCSKGJMGHE-UHFFFAOYSA-N,inchi
60875-16-3(2),CASRN,CUGBBQWDGCXWNB-UHFFFAOYSA-N,inchi
6088-51-3(6),CASRN,AHXGXXJEEHFHDK-UHFFFAOYSA-N,inchi
609-14-3(2),CASRN,FNENWZWNOPCZGK-UHFFFAOYSA-N,inchi
609-15-4(2),CASRN,RDULEYWUGKOCMR-UHFFFAOYSA-N,inchi
609-20-1(4),CASRN,HQCHAOKWWKLXQH-UHFFFAOYSA-N,inchi
609-36-9(2),CASRN,ONIBWKKTOPOVIA-UHFFFAOYSA-N,inchi
"609-54-1(2), 827-19-0(2)",CASRN,IRLYGRLEBKCYPY-UHFFFAOYSA-N,inchi
609-93-8(2),CASRN,HOYRZHJJAHRMLL-UHFFFAOYSA-N,inchi
60925-61-3(2),CASRN,SLAYUXIURFNXPG-UHFFFAOYSA-N,inchi
60940-34-3(2),CASRN,DYEFUKCXAQOFHX-UHFFFAOYSA-N,inchi
6099-90-7(2),CASRN,QCDYQQDYXPDABM-UHFFFAOYSA-N,inchi
61-16-5(2),CASRN,WJAJPNHVVFWKKL-UHFFFAOYSA-N,inchi
61-19-8(2),CASRN,UDMBCSSLTHHNCD-UHFFFAOYSA-N,inchi
61-25-6(2),CASRN,XQYZDYMELSJDRZ-UHFFFAOYSA-N,inchi
61-57-4(2),CASRN,RDXLYGJSWZYTFJ-UHFFFAOYSA-N,inchi
"61-73-4(4), 7220-79-3(2)",CASRN,RBTBFTRPCNLSDE-UHFFFAOYSA-N,inchi
61-75-6(2),CASRN,AAQOQKQBGPPFNS-UHFFFAOYSA-N,inchi
61-76-7(6),CASRN,SONNWYBIRXJNDC-UHFFFAOYSA-N,inchi
61-78-9(2),CASRN,HSMNQINEKMPTIC-UHFFFAOYSA-N,inchi
61-80-3(2),CASRN,YGCODSQDUUUKIV-UHFFFAOYSA-N,inchi
61-82-5(4),CASRN,KLSJWNVTNUYHDU-UHFFFAOYSA-N,inchi
610-14-0(2),CASRN,BWWHTIHDQBHTHP-UHFFFAOYSA-N,inchi
610-15-1(2),CASRN,KLGQWSOYKYFBTR-UHFFFAOYSA-N,inchi
610-39-9(4),CASRN,INYDMNPNDHRJQJ-UHFFFAOYSA-N,inchi
610-66-2(2),CASRN,YPRFCQAWSNWRLM-UHFFFAOYSA-N,inchi
610-96-8(2),CASRN,JAVRNIFMYIJXIE-UHFFFAOYSA-N,inchi
6106-81-6(4),CASRN,GSYQNAMOFFWAPF-UHFFFAOYSA-N,inchi
611-06-3(2),CASRN,QUIMTLZDMCNYGY-UHFFFAOYSA-N,inchi
611-09-6(2),CASRN,UNMYHYODJHKLOC-UHFFFAOYSA-N,inchi
611-14-3(1),CASRN,HYFLWBNQFMXCPA-UHFFFAOYSA-N,inchi
611-19-8(2),CASRN,BASMANVIUSSIIM-UHFFFAOYSA-N,inchi
611-20-1(2),CASRN,CHZCERSEMVWNHL-UHFFFAOYSA-N,inchi
611-23-4(2),CASRN,TWLBRQVYXPMCFK-UHFFFAOYSA-N,inchi
611-32-5(2),CASRN,JRLTTZUODKEYDH-UHFFFAOYSA-N,inchi
611-70-1(2),CASRN,BSMGLVDZZMBWQB-UHFFFAOYSA-N,inchi
611-71-2(2),CASRN,IWYDHOAUDWTVEP-UHFFFAOYSA-N,inchi
611-75-6(2),CASRN,OJGDCBLYJGHCIH-UHFFFAOYSA-N,inchi
611-99-4(2),CASRN,RXNYJUSEXLAVNQ-UHFFFAOYSA-N,inchi
611-99-4(5),CASRN,RXNYJUSEXLAVNQ-UHFFFAOYSA-N,inchi
6112-76-1(2),CASRN,GLYGRBPLZURLDD-UHFFFAOYSA-N,inchi
61129-30-4(2),CASRN,OYPPVKRFBIWMSX-SXGWCWSVSA-N,inchi
6114-21-2(2),CASRN,FMMOOAYVCKXGMF-MURFETPASA-N,inchi
61177-44-4(2),CASRN,HZZVJAQRINQKSD-RJRFIUFISA-N,inchi
612-23-7(2),CASRN,BXCBUWKTXLWPSB-UHFFFAOYSA-N,inchi
612-60-2(2),CASRN,KDYVCOSVYOSHOL-UHFFFAOYSA-N,inchi
"612-83-9(4), 91-94-1(2)",CASRN,HUWXDEQWWKGHRV-UHFFFAOYSA-N,inchi
61213-25-0(2),CASRN,OQZCSNDVOWYALR-UHFFFAOYSA-N,inchi
61270-78-8(2),CASRN,DYAIAHUQIPBDIP-UHFFFAOYSA-N,inchi
61295-41-8(2),CASRN,GFRRQSASJZMMJC-UHFFFAOYSA-N,inchi
613-13-8(4),CASRN,YCSBALJAGZKWFF-UHFFFAOYSA-N,inchi
613-13-8(5),CASRN,YCSBALJAGZKWFF-UHFFFAOYSA-N,inchi
613-50-3(2),CASRN,SMHPLBXIVNQFBA-UHFFFAOYSA-N,inchi
613-93-4(2),CASRN,NCCHARWOCKOHIH-UHFFFAOYSA-N,inchi
613-94-5(2),CASRN,WARCRYXKINZHGQ-UHFFFAOYSA-N,inchi
61318-91-0(2),CASRN,AFNXATANNDIXLG-UHFFFAOYSA-N,inchi
61337-67-5(2),CASRN,RONZAEMNMFQXRA-UHFFFAOYSA-N,inchi
61379-65-5(2),CASRN,WDZCUPBHRAEYDL-UMLKREEWSA-N,inchi
6138-23-4(2),CASRN,HDTRYLNUVZCQOY-UHFFFAOYSA-N,inchi
6138-56-3(2),CASRN,UFLGIAIHIAPJJC-UHFFFAOYSA-N,inchi
614-00-6(4),CASRN,MAXCWSIJKVASQC-UHFFFAOYSA-N,inchi
614-18-6(2),CASRN,XBLVHTDFJBKJLG-UHFFFAOYSA-N,inchi
614-45-9(4),CASRN,GJBRNHKUVLOCEB-UHFFFAOYSA-N,inchi
614-80-2(2),CASRN,ADVGKWPZRIDURE-UHFFFAOYSA-N,inchi
61413-54-5(2),CASRN,HJORMJIFDVBMOB-UHFFFAOYSA-N,inchi
61422-45-5(2),CASRN,AOCCBINRVIKJHY-UHFFFAOYSA-N,inchi
61432-55-1(1),CASRN,BWUPSGJXXPATLU-UHFFFAOYSA-N,inchi
61445-50-9(2),CASRN,UQQYIAVMUUJWGX-UHFFFAOYSA-N,inchi
6145-73-9(2),CASRN,GTRSAMFYSUBAGN-UHFFFAOYSA-N,inchi
6149-3-7(2),CASRN,MSOTUIWEAQEETA-UHFFFAOYSA-N,inchi
615-53-2(2),CASRN,CAUBWLYZCDDYEF-UHFFFAOYSA-N,inchi
615-54-3(4),CASRN,FWAJPSIPOULHHH-UHFFFAOYSA-N,inchi
615-58-7(1),CASRN,FAXWFCTVSHEODL-UHFFFAOYSA-N,inchi
615-74-7(2),CASRN,SMFHPCZZAAMJJO-UHFFFAOYSA-N,inchi
"6151-25-3(4), 117-39-5(4)",CASRN,UMVWYQXKBPJMOF-UHFFFAOYSA-N,inchi
"6151-25-3(4), 117-39-5(4), 73123-10-1(3)",CASRN,UMVWYQXKBPJMOF-UHFFFAOYSA-N,inchi
"6152-33-6(4), 90-43-7(4)",CASRN,LLEMOWNGBBNAJR-UHFFFAOYSA-N,inchi
6153-33-9(2),CASRN,FQQIIPAOSKSOJM-UHFFFAOYSA-N,inchi
61545-99-1(2),CASRN,KTUWFYALZIAAGE-UHFFFAOYSA-N,inchi
61570-90-9(2),CASRN,HLLICFJUWSZHRJ-UHFFFAOYSA-N,inchi
616-09-1(2),CASRN,ILVGAIQLOCKNQA-UHFFFAOYSA-N,inchi
616-21-7(2),CASRN,PQBOTZNYFQWRHU-UHFFFAOYSA-N,inchi
616-23-9(2),CASRN,ZXCYIJGIGSDJQQ-UHFFFAOYSA-N,inchi
616-38-6(4),CASRN,IEJIGPNLZYLLBP-UHFFFAOYSA-N,inchi
616-45-5(4),CASRN,HNJBEVLQSNELDL-UHFFFAOYSA-N,inchi
616-86-4(2),CASRN,ISFYBUAVOZFROB-UHFFFAOYSA-N,inchi
616-91-1(4),CASRN,PWKSKIMOESPYIA-UHFFFAOYSA-N,inchi
616-96-6(2),CASRN,YBROOZNJUDHTGE-QINSGFPZSA-N,inchi
616202-92-7(2),CASRN,XTTZERNUQAFMOF-UHFFFAOYSA-N,inchi
6164-98-3(2),CASRN,STUSTWKEFDQFFZ-UHFFFAOYSA-N,inchi
6168-86-1(2),CASRN,XVQUOJBERHHONY-UHFFFAOYSA-N,inchi
617-84-5(2),CASRN,SUAKHGWARZSWIH-UHFFFAOYSA-N,inchi
617-94-7(2),CASRN,BDCFWIDZNLCTMF-UHFFFAOYSA-N,inchi
6170-42-9(2),CASRN,ICKFFNBDFNZJSX-UHFFFAOYSA-N,inchi
61702-44-1(4),CASRN,MGLZGLAFFOMWPB-UHFFFAOYSA-N,inchi
"61755-34-8(2), 374564-83-7(2)",CASRN,ZGZLRWJZGFRHHQ-UHFFFAOYSA-N,inchi
618-45-1(2),CASRN,VLJSLTNSFSOYQR-UHFFFAOYSA-N,inchi
618-88-2(2),CASRN,NBDAHKQJXVLAID-UHFFFAOYSA-N,inchi
61849-14-7(2),CASRN,KAQKFAOMNZTLHT-FHZLGBCPSA-N,inchi
61869-08-7(2),CASRN,AHOUBRCZNHFOSL-UHFFFAOYSA-N,inchi
619-17-0(4),CASRN,UEALKTCRMBVTFN-UHFFFAOYSA-N,inchi
619-23-8(2),CASRN,APGGSERFJKEWFG-UHFFFAOYSA-N,inchi
619-65-8(2),CASRN,ADCUEPOHPCPMCE-UHFFFAOYSA-N,inchi
619-66-9(2),CASRN,GOUHYARYYWKXHS-UHFFFAOYSA-N,inchi
"619-67-0(2), 24589-77-3(2)",CASRN,PCNFLKVWBDNNOW-UHFFFAOYSA-N,inchi
619-80-7(2),CASRN,ZESWUEBPRPGMTP-UHFFFAOYSA-N,inchi
6190-65-4(2),CASRN,DFWFIQKMSFGDCQ-UHFFFAOYSA-N,inchi
61914-43-0(2),CASRN,VOIFKEWOFUNPBN-UHFFFAOYSA-N,inchi
"6192-52-5(2), 657-84-1(2), 104-15-4(2), 328090-25-1(2)",CASRN,JOXIMZWYDAKGHI-UHFFFAOYSA-N,inchi
6192-62-7(2),CASRN,XYNPYHXGMWJBLV-UHFFFAOYSA-N,inchi
61931-82-6(2),CASRN,KZTCAXCBXSIQSS-UHFFFAOYSA-N,inchi
61941-56-8(4),CASRN,SOYCMDCMZDHQFP-UHFFFAOYSA-N,inchi
6197-30-4(4),CASRN,FMJSMJQBSVNSBF-UHFFFAOYSA-N,inchi
62-23-7(4),CASRN,OTLNPYWUJOZPPA-UHFFFAOYSA-N,inchi
"62-33-9(2), 15708-41-5(6), 60-00-4(2)",CASRN,KCXVZYZYPLLWCC-UHFFFAOYSA-N,inchi
62-44-2(6),CASRN,CPJSUEIXXCENMM-UHFFFAOYSA-N,inchi
62-50-0(2),CASRN,PLUBXMRUUVWRLT-UHFFFAOYSA-N,inchi
62-51-1(2),CASRN,NZWOPGCLSHLLPA-UHFFFAOYSA-N,inchi
62-55-5(2),CASRN,YUKQRDCYNOVPGJ-UHFFFAOYSA-N,inchi
62-56-6(4),CASRN,UMGDCJDMYOKAJW-UHFFFAOYSA-N,inchi
62-68-0(2),CASRN,SNTQPLDRUZOSDP-UHFFFAOYSA-N,inchi
62-73-7(6),CASRN,OEBRKCOSUFCWJD-UHFFFAOYSA-N,inchi
"62-74-8(2), 144-49-0(2)",CASRN,QEWYKACRFQMRMB-UHFFFAOYSA-N,inchi
62-75-9(4),CASRN,UMFJAHHVKNCGLG-UHFFFAOYSA-N,inchi
62-90-8(2),CASRN,UBWXUGDQUBIEIZ-UHFFFAOYSA-N,inchi
62-97-5(2),CASRN,LCTZPQRFOZKZNK-UHFFFAOYSA-N,inchi
620-14-4(2),CASRN,ZLCSFXXPPANWQY-UHFFFAOYSA-N,inchi
620-17-7(4),CASRN,HMNKTRSOROOSPP-UHFFFAOYSA-N,inchi
620-22-4(2),CASRN,BOHCMQZJWOGWTA-UHFFFAOYSA-N,inchi
620-40-6(2),CASRN,MXHTZQSKTCCMFG-UHFFFAOYSA-N,inchi
620-92-8(2),CASRN,PXKLMJQFEQBVLD-UHFFFAOYSA-N,inchi
620-92-8(5),CASRN,PXKLMJQFEQBVLD-UHFFFAOYSA-N,inchi
6201-87-2(2),CASRN,MLPWLRUWQJVULT-UHFFFAOYSA-N,inchi
62013-04-1(2),CASRN,WLOHNSSYAXHWNR-UHFFFAOYSA-N,inchi
6202-23-9(2),CASRN,JURKNVYFZMSNLP-UHFFFAOYSA-N,inchi
621-07-8(2),CASRN,GXELTROTKVKZBQ-UHFFFAOYSA-N,inchi
621-23-8(2),CASRN,LKUDPHPHKOZXCD-UHFFFAOYSA-N,inchi
621-33-0(2),CASRN,WEZAHYDFZNTGKE-UHFFFAOYSA-N,inchi
621-42-1(4),CASRN,QLNWXBAGRTUKKI-UHFFFAOYSA-N,inchi
621-59-0(2),CASRN,JVTZFYYHCGSXJV-UHFFFAOYSA-N,inchi
621-64-7(4),CASRN,YLKFDHTUAUWZPQ-UHFFFAOYSA-N,inchi
621-76-1(2),CASRN,RWNXXQFJBALKAX-UHFFFAOYSA-N,inchi
6211-15-0(2),CASRN,BQJCRHHNABKAKU-UHFFFAOYSA-N,inchi
6217-54-5(2),CASRN,MBMBGCFOFBJSGT-KUBAVDMBSA-N,inchi
6219-89-2(2),CASRN,JGXPJGJSAMZYBO-UHFFFAOYSA-N,inchi
622-20-8(2),CASRN,MHCVYAFXPIMYRD-UHFFFAOYSA-N,inchi
622-40-2(2),CASRN,KKFDCBRMNNSAAW-UHFFFAOYSA-N,inchi
622-51-5(2),CASRN,DMSHKWHLXNDUST-UHFFFAOYSA-N,inchi
622-62-8(2),CASRN,LKVFCSWBKOVHAH-UHFFFAOYSA-N,inchi
622-78-6(2),CASRN,MDKCFLQDBWCQCV-UHFFFAOYSA-N,inchi
622-96-8(2),CASRN,JRLPEMVDPFPYPJ-UHFFFAOYSA-N,inchi
622-97-9(4),CASRN,JLBJTVDPSNHSKJ-UHFFFAOYSA-N,inchi
6225-6-5(2),CASRN,BNODIVYXTGTUPS-UHFFFAOYSA-N,inchi
6228-25-7(2),CASRN,ZTISUHQLYYPYFA-UHFFFAOYSA-N,inchi
623-03-0(2),CASRN,GJNGXPDXRVXSEH-UHFFFAOYSA-N,inchi
623-15-4(2),CASRN,GBKGJMYPQZODMI-SNAWJCMRSA-N,inchi
623-17-6(4),CASRN,CKOYRRWBOKMNRG-UHFFFAOYSA-N,inchi
623-39-2(2),CASRN,PSJBSUHYCGQTHZ-UHFFFAOYSA-N,inchi
623-42-7(2),CASRN,UUIQMZJEGPQKFD-UHFFFAOYSA-N,inchi
623-51-8(2),CASRN,PVBRSNZAOAJRKO-UHFFFAOYSA-N,inchi
623-84-7(2),CASRN,MLHOXUWWKVQEJB-UHFFFAOYSA-N,inchi
6236-5-1(2),CASRN,YPLKHPGELUGWCJ-UHFFFAOYSA-N,inchi
624-41-9(2),CASRN,XHIUFYZDQBSEMF-UHFFFAOYSA-N,inchi
624-48-6(2),CASRN,LDCRTTXIJACKKU-ARJAWSKDSA-N,inchi
624-83-9(2),CASRN,HAMGRBXTJNITHG-UHFFFAOYSA-N,inchi
624-92-0(2),CASRN,WQOXQRCZOLPYPM-UHFFFAOYSA-N,inchi
62450-07-1(1),CASRN,LKKMLIBUAXYLOY-UHFFFAOYSA-N,inchi
625-28-5(2),CASRN,QHDRKFYEGYYIIK-UHFFFAOYSA-N,inchi
625-38-7(1),CASRN,PVEOYINWKBTPIZ-UHFFFAOYSA-N,inchi
625-45-6(4),CASRN,RMIODHQZRUFFFF-UHFFFAOYSA-N,inchi
625-48-9(2),CASRN,KIPMDPDAFINLIV-UHFFFAOYSA-N,inchi
625-55-8(4),CASRN,RMOUBSOVHSONPZ-UHFFFAOYSA-N,inchi
625-69-4(2),CASRN,GTCCGKPBSJZVRZ-UHFFFAOYSA-N,inchi
625-86-5(2),CASRN,GSNUFIFRDBKVIE-UHFFFAOYSA-N,inchi
625114-41-2(2),CASRN,XEANIURBPHCHMG-UHFFFAOYSA-N,inchi
62571-86-2(2),CASRN,FAKRSMQSSFJEIM-UHFFFAOYSA-N,inchi
6259-76-3(2),CASRN,BVLVGYXYGXOSOG-UHFFFAOYSA-N,inchi
626-17-5(4),CASRN,LAQPNDIUHRHNCV-UHFFFAOYSA-N,inchi
626-39-1(2),CASRN,YWDUZLFWHVQCHY-UHFFFAOYSA-N,inchi
626-43-7(4),CASRN,UQRLKWGPEVNVHT-UHFFFAOYSA-N,inchi
626-56-2(2),CASRN,JEGMWWXJUXDNJN-UHFFFAOYSA-N,inchi
626-89-1(2),CASRN,PCWGTDULNUVNBN-UHFFFAOYSA-N,inchi
62613-82-5(2),CASRN,IHLAQQPQKRMGSS-UHFFFAOYSA-N,inchi
6262-42-6(2),CASRN,BLZOHTXDDOAASQ-UHFFFAOYSA-N,inchi
62625-31-4(2),CASRN,OLQIKGSZDTXODA-UHFFFAOYSA-N,inchi
62625-32-5(2),CASRN,INBQSOALTMPZQK-LGMDPLHJSA-N,inchi
6264-66-0(2),CASRN,MPKIJEUTPZPJFP-UHFFFAOYSA-N,inchi
62658-63-3(2),CASRN,UUOJIACWOAYWEZ-UHFFFAOYSA-N,inchi
"6266-73-5(2), 361-09-1(2)",CASRN,BHQCQFFYRZLCQQ-UHFFFAOYSA-N,inchi
627-03-2(4),CASRN,YZGQDNOIGFBYKF-UHFFFAOYSA-N,inchi
627-05-4(2),CASRN,NALZTFARIYUCBY-UHFFFAOYSA-N,inchi
627-18-9(2),CASRN,RQFUZUMFPRMVDX-UHFFFAOYSA-N,inchi
627-63-4(2),CASRN,ZLYYJUJDFKGVKB-OWOJBTEDSA-N,inchi
627-91-8(2),CASRN,UOBSVARXACCLLH-UHFFFAOYSA-N,inchi
627-93-0(4),CASRN,UDSFAEKRVUSQDD-UHFFFAOYSA-N,inchi
628-02-4(4),CASRN,ALBYIUDWACNRRB-UHFFFAOYSA-N,inchi
"628-13-7(2), 110-86-1(2)",CASRN,JUJWROOIHBZHMG-UHFFFAOYSA-N,inchi
628-36-4(2),CASRN,POVXOWVFLAAVBH-UHFFFAOYSA-N,inchi
628-46-6(2),CASRN,MHPUGCYGQWGLJL-UHFFFAOYSA-N,inchi
628-63-7(4),CASRN,PGMYKACGEOXYJE-UHFFFAOYSA-N,inchi
628-87-5(2),CASRN,BSRDNMMLQYNQQD-UHFFFAOYSA-N,inchi
628-94-4(2),CASRN,GVNWZKBFMFUVNX-UHFFFAOYSA-N,inchi
628-97-7(2),CASRN,XIRNKXNNONJFQO-UHFFFAOYSA-N,inchi
6281-42-1(2),CASRN,PODSUMUEKRUDEI-UHFFFAOYSA-N,inchi
6284-40-8(4),CASRN,MBBZMMPHUWSWHV-UHFFFAOYSA-N,inchi
6285-5-8(2),CASRN,ADCYRBXQAJXJTD-UHFFFAOYSA-N,inchi
6285-57-0(2),CASRN,GPNAVOJCQIEKQF-UHFFFAOYSA-N,inchi
6287-38-3(2),CASRN,ZWUSBSHBFFPRNE-UHFFFAOYSA-N,inchi
6289-46-9(2),CASRN,MHKKFFHWMKEBDW-UHFFFAOYSA-N,inchi
62893-20-3(2),CASRN,GCFBRXLSHGKWDP-UHFFFAOYSA-N,inchi
629-03-8(2),CASRN,SGRHVVLXEBNBDV-UHFFFAOYSA-N,inchi
629-08-3(2),CASRN,SDAXRHHPNYTELL-UHFFFAOYSA-N,inchi
629-11-8(2),CASRN,XXMIOPMDWAUFGU-UHFFFAOYSA-N,inchi
629-14-1(2),CASRN,LZDKZFUFMNSQCJ-UHFFFAOYSA-N,inchi
629-19-6(2),CASRN,ALVPFGSHPUPROW-UHFFFAOYSA-N,inchi
629-50-5(2),CASRN,IIYFAKIEWZDVMP-UHFFFAOYSA-N,inchi
629-59-4(2),CASRN,BGHCVCJVXZWKCC-UHFFFAOYSA-N,inchi
629-62-9(2),CASRN,YCOZIPAWZNQLMR-UHFFFAOYSA-N,inchi
629-72-1(2),CASRN,JKOTZBXSNOGCIF-UHFFFAOYSA-N,inchi
629-73-2(2),CASRN,GQEZCXVZFLOKMC-UHFFFAOYSA-N,inchi
629-76-5(4),CASRN,REIUXOLGHVXAEO-UHFFFAOYSA-N,inchi
629-78-7(2),CASRN,NDJKXXJCMXVBJW-UHFFFAOYSA-N,inchi
6290-17-1(2),CASRN,GSIXJEIRJVOUFB-UHFFFAOYSA-N,inchi
6290-37-5(2),CASRN,BUYNWUMUDHPPDS-UHFFFAOYSA-N,inchi
6292-91-7(2),CASRN,NGBBVGZWCFBOGO-UHFFFAOYSA-N,inchi
6294-89-9(2),CASRN,WFJRIDQGVSJLLH-UHFFFAOYSA-N,inchi
63-05-8(6),CASRN,AEMFNILZOJDQLW-UHFFFAOYSA-N,inchi
63-25-2(6),CASRN,CVXBEEMKQHEXEN-UHFFFAOYSA-N,inchi
63-45-6(2),CASRN,INDBQLZJXZLFIT-UHFFFAOYSA-N,inchi
63-56-9(2),CASRN,GULNIHOSWFYMRN-UHFFFAOYSA-N,inchi
63-74-1(6),CASRN,FDDDEECHVMSUSB-UHFFFAOYSA-N,inchi
63-75-2(2),CASRN,HJJPJSXJAXAIPN-UHFFFAOYSA-N,inchi
63-98-9(2),CASRN,XPFRXWCVYUEORT-UHFFFAOYSA-N,inchi
630-10-4(2),CASRN,IYKVLICPFCEZOF-UHFFFAOYSA-N,inchi
630-16-0(2),CASRN,RVHSTXJKKZWWDQ-UHFFFAOYSA-N,inchi
630-20-6(2),CASRN,QVLAWKAXOMEXPM-UHFFFAOYSA-N,inchi
630-56-8(4),CASRN,DOMWKUIIPQCAJU-UHFFFAOYSA-N,inchi
630-60-4(6),CASRN,LPMXVESGRSUGHW-UHFFFAOYSA-N,inchi
63041-77-0(2),CASRN,PYVWGNPFWVQISD-UHFFFAOYSA-N,inchi
6306-60-1(2),CASRN,VJARIBGMDPJLCL-UHFFFAOYSA-N,inchi
63074-08-8(2),CASRN,VCKUSRYTPJJLNI-UHFFFAOYSA-N,inchi
631-27-6(2),CASRN,HNSCCNJWTJUGNQ-UHFFFAOYSA-N,inchi
631-64-1(4),CASRN,SIEILFNCEFEENQ-UHFFFAOYSA-N,inchi
63133-74-4(2),CASRN,XLAYCZJJQWGFAZ-UHFFFAOYSA-N,inchi
63133-82-4(2),CASRN,LKAQFOKMMXWRRQ-UHFFFAOYSA-N,inchi
6317-18-6(4),CASRN,JWZXKXIUSSIAMR-UHFFFAOYSA-N,inchi
6319-6-8(2),CASRN,GPIUUMROPXDNRH-UHFFFAOYSA-N,inchi
6319-84-2(2),CASRN,YEJZJVJJPVZXGX-UHFFFAOYSA-N,inchi
632-69-9(2),CASRN,VDNLFJGJEQUWRB-UHFFFAOYSA-N,inchi
632-79-1(2),CASRN,QHWKHLYUUZGSCW-UHFFFAOYSA-N,inchi
632-99-5(4),CASRN,WVYMEHMNEMRCEL-SFVWPUANSA-N,inchi
63213-29-6(2),CASRN,PXBWCOGDYXMWMC-UHFFFAOYSA-N,inchi
63245-28-3(2),CASRN,WNIDXAKKFOKNEF-UHFFFAOYSA-N,inchi
63284-71-9(2),CASRN,SAPGTCDSBGMXCD-UHFFFAOYSA-N,inchi
633-03-4(2),CASRN,HXCILVUBKWANLN-UHFFFAOYSA-N,inchi
633-65-8(4),CASRN,YBHILYKTIRIUTE-UHFFFAOYSA-N,inchi
633-96-5(2),CASRN,RDUJRVXKAIVTDH-UHFFFAOYSA-N,inchi
63358-49-6(2),CASRN,BHELIUBJHYAEDK-UHFFFAOYSA-N,inchi
6338-41-6(2),CASRN,PCSKKIUURRTAEM-UHFFFAOYSA-N,inchi
634-66-2(4),CASRN,GBDZXPJXOMHESU-UHFFFAOYSA-N,inchi
634-90-2(2),CASRN,QZYNWJQFTJXIRN-UHFFFAOYSA-N,inchi
634-93-5(2),CASRN,NATVSFWWYVJTAZ-UHFFFAOYSA-N,inchi
6344-67-8(2),CASRN,PVUBSZGNXLNTLX-UHFFFAOYSA-N,inchi
63449-68-3(2),CASRN,YJFCKXVXEKHSEC-UHFFFAOYSA-N,inchi
635-41-6(4),CASRN,XWVOEFLBOSSYGM-UHFFFAOYSA-N,inchi
63516-07-4(2),CASRN,OATDVDIMNNZTEY-UHFFFAOYSA-N,inchi
63547-13-7(2),CASRN,CGNMLOKEMNBUAI-UHFFFAOYSA-N,inchi
6358-64-1(2),CASRN,YGUFQYGSBVXPMC-UHFFFAOYSA-N,inchi
6358-7-2(2),CASRN,ZARYBZGMUVAJMK-UHFFFAOYSA-N,inchi
63585-09-1(2),CASRN,ZJAOAACCNHFJAH-UHFFFAOYSA-N,inchi
6359-82-6(2),CASRN,OILFJMYLWASPJD-ZCXUNETKSA-N,inchi
6359-90-6(2),CASRN,QDTMJKXRTWLGGY-VHEBQXMUSA-N,inchi
6359-98-4(2),CASRN,DWYWPBYWDAZKNX-FMQUCBEESA-N,inchi
636-26-0(2),CASRN,CPIDOTOQIGMWNA-UHFFFAOYSA-N,inchi
636-47-5(2),CASRN,UPBAOYRENQEPJO-UHFFFAOYSA-N,inchi
636-54-4(2),CASRN,LBXHRAWDUMTPSE-UHFFFAOYSA-N,inchi
63612-50-0(4),CASRN,XWXYUMMDTVBTOU-UHFFFAOYSA-N,inchi
63659-18-7(2),CASRN,NWIUTZDMDHAVTP-UHFFFAOYSA-N,inchi
63675-72-9(4),CASRN,CMRUBVBRILWITQ-UHFFFAOYSA-N,inchi
637-07-0(6),CASRN,KNHUKKLJHYUCFP-UHFFFAOYSA-N,inchi
637-32-1(2),CASRN,SSOLNOMRVKKSON-UHFFFAOYSA-N,inchi
637-58-1(2),CASRN,DQKXQSGTHWVTAD-UHFFFAOYSA-N,inchi
637-92-3(2),CASRN,NUMQCACRALPSHD-UHFFFAOYSA-N,inchi
63721-05-1(2),CASRN,MKLKDUHMZCIBSJ-UHFFFAOYSA-N,inchi
6373-74-6(2),CASRN,OMOSYYVYEGXVHK-UHFFFAOYSA-N,inchi
6375-27-5(2),CASRN,PJFIAKRRJLGWMD-UHFFFAOYSA-N,inchi
6375-47-9(4),CASRN,SJWQCBCAGCEWCV-UHFFFAOYSA-N,inchi
6378-25-2(2),CASRN,LEDKKDPOPIKMSZ-UHFFFAOYSA-N,inchi
6378-65-0(2),CASRN,NCDCLPBOMHPFCV-UHFFFAOYSA-N,inchi
638-07-3(2),CASRN,OHLRLMWUFVDREV-UHFFFAOYSA-N,inchi
638-29-9(2),CASRN,XGISHOFUAFNYQF-UHFFFAOYSA-N,inchi
638-45-9(2),CASRN,ANOOTOPTCJRUPK-UHFFFAOYSA-N,inchi
638-53-9(2),CASRN,SZHOJFHSIKHZHA-UHFFFAOYSA-N,inchi
638-65-3(2),CASRN,RHSBIGNQEIPSCT-UHFFFAOYSA-N,inchi
638-94-8(2),CASRN,WBGKWQHBNHJJPZ-UHFFFAOYSA-N,inchi
63837-33-2(2),CASRN,ZDOOQPFIGYHZFV-UHFFFAOYSA-N,inchi
63845-42-1(2),CASRN,SADQVAVFGNTEOD-UHFFFAOYSA-N,inchi
6385-02-0(2),CASRN,SBDNJUWAMKYJOX-UHFFFAOYSA-N,inchi
6385-62-2(2),CASRN,SYJFEGQWDCRVNX-UHFFFAOYSA-N,inchi
63968-64-9(2),CASRN,BLUAFEHZUWYNDE-UHFFFAOYSA-N,inchi
6398-98-7(2),CASRN,OVCDSSHSILBFBN-UHFFFAOYSA-N,inchi
64-00-6(2),CASRN,GYKXQTKSWLAUIT-UHFFFAOYSA-N,inchi
64-10-8(2),CASRN,LUBJCRLGQSPQNN-UHFFFAOYSA-N,inchi
64-17-5(2),CASRN,LFQSCWFLJHTTHZ-UHFFFAOYSA-N,inchi
64-52-8(2),CASRN,BVURVTVDNWSNFN-UHFFFAOYSA-N,inchi
64-65-3(2),CASRN,ORRZGUBHBVWWOP-UHFFFAOYSA-N,inchi
64-67-5(4),CASRN,DENRZWYUOJLTMF-UHFFFAOYSA-N,inchi
64-72-2(4),CASRN,RNPLSXLZRGPQCU-UHFFFAOYSA-N,inchi
64-73-3(2),CASRN,JHOHXJYRVSLQCB-UHFFFAOYSA-N,inchi
64-77-7(6),CASRN,JLRGJRBPOGGCBT-UHFFFAOYSA-N,inchi
64-85-7(4),CASRN,ZESRJSPZRDMNHY-UHFFFAOYSA-N,inchi
64-86-8(6),CASRN,IAKHMKGGTNLKSZ-UHFFFAOYSA-N,inchi
640-19-7(2),CASRN,FVTWJXMFYOXOKK-UHFFFAOYSA-N,inchi
640-68-6(2),CASRN,KZSNJWFQEVHDMF-UHFFFAOYSA-N,inchi
64019-93-8(2),CASRN,OCUJLLGVOUDECM-UHFFFAOYSA-N,inchi
6402-23-9(2),CASRN,CIKWKGFPFXJVGW-UHFFFAOYSA-N,inchi
64057-70-1(2),CASRN,SHXWCVYOXRDMCX-UHFFFAOYSA-N,inchi
64063-37-2(2),CASRN,AYVZXDFCFQSWJD-UHFFFAOYSA-N,inchi
64092-48-4(6),CASRN,ZXVNMYWKKDOREA-UHFFFAOYSA-N,inchi
6411-75-2(2),CASRN,VSRBKQFNFZQRBM-UHFFFAOYSA-N,inchi
6419-19-8(2),CASRN,YDONNITUKPKTIG-UHFFFAOYSA-N,inchi
642-78-4(2),CASRN,LQOLIRLGBULYKD-UHFFFAOYSA-N,inchi
642-83-1(2),CASRN,ZOZKYEHVNDEUCO-UHFFFAOYSA-N,inchi
64204-55-3(2),CASRN,RTFADALJKSFJDZ-UHFFFAOYSA-N,inchi
64211-46-7(2),CASRN,QRJJEGAJXVEBNE-HKOYGPOVSA-N,inchi
6422-86-2(4),CASRN,RWPICVVBGZBXNA-UHFFFAOYSA-N,inchi
64221-86-9(2),CASRN,ZSKVGTPCRGIANV-UHFFFAOYSA-N,inchi
64228-81-5(2),CASRN,YXSLJKQTIDHPOT-UHFFFAOYSA-N,inchi
64241-34-5(2),CASRN,QLTVVOATEHFXLT-UHFFFAOYSA-N,inchi
6425-39-4(2),CASRN,ZMSQJSMSLXVTKN-UHFFFAOYSA-N,inchi
64275-73-6(2),CASRN,VDHRTASWKDTLER-ARJAWSKDSA-N,inchi
643-38-9(2),CASRN,YHUVMHKAHWKQBI-UHFFFAOYSA-N,inchi
64359-81-5(2),CASRN,PORQOHRXAJJKGK-UHFFFAOYSA-N,inchi
64379-93-7(2),CASRN,NCOOUEIQXVWKTO-QPJJXVBHSA-N,inchi
644-08-6(2),CASRN,ZZLCFHIKESPLTH-UHFFFAOYSA-N,inchi
644-35-9(2),CASRN,LCHYEKKJCUJAKN-UHFFFAOYSA-N,inchi
644-64-4(2),CASRN,RDBIYWSVMRVKSG-UHFFFAOYSA-N,inchi
644-97-3(2),CASRN,IMDXZWRLUZPMDH-UHFFFAOYSA-N,inchi
64485-93-4(2),CASRN,GPRBEKHLDVQUJE-AWQFTUOYSA-N,inchi
64490-92-2(2),CASRN,UPSPUYADGBWSHF-UHFFFAOYSA-N,inchi
645-00-1(2),CASRN,CBYAZOKPJYBCHE-UHFFFAOYSA-N,inchi
645-05-6(4),CASRN,UUVWYPNAQBNQJQ-UHFFFAOYSA-N,inchi
645-09-0(2),CASRN,KWAYEPXDGHYGRW-UHFFFAOYSA-N,inchi
645-35-2(2),CASRN,HNDVDQJCIGZPNO-UHFFFAOYSA-N,inchi
645-56-7(2),CASRN,KLSLBUSXWBJMEC-UHFFFAOYSA-N,inchi
645-62-5(2),CASRN,PYLMCYQHBRSDND-VURMDHGXSA-N,inchi
64506-49-6(2),CASRN,GFWRVVCDTLRWPK-KPKJPENVSA-N,inchi
64519-82-0(2),CASRN,SERLAGPUMNYUCK-UHFFFAOYSA-N,inchi
6452-73-9(2),CASRN,CEMAWMOMDPGJMB-UHFFFAOYSA-N,inchi
6459-94-5(4),CASRN,SIGHAVOYMKYMPO-UHFFFAOYSA-N,inchi
646-06-0(2),CASRN,WNXJIVFYUVYPPR-UHFFFAOYSA-N,inchi
646-14-0(2),CASRN,FEYJIFXFOHFGCC-UHFFFAOYSA-N,inchi
64603-91-4(2),CASRN,ZXRVKCBLGJOCEE-UHFFFAOYSA-N,inchi
64628-44-0(2),CASRN,XAIPTRIXGHTTNT-UHFFFAOYSA-N,inchi
"64697-40-1(2), 244193-52-0(2), 403842-84-2(2), 304680-36-2(2)",CASRN,WXMVWUBWIHZLMQ-UHFFFAOYSA-N,inchi
647-42-7(2),CASRN,GRJRKPMIRMSBNK-UHFFFAOYSA-N,inchi
64700-56-7(2),CASRN,IVDRCZNHVGQBHZ-UHFFFAOYSA-N,inchi
64706-54-3(2),CASRN,UIEATEWHFDRYRU-UHFFFAOYSA-N,inchi
64795-35-3(2),CASRN,JLVHTNZNKOSCNB-UHFFFAOYSA-N,inchi
64808-48-6(2),CASRN,UGDPYGKWIHHBMB-UHFFFAOYSA-N,inchi
"6485-40-1(2), 2244-16-8(4), 99-49-0(2)",CASRN,ULDHMXUKGWMISQ-UHFFFAOYSA-N,inchi
64872-77-1(2),CASRN,SWLMUYACZKCSHZ-UHFFFAOYSA-N,inchi
6489-61-8(2),CASRN,FZECHKJQHUVANE-UHFFFAOYSA-N,inchi
648917-13-9(2),CASRN,KAJJGOCSAXKXBD-UHFFFAOYSA-N,inchi
64902-72-3(2),CASRN,VJYIFXVZLXQVHO-UHFFFAOYSA-N,inchi
6493-5-6(2),CASRN,BYPFEZZEUUWMEJ-UHFFFAOYSA-N,inchi
6493-6-7(2),CASRN,NSMXQKNUPPXBRG-UHFFFAOYSA-N,inchi
64953-12-4(2),CASRN,JWCSIUVGFCSJCK-UHFFFAOYSA-N,inchi
"65-23-6(4), 58-56-0(2)",CASRN,LXNHXLLTXMVWPM-UHFFFAOYSA-N,inchi
65-29-2(2),CASRN,OZLPUNFFCJDMJD-UHFFFAOYSA-N,inchi
65-45-2(6),CASRN,SKZKKFZAGNVIMN-UHFFFAOYSA-N,inchi
65-86-1(4),CASRN,PXQPEWDEAKTCGB-UHFFFAOYSA-N,inchi
65002-17-7(4),CASRN,VUAFHZCUKUDDBC-UHFFFAOYSA-N,inchi
65039-10-3(2),CASRN,WWVMHGUBIOZASN-UHFFFAOYSA-N,inchi
65055-17-6(2),CASRN,DLZUHSFUBZTBQZ-UHFFFAOYSA-N,inchi
651-06-9(2),CASRN,GPTONYMQFTZPKC-UHFFFAOYSA-N,inchi
65141-46-0(2),CASRN,LBHIOVVIQHSOQN-UHFFFAOYSA-N,inchi
6515-38-4(2),CASRN,WCYYAQFQZQEUEN-UHFFFAOYSA-N,inchi
652-67-5(2),CASRN,KLDXJTOLSGUMSJ-UHFFFAOYSA-N,inchi
6521-29-5(4),CASRN,ZNSSPLQZSUWFJT-UHFFFAOYSA-N,inchi
65391-42-6(2),CASRN,VGGGPCQERPFHOB-UHFFFAOYSA-N,inchi
65405-77-8(2),CASRN,IEPWIPZLLIOZLU-ARJAWSKDSA-N,inchi
654055-01-3(2),CASRN,JUVPWBCCVAWDJF-UHFFFAOYSA-N,inchi
654058-04-5(2),CASRN,HVVRUQBMAZRKPJ-UHFFFAOYSA-N,inchi
65416-14-0(2),CASRN,VSBHYRPUJHEOBE-UHFFFAOYSA-N,inchi
65473-14-5(2),CASRN,OZGNYLLQHRPOBR-DHZHZOJOSA-N,inchi
655-35-6(2),CASRN,KLOIYEQEVSIOOO-UHFFFAOYSA-N,inchi
65505-17-1(2),CASRN,SRUTWBWLFKSTIS-UHFFFAOYSA-N,inchi
65513-72-6(2),CASRN,GWOFUCIGLDBNKM-UHFFFAOYSA-N,inchi
65576-45-6(2),CASRN,VSWBSWWIRNCQIJ-UHFFFAOYSA-N,inchi
65589-70-0(2),CASRN,XSIOKTWDEOJMGG-UHFFFAOYSA-O,inchi
6559-91-7(2),CASRN,YVCVYCSAAZQOJI-UHFFFAOYSA-N,inchi
65646-68-6(4),CASRN,AKJHMTWEGVYYSE-FXILSDISSA-N,inchi
6577-41-9(2),CASRN,AXWZZEWIGNYBGA-UHFFFAOYSA-N,inchi
6579-54-0(2),CASRN,WGGKQIKICKLWGN-UHFFFAOYSA-N,inchi
65894-82-8(2),CASRN,FLBOQJFNAYJWIA-UHFFFAOYSA-N,inchi
659-70-1(2),CASRN,XINCECQTMHSORG-UHFFFAOYSA-N,inchi
66-22-8(4),CASRN,SGLPRIIINMCHCW-UHFFFAOYSA-N,inchi
66-25-1(4),CASRN,JARKCYVAAOWBJS-UHFFFAOYSA-N,inchi
66-27-3(4),CASRN,MBABOKRGFJTBAE-UHFFFAOYSA-N,inchi
"66-71-7(4), 18851-33-7(2)",CASRN,DGEZNRSVGBDHLK-UHFFFAOYSA-N,inchi
66-72-8(2),CASRN,RADKZDMFGJYCBB-UHFFFAOYSA-N,inchi
66-75-1(2),CASRN,YKPXESVABPNVOR-UHFFFAOYSA-N,inchi
66-76-2(2),CASRN,HIZKPJUTKKJDGA-UHFFFAOYSA-N,inchi
66-81-9(6),CASRN,YPHMISFOHDHNIV-UHFFFAOYSA-N,inchi
"66-84-2(2), 1772-03-8(2)",CASRN,MSWZFWKMSRAUBD-UHFFFAOYSA-N,inchi
"660-68-4(2), 109-89-7(2)",CASRN,HPNMFZURTQLUMO-UHFFFAOYSA-N,inchi
6606-59-3(2),CASRN,SAPGBCWOQLHKKZ-UHFFFAOYSA-N,inchi
66063-05-6(2),CASRN,OGYFATSSENRIKG-UHFFFAOYSA-N,inchi
66072-38-6(2),CASRN,IGZBSJAMZHNHKE-UHFFFAOYSA-N,inchi
66085-59-4(2),CASRN,SVMHYHIZWOJKDL-UHFFFAOYSA-N,inchi
661-19-8(2),CASRN,NOPFSRXAKWQILS-UHFFFAOYSA-N,inchi
6610-29-3(2),CASRN,PTVZQOAHCSKAAS-UHFFFAOYSA-N,inchi
66104-23-2(2),CASRN,YEHCICAEULNIGD-UHFFFAOYSA-N,inchi
66108-95-0(2),CASRN,NTHXOOBQLCIOLC-UHFFFAOYSA-N,inchi
6620-60-6(2),CASRN,DGMKFQYCZXERLX-UHFFFAOYSA-N,inchi
66215-27-8(6),CASRN,LVQDKIWDGQRHTE-UHFFFAOYSA-N,inchi
"66230-04-4(2), 51630-58-1(4)",CASRN,NYPJDWWKZLNGGM-UHFFFAOYSA-N,inchi
6624-73-3(2),CASRN,UMNVFYKZOXQOLL-UHFFFAOYSA-N,inchi
66246-88-6(2),CASRN,WKBPZYKAUNRMKP-UHFFFAOYSA-N,inchi
6625-46-3(2),CASRN,GWWYFEYLWLUZFT-QURGRASLSA-N,inchi
66309-69-1(2),CASRN,QYQDKDWGWDOFFU-UHFFFAOYSA-N,inchi
6632-68-4(2),CASRN,KGNDAYADNQJAGL-UHFFFAOYSA-N,inchi
66332-96-5(2),CASRN,PTCGDEVVHUXTMP-UHFFFAOYSA-N,inchi
66346-01-8(2),CASRN,ILQGIJDYSLHIOX-UHFFFAOYSA-N,inchi
66357-35-5(4),CASRN,SYNOVMDJYWJCON-UHFFFAOYSA-N,inchi
664-95-9(2),CASRN,RIGBPMDIGYBTBJ-UHFFFAOYSA-N,inchi
6640-24-0(2),CASRN,VHFVKMTVMIZMIK-UHFFFAOYSA-N,inchi
66455-29-6(2),CASRN,DVEKCXOJTLDBFE-UHFFFAOYSA-O,inchi
66456-53-9(2),CASRN,RLXONRYGFSAXHK-UHFFFAOYSA-N,inchi
66575-29-9(4),CASRN,OHCQJHSOBUTRHG-UHFFFAOYSA-N,inchi
66644-81-3(2),CASRN,RYJXBGGBZJGVQF-UHFFFAOYSA-N,inchi
6665-83-4(2),CASRN,GPZYYYGYCRFPBU-UHFFFAOYSA-N,inchi
6665-86-7(2),CASRN,MQGPSCMMNJKMHQ-UHFFFAOYSA-N,inchi
6673-35-4(2),CASRN,DURULFYMVIFBIR-UHFFFAOYSA-N,inchi
66734-13-2(2),CASRN,DJHCCTTVDRAMEH-UHFFFAOYSA-N,inchi
6674-22-2(2),CASRN,GQHTUMJGOHRCHB-UHFFFAOYSA-N,inchi
66794-74-9(2),CASRN,PJWPNDMDCLXCOM-UHFFFAOYSA-N,inchi
668-94-0(2),CASRN,CPHGOBGXZQKCKI-UHFFFAOYSA-N,inchi
66803-19-8(2),CASRN,DNYGXMICFMACRA-UHFFFAOYSA-N,inchi
66852-54-8(2),CASRN,BDSYKGHYMJNPAB-UHFFFAOYSA-N,inchi
66871-56-5(2),CASRN,RRHJHSBDJDZUGL-UHFFFAOYSA-N,inchi
66898-62-2(2),CASRN,ANMLJLFWUCQGKZ-UHFFFAOYSA-N,inchi
668981-02-0(2),CASRN,UACOXBQBNWQWOK-UHFFFAOYSA-N,inchi
66985-17-9(4),CASRN,OEXHQOGQTVQTAT-UHFFFAOYSA-N,inchi
"67-03-8(2), 532-43-4(2)",CASRN,JZRWCGZRTZMZEH-UHFFFAOYSA-N,inchi
67-16-3(2),CASRN,GFEGEDUIIYDMOX-BMJUYKDLSA-N,inchi
67-28-7(2),CASRN,ACFHHZJOAUZSJU-XBXARRHUSA-N,inchi
67-30-1(2),CASRN,PPJYSSNKSXAVDB-UHFFFAOYSA-N,inchi
67-42-5(2),CASRN,DEFVIWRASFVYLL-UHFFFAOYSA-N,inchi
67-43-6(2),CASRN,QPCDCPDFJACHGM-UHFFFAOYSA-N,inchi
67-45-8(2),CASRN,PLHJDBGFXBMTGZ-WEVVVXLNSA-N,inchi
67-47-0(4),CASRN,NOEGNKMFWQHSLB-UHFFFAOYSA-N,inchi
67-52-7(2),CASRN,HNYOPLTXPVRDBG-UHFFFAOYSA-N,inchi
67-56-1(4),CASRN,OKKJLVBELUTLKV-UHFFFAOYSA-N,inchi
67-63-0(4),CASRN,KFZMGEQAYNKOFK-UHFFFAOYSA-N,inchi
67-64-1(4),CASRN,CSCPPACGZOOCGX-UHFFFAOYSA-N,inchi
67-66-3(4),CASRN,HEDRZPFGACZZDS-UHFFFAOYSA-N,inchi
67-68-5(2),CASRN,IAZDPXIOMUYVGZ-UHFFFAOYSA-N,inchi
67-72-1(2),CASRN,VHHHONWQHHHLTI-UHFFFAOYSA-N,inchi
67-73-2(4),CASRN,FEBLZLNTKCEFIT-UHFFFAOYSA-N,inchi
67-78-7(2),CASRN,XGMPVBXKDAHORN-UHFFFAOYSA-N,inchi
67-96-9(2),CASRN,ILYCWAKSDCYMBB-ZJGOHBTISA-N,inchi
67-97-0(4),CASRN,QYSXJUFSXHHAJI-GGULSIJQSA-N,inchi
670-54-2(2),CASRN,NLDYACGHTUPAQU-UHFFFAOYSA-N,inchi
6700-34-1(2),CASRN,MKXZASYAUGDDCJ-UHFFFAOYSA-N,inchi
6701-13-9(2),CASRN,LRZPQLZONWIQOJ-UHFFFAOYSA-N,inchi
67024-46-8(2),CASRN,KWJPCZGVGLPKMD-UHFFFAOYSA-N,inchi
67028-40-4(2),CASRN,UMNOIMVMNARUSB-UHFFFAOYSA-N,inchi
6707-60-4(2),CASRN,MRMOPGVGWFNHIN-UHFFFAOYSA-N,inchi
671-95-4(2),CASRN,NENBAISIHCWPKP-UHFFFAOYSA-N,inchi
6711-48-4(2),CASRN,BXYVQNNEFZOBOZ-UHFFFAOYSA-N,inchi
67121-76-0(2),CASRN,OBWGMKKHCLHVIE-UHFFFAOYSA-N,inchi
67151-63-7(2),CASRN,NWDRKFORNVPWLY-UHFFFAOYSA-N,inchi
672-87-7(2),CASRN,NHTGHBARYWONDQ-UHFFFAOYSA-N,inchi
67227-56-9(2),CASRN,TVURRHSHRRELCG-UHFFFAOYSA-N,inchi
6724-53-4(2),CASRN,CYXKNKQEMFBLER-UHFFFAOYSA-N,inchi
67268-43-3(2),CASRN,NTNZDKLXIBVSQQ-UHFFFAOYSA-N,inchi
6728-26-3(4),CASRN,MBDOYVRWFFCFHM-SNAWJCMRSA-N,inchi
673-31-4(2),CASRN,CAMYKONBWHRPDD-UHFFFAOYSA-N,inchi
673-84-7(4),CASRN,GQVMHMFBVWSSPF-SOYUKNQTSA-N,inchi
"6734-80-1(2), 137-42-8(2)",CASRN,HYVVJDQGXFXBRZ-UHFFFAOYSA-N,inchi
67392-87-4(2),CASRN,METQSPRSQINEEU-UHFFFAOYSA-N,inchi
"6740-88-1(4), 33643-49-1(2), 33643-46-8(2)",CASRN,YQEZLKZALYSWHR-UHFFFAOYSA-N,inchi
6742-54-7(2),CASRN,XBEADGFTLHRJRB-UHFFFAOYSA-N,inchi
67469-78-7(2),CASRN,NAUWTFJOPJWYOT-UHFFFAOYSA-N,inchi
67485-29-4(2),CASRN,IQVNEKKDSLOHHK-FNCQTZNRSA-N,inchi
67564-91-4(2),CASRN,RYAUSSKQMZRMAI-UHFFFAOYSA-N,inchi
"676-46-0(2), 6915-15-7(4)",CASRN,BJEPYKJPYRNKOW-UHFFFAOYSA-N,inchi
676116-04-4(2),CASRN,SRAQFALNAGNAQE-UHFFFAOYSA-N,inchi
67634-00-8(2),CASRN,XCWPXUNHSPOFGV-UHFFFAOYSA-N,inchi
67651-34-7(6),CASRN,RESKVBRHSNTJNG-UHFFFAOYSA-N,inchi
67674-36-6(2),CASRN,GCIRJCKOUVCUBZ-OFALOCIGSA-N,inchi
6770-38-3(2),CASRN,DAJPMKAQEUGECW-UHFFFAOYSA-N,inchi
67701-03-5(2),CASRN,KEMQGTRYUADPNZ-UHFFFAOYSA-N,inchi
67715-80-4(2),CASRN,GKGOLPMYJJXRGD-UHFFFAOYSA-N,inchi
67747-09-5(4),CASRN,TVLSRXXIMLFWEO-UHFFFAOYSA-N,inchi
67786-14-5(2),CASRN,DIAXRUOBYBLEJE-GHVJWSGMSA-N,inchi
678-26-2(2),CASRN,NJCBUSHGCBERSK-UHFFFAOYSA-N,inchi
678-39-7(2),CASRN,JJUBFBTUBACDHW-UHFFFAOYSA-N,inchi
67814-76-0(2),CASRN,UDIIBEDMEYAVNG-UHFFFAOYSA-N,inchi
67874-72-0(2),CASRN,YEVACTAGDANHRH-UHFFFAOYSA-N,inchi
67883-79-8(2),CASRN,JNWQKXUWZWKUAY-JQEGGOPCSA-N,inchi
6789-88-4(2),CASRN,UUGLJVMIFJNVFH-UHFFFAOYSA-N,inchi
6790-58-5(2),CASRN,YPZUZOLGGMJZJO-UHFFFAOYSA-N,inchi
67915-31-5(2),CASRN,BLSQLHNBWJLIBQ-UHFFFAOYSA-N,inchi
67952-65-2(2),CASRN,DNBQBSWEJGAAIY-UHFFFAOYSA-N,inchi
67953-08-6(2),CASRN,IMTMBDXEKMXETQ-UHFFFAOYSA-N,inchi
"68-11-1(4), 5421-46-5(2)",CASRN,CWERGRDVMFNCDR-UHFFFAOYSA-N,inchi
68-12-2(4),CASRN,ZMXDDKWLCZADIW-UHFFFAOYSA-N,inchi
68-22-4(4),CASRN,VIKNJXKGJWUCNN-UHFFFAOYSA-N,inchi
68-22-4(6),CASRN,VIKNJXKGJWUCNN-UHFFFAOYSA-N,inchi
68-23-5(2),CASRN,ICTXHFFSOAJUMG-UHFFFAOYSA-N,inchi
68-23-5(4),CASRN,ICTXHFFSOAJUMG-UHFFFAOYSA-N,inchi
"68-35-9(2), 22199-08-2(4)",CASRN,SEEPANYCNGTZFQ-UHFFFAOYSA-N,inchi
68-36-0(2),CASRN,OTEKOJQFKOIXMU-UHFFFAOYSA-N,inchi
68-41-7(2),CASRN,DYDCUQKUCUHJBH-UHFFFAOYSA-N,inchi
"68-88-2(2), 1244-76-4(2)",CASRN,ZQDWXGKKHFNSQK-UHFFFAOYSA-N,inchi
68-89-3(4),CASRN,LVWZTYCIRDMTEY-UHFFFAOYSA-N,inchi
68-90-6(2),CASRN,CZCHIEJNWPNBDE-UHFFFAOYSA-N,inchi
68-94-0(2),CASRN,FDGQSTZJBFJUBT-UHFFFAOYSA-N,inchi
68-96-2(4),CASRN,DBPWSSGDRRHUNT-UHFFFAOYSA-N,inchi
680-31-9(4),CASRN,GNOIPBMMFNIUFM-UHFFFAOYSA-N,inchi
68039-49-6(2),CASRN,MZZRKEIUNOYYDF-UHFFFAOYSA-N,inchi
6804-7-5(2),CASRN,OVGGLBAWFMIPPY-WUXMJOGZSA-N,inchi
68052-23-3(2),CASRN,FTSXVYQZLNPTCM-UHFFFAOYSA-N,inchi
"68060-64-0(2), 751-97-3(2)",CASRN,PLDZOHPIBZVDLQ-UHFFFAOYSA-N,inchi
6807-17-6(6),CASRN,VHLLJTHDWPAQEM-UHFFFAOYSA-N,inchi
6809-52-5(2),CASRN,HUCXKZBETONXFO-NJFMWZAGSA-N,inchi
681-57-2(2),CASRN,BTUDGPVTCYNYLK-UHFFFAOYSA-N,inchi
681-84-5(2),CASRN,LFQCEHFDDXELDD-UHFFFAOYSA-N,inchi
68157-60-8(2),CASRN,GPXLRLUVLMHHIK-UHFFFAOYSA-N,inchi
68169-03-9(2),CASRN,YSAZPIOUAPMLDG-UHFFFAOYSA-N,inchi
682-01-9(2),CASRN,ZQZCOBSUOFHDEE-UHFFFAOYSA-N,inchi
682-09-7(2),CASRN,BDKDHWOPFRTWPP-UHFFFAOYSA-N,inchi
68201-71-8(1),CASRN,VIZORQUEIQEFRT-UHFFFAOYSA-N,inchi
68291-97-4(2),CASRN,UBQNRHZMVUUOMG-UHFFFAOYSA-N,inchi
68298-46-4(2),CASRN,LMTIGABGABPAGU-UHFFFAOYSA-N,inchi
683-72-7(2),CASRN,WCGGWVOVFQNRRS-UHFFFAOYSA-N,inchi
68302-57-8(2),CASRN,SGRYPYWGNKJSDL-UHFFFAOYSA-N,inchi
6834-98-6(4),CASRN,AGJUUQSLGVCRQA-DBHIOOTNSA-N,inchi
68359-37-5(2),CASRN,QQODLKZGRKWIFG-UHFFFAOYSA-N,inchi
68367-52-2(2),CASRN,LXANPKRCLVQAOG-UHFFFAOYSA-N,inchi
6837-24-7(2),CASRN,PZYDAVFRVJXFHS-UHFFFAOYSA-N,inchi
68373-14-8(2),CASRN,FKENQMMABCRJMK-UHFFFAOYSA-N,inchi
68377-91-3(2),CASRN,BHIAIPWSVYSKJS-UHFFFAOYSA-N,inchi
"68392-35-8(2), 68047-06-3(2)",CASRN,TXUZVZSFRXZGTL-QPLCGJKRSA-N,inchi
684-93-5(2),CASRN,ZRKWMRDKSOPRRS-UHFFFAOYSA-N,inchi
68401-82-1(2),CASRN,NNULBSISHYWZJU-IDUWFGFVSA-N,inchi
6846-50-0(4),CASRN,OMVSWZDEEGIJJI-UHFFFAOYSA-N,inchi
685-91-6(2),CASRN,AJFDBNQQDYLMJN-UHFFFAOYSA-N,inchi
"68515-48-0(4), 28553-12-0(2)",CASRN,HBGGXOJOCNVPFY-UHFFFAOYSA-N,inchi
68515-49-1(2),CASRN,ZVFDTKUVRCTHQE-UHFFFAOYSA-N,inchi
68515-75-3(2),CASRN,DLZBUNUDESZERL-UHFFFAOYSA-N,inchi
68550-75-4(2),CASRN,UIAYVIIHMORPSJ-UHFFFAOYSA-N,inchi
68555-86-2(2),CASRN,DTRJDURRPWBDEY-BQASJOSNSA-N,inchi
68609-96-1(2),CASRN,KEKXMAURKVLACV-UHFFFAOYSA-N,inchi
"68609-97-2(2), 2461-18-9(2)",CASRN,VMSIYTPWZLSMOH-UHFFFAOYSA-N,inchi
6863-58-7(2),CASRN,HHBZZTKMMLDNDN-UHFFFAOYSA-N,inchi
68631-49-2(2),CASRN,RZXIRSKYBISPGF-UHFFFAOYSA-N,inchi
6864-37-5(2),CASRN,IGSBHTZEJMPDSZ-UHFFFAOYSA-N,inchi
686756-87-6(2),CASRN,KCIDXSZMKJKCSV-UHFFFAOYSA-N,inchi
68677-26-9(2),CASRN,DMULVCHRPCFFGV-UHFFFAOYSA-N,inchi
68693-11-8(2),CASRN,YFGHCGITMMYXAQ-UHFFFAOYSA-N,inchi
68694-11-1(2),CASRN,HSMVPDGQOIQYSR-KGENOOAVSA-N,inchi
68767-14-6(2),CASRN,YMBXTVYHTMGZDW-UHFFFAOYSA-N,inchi
68786-66-3(2),CASRN,NQPDXQQQCQDHHW-UHFFFAOYSA-N,inchi
68792-52-9(2),CASRN,ZNOVTXRBGFNYRX-UHFFFAOYSA-N,inchi
688-84-6(4),CASRN,WDQMWEYDKDCEHT-UHFFFAOYSA-N,inchi
6881-94-3(2),CASRN,DJCYDDALXPHSHR-UHFFFAOYSA-N,inchi
68844-77-9(4),CASRN,GXDALQBWZGODGZ-UHFFFAOYSA-N,inchi
68890-66-4(2),CASRN,OIQJEQLSYJSNDS-UHFFFAOYSA-N,inchi
689-11-2(2),CASRN,CBRSBDUOPJQVMP-UHFFFAOYSA-N,inchi
689-67-8(4),CASRN,HNZUNIKWNYHEJJ-FMIVXFBMSA-N,inchi
"6893-26-1(2), 56-86-0(2), 138-15-8(2), 19285-83-7(2)",CASRN,WHUUTDBJXJRKMK-UHFFFAOYSA-N,inchi
68937-41-7(6),CASRN,ANVREEJNGJMLOV-UHFFFAOYSA-N,inchi
68959-20-6(2),CASRN,CZIAHOKVOQSYHN-UHFFFAOYSA-N,inchi
"6898-97-1(2), 56-53-1(4)",CASRN,RGLYKWWBQGJZGM-ISLYRVAYSA-N,inchi
"69-22-7(2), 58-08-2(4)",CASRN,RYYVLZVUVIJVGH-UHFFFAOYSA-N,inchi
69-23-8(2),CASRN,PLDUPXSUYLZYBN-UHFFFAOYSA-N,inchi
69-27-2(2),CASRN,IXWDUZLHWJKVPX-UHFFFAOYSA-N,inchi
69-43-2(2),CASRN,IFFPICMESYHZPQ-UHFFFAOYSA-N,inchi
"69-53-4(4), 7177-48-2(2)",CASRN,AVKUERGKIZMTKX-UHFFFAOYSA-N,inchi
"69-72-7(6), 16283-36-6(2), 54-21-7(2), 2174-16-5(2)",CASRN,YGSDEFSMJLZEOE-UHFFFAOYSA-N,inchi
69-81-8(2),CASRN,XSXCZNVKFKNLPR-SDQBBNPISA-N,inchi
"69-93-2(2), 1198-77-2(2)",CASRN,KLMXEVHMXUCFEP-UHFFFAOYSA-N,inchi
69004-04-2(2),CASRN,VBUNOIXRZNJNAD-UHFFFAOYSA-N,inchi
69014-14-8(2),CASRN,YDDXVAXDYKBWDX-UHFFFAOYSA-N,inchi
69045-78-9(2),CASRN,VLJIVLGVKMTBOD-UHFFFAOYSA-N,inchi
69045-83-6(2),CASRN,XVBWGQSXLITICX-UHFFFAOYSA-N,inchi
69049-06-5(2),CASRN,IDBPHNDTYPBSNI-UHFFFAOYSA-N,inchi
69049-73-6(2),CASRN,RQTOOFIXOKYGAN-UHFFFAOYSA-N,inchi
69056-62-8(2),CASRN,XKFPGUWSSPXXMF-UHFFFAOYSA-N,inchi
6911-51-9(2),CASRN,YOLFWWMPGNMXFI-UHFFFAOYSA-N,inchi
692-13-7(2),CASRN,XSEUMFJMFFMCIU-UHFFFAOYSA-N,inchi
692-86-4(2),CASRN,FXNFFCMITPHEIT-UHFFFAOYSA-N,inchi
6928-67-2(2),CASRN,QJRSPJSHRYYBJL-UHFFFAOYSA-N,inchi
693-07-2(2),CASRN,GBNVXYXIRHSYEG-UHFFFAOYSA-N,inchi
693-13-0(2),CASRN,BDNKZNFMNDZQMI-UHFFFAOYSA-N,inchi
693-23-2(4),CASRN,TVIDDXQYHWJXFK-UHFFFAOYSA-N,inchi
693-58-3(2),CASRN,AYMUQTNXKPEMLM-UHFFFAOYSA-N,inchi
693-67-4(2),CASRN,IKPSIIAXIDAQLG-UHFFFAOYSA-N,inchi
693-95-8(2),CASRN,QMHIMXFNBOYPND-UHFFFAOYSA-N,inchi
693-98-1(6),CASRN,LXBGSDVWAMZHDD-UHFFFAOYSA-N,inchi
69304-47-8(2),CASRN,ODZBBRURCPAEIQ-OWOJBTEDSA-N,inchi
69327-76-0(2),CASRN,PRLVTUNWOQKEAI-UHFFFAOYSA-N,inchi
6933-90-0(2),CASRN,SSMSBSWKLKKXGG-UHFFFAOYSA-N,inchi
69377-81-7(2),CASRN,MEFQWPUMEMWTJP-UHFFFAOYSA-N,inchi
6938-94-9(2),CASRN,ZDQWESQEGGJUCH-UHFFFAOYSA-N,inchi
69388-79-0(2),CASRN,OHPVYKXTRACOSQ-UHFFFAOYSA-N,inchi
694-83-7(4),CASRN,SSJXIUAHEKJCMH-UHFFFAOYSA-N,inchi
6940-78-9(2),CASRN,NIDSRGCVYOEDFW-UHFFFAOYSA-N,inchi
6949-73-1(2),CASRN,GXUBPHMYNSICJC-UHFFFAOYSA-N,inchi
695-06-7(2),CASRN,JBFHTYHTHYHCDJ-UHFFFAOYSA-N,inchi
695-34-1(2),CASRN,ORLGLBZRQYOWNA-UHFFFAOYSA-N,inchi
695-53-4(4),CASRN,JYJFNDQBESEHJQ-UHFFFAOYSA-N,inchi
69542-93-4(2),CASRN,SRPNQDXRVRCTNK-UHFFFAOYSA-N,inchi
69558-55-0(2),CASRN,PSWFFKRAVBDQEG-UHFFFAOYSA-N,inchi
6959-47-3(4),CASRN,NJWIMFZLESWFIM-UHFFFAOYSA-N,inchi
6959-48-4(4),CASRN,CNQCWYFDIQSALX-UHFFFAOYSA-N,inchi
6961-46-2(2),CASRN,OSCTXCOERRNGLW-VOTSOKGWSA-N,inchi
6961-82-6(2),CASRN,JCCBZCMSYUSCFM-UHFFFAOYSA-N,inchi
69648-38-0(2),CASRN,XRISENIKJUKIHD-DHZHZOJOSA-N,inchi
6965-71-5(2),CASRN,LDRYOEIGQCIMEK-UHFFFAOYSA-N,inchi
69655-05-6(6),CASRN,BXZVVICBKDXVGW-UHFFFAOYSA-N,inchi
6968-72-5(2),CASRN,LQYJAVWWKTWWKN-UHFFFAOYSA-N,inchi
697-82-5(2),CASRN,OGRAOKJKVGDSFR-UHFFFAOYSA-N,inchi
69712-56-7(2),CASRN,SRZNHPXWXCNNDU-SDQBBNPISA-N,inchi
698-76-0(2),CASRN,FYTRVXSHONWYNE-UHFFFAOYSA-N,inchi
69806-34-4(2),CASRN,GOCUAJYOYBLQRH-UHFFFAOYSA-N,inchi
69806-40-2(4),CASRN,MFSWTRQUCLNFOM-UHFFFAOYSA-N,inchi
"69806-50-4(2), 79241-46-6(2)",CASRN,VAIZTNZGPYBOGF-UHFFFAOYSA-N,inchi
6981-18-6(2),CASRN,KEEYRKYKLYARHO-UHFFFAOYSA-N,inchi
"69815-49-2(2), 51-41-2(2)",CASRN,SFLSHLFXELFNJZ-UHFFFAOYSA-N,inchi
6983-79-5(2),CASRN,PETQSXXQDKKRJS-OWLMNNLMSA-N,inchi
69852-45-5(2),CASRN,YALMGFWDBZZMMB-UHFFFAOYSA-N,inchi
6988-21-2(2),CASRN,SDKQRNRRDYRQKY-UHFFFAOYSA-N,inchi
699-12-7(2),CASRN,KWWZHCSQVRVQGF-UHFFFAOYSA-N,inchi
69956-77-0(2),CASRN,AUZUGWXLBGZUPP-GXDHUFHOSA-N,inchi
69975-86-6(2),CASRN,HWXIGFIVGWUZAO-UHFFFAOYSA-N,inchi
70-00-8(2),CASRN,VSQQQLOSPVPRAZ-UHFFFAOYSA-N,inchi
70-07-5(2),CASRN,ZMNSRFNUONFLSP-UHFFFAOYSA-N,inchi
70-11-1(2),CASRN,LIGACIXOYTUXAW-UHFFFAOYSA-N,inchi
70-18-8(2),CASRN,RWSXRVCMGQZWBV-UHFFFAOYSA-N,inchi
70-25-7(2),CASRN,VZUNGTLZRAYYDE-UHFFFAOYSA-N,inchi
70-30-4(6),CASRN,ACGUYXCXAPNIKK-UHFFFAOYSA-N,inchi
70-34-8(4),CASRN,LOTKRQAVGJMPNV-UHFFFAOYSA-N,inchi
70-55-3(4),CASRN,LMYRWZFENFIFIT-UHFFFAOYSA-N,inchi
70-70-2(2),CASRN,RARSHUDCJQSEFJ-UHFFFAOYSA-N,inchi
70018-51-8(2),CASRN,BHZFZYLBVSWUMT-UHFFFAOYSA-N,inchi
7005-47-2(2),CASRN,XRIBIDPMFSLGFS-UHFFFAOYSA-N,inchi
7007-96-7(2),CASRN,YLWYNCPRXFCNLQ-CPBVQVPNSA-N,inchi
701-64-4(2),CASRN,CMPQUABWPXYYSH-UHFFFAOYSA-N,inchi
7011-83-8(2),CASRN,ALWUKGXLBSQSMA-UHFFFAOYSA-N,inchi
70124-77-5(2),CASRN,GBIHOLCMZGAKNG-UHFFFAOYSA-N,inchi
702-23-8(2),CASRN,AUWDOZOUJWEPBA-UHFFFAOYSA-N,inchi
70321-85-6(2),CASRN,GRLSWESXIFWOBF-UHFFFAOYSA-N,inchi
70321-86-7(2),CASRN,OLFNXLXEGXRUOI-UHFFFAOYSA-N,inchi
70362-47-9(2),CASRN,XBTHILIDLBPRPM-UHFFFAOYSA-N,inchi
70374-39-9(2),CASRN,QOFQTBTZCJVITI-UHFFFAOYSA-N,inchi
70424-69-0(1),CASRN,BQENMISTWGTJIJ-UHFFFAOYSA-N,inchi
70458-95-6(2),CASRN,FHFYDNQZQSQIAI-UHFFFAOYSA-N,inchi
70458-96-7(4),CASRN,OGJPXUAPXNRGGI-UHFFFAOYSA-N,inchi
705-60-2(2),CASRN,WGSVFWFSJDAYBM-BQYQJAHWSA-N,inchi
705-86-2(2),CASRN,GHBSPIPJMLAMEP-UHFFFAOYSA-N,inchi
70568-60-4(2),CASRN,NUANGSLQWFBVEH-UHFFFAOYSA-N,inchi
706-14-9(2),CASRN,IFYYFLINQYPWGJ-UHFFFAOYSA-N,inchi
7060-74-4(2),CASRN,RZPAKFUAFGMUPI-UHFFFAOYSA-N,inchi
70641-51-9(2),CASRN,MHFRGQHAERHWKZ-UHFFFAOYSA-O,inchi
70693-59-3(2),CASRN,IPEHSCPRVOWQFQ-UHFFFAOYSA-N,inchi
7077-34-1(2),CASRN,HWKQNAWCHQMZHK-UHFFFAOYSA-N,inchi
70788-28-2(2),CASRN,QWZFVMCWPLMLTL-UHFFFAOYSA-N,inchi
70797-11-4(2),CASRN,PWAUCHMQEXVFJR-UHFFFAOYSA-N,inchi
"7080-50-4(4), 149358-73-6(2)",CASRN,NXTVQNIVUKXOIL-UHFFFAOYSA-N,inchi
7082-21-5(2),CASRN,UISARWKNNNHPGI-UHFFFAOYSA-N,inchi
70831-56-0(2),CASRN,YDDGKXBLOXEEMN-FCXRPNKRSA-N,inchi
7085-55-4(2),CASRN,IYVFNTXFRYQLRP-UHFFFAOYSA-N,inchi
7085-85-0(4),CASRN,FGBJXOREULPLGL-UHFFFAOYSA-N,inchi
70862-65-6(2),CASRN,CCEYVAPCYYFRMO-UHFFFAOYSA-N,inchi
709-98-8(4),CASRN,LFULEKSKNZEWOE-UHFFFAOYSA-N,inchi
70989-04-7(2),CASRN,GMHKMTDVRCWUDX-UHFFFAOYSA-N,inchi
71-23-8(2),CASRN,BDERNNFJNOPAEC-UHFFFAOYSA-N,inchi
71-27-2(2),CASRN,AXOIZCJOOAYSMI-UHFFFAOYSA-N,inchi
71-30-7(2),CASRN,RJQHQERIFJZBLJ-UHFFFAOYSA-N,inchi
71-36-3(4),CASRN,LRHPLDYGYMQRHN-UHFFFAOYSA-N,inchi
71-41-0(2),CASRN,AMQJEAYHLZJPGS-UHFFFAOYSA-N,inchi
71-43-2(2),CASRN,UHOVQNZJYSORNB-UHFFFAOYSA-N,inchi
71-55-6(2),CASRN,UOCLXMDMGBRAIB-UHFFFAOYSA-N,inchi
71-58-9(4),CASRN,PSGAAPLEWMOORI-UHFFFAOYSA-N,inchi
71-63-6(4),CASRN,WDJUZGPOPHTGOT-UHFFFAOYSA-N,inchi
71-67-0(2),CASRN,OHTXTCNTQJFRIG-UHFFFAOYSA-N,inchi
71-73-8(2),CASRN,IUJDSEJGGMCXSG-UHFFFAOYSA-N,inchi
710-04-3(2),CASRN,YZRXRLLRSPQHDK-UHFFFAOYSA-N,inchi
7104-38-3(2),CASRN,VRQVVMDWGGWHTJ-UHFFFAOYSA-N,inchi
71109-09-6(2),CASRN,VZUGVMQFWFVFBX-UHFFFAOYSA-N,inchi
71119-11-4(2),CASRN,FBMYKMYQHCBIGU-UHFFFAOYSA-N,inchi
71125-38-7(8),CASRN,ZAHQBPYQBHTECE-UHFFFAOYSA-N,inchi
71133-14-7(2),CASRN,XSWVFEQKZFUULO-UHFFFAOYSA-N,inchi
712-50-5(2),CASRN,BMFYCFSWWDXEPB-UHFFFAOYSA-N,inchi
71320-77-9(4),CASRN,YHXISWVBGDMDLQ-UHFFFAOYSA-N,inchi
71422-67-8(2),CASRN,UISUNVFOGSJSKD-UHFFFAOYSA-N,inchi
71475-35-9(2),CASRN,ATMWYLVZVAXVDZ-UHFFFAOYSA-N,inchi
7149-26-0(2),CASRN,WHIJSULEEDNKPD-UHFFFAOYSA-N,inchi
7149-79-3(2),CASRN,IGLVCWPPISIXPR-UHFFFAOYSA-N,inchi
7152-80-9(2),CASRN,WCCIEZDFRJREQJ-UHFFFAOYSA-N,inchi
71526-07-3(2),CASRN,QWWHRELOCZEQNZ-UHFFFAOYSA-N,inchi
71609-19-3(2),CASRN,ILBBYVOOXMPNTM-UHFFFAOYSA-N,inchi
71617-10-2(2),CASRN,UBNYRXMKIIGMKK-RMKNXTFCSA-N,inchi
71626-11-4(2),CASRN,CJPQIRJHIZUAQP-UHFFFAOYSA-N,inchi
71653-63-9(2),CASRN,XSEHDLCUCAKVSS-UHFFFAOYSA-N,inchi
71675-85-9(2),CASRN,NTJOBXMMWNYJFB-UHFFFAOYSA-N,inchi
717-74-8(2),CASRN,VUMCUSHVMYIRMB-UHFFFAOYSA-N,inchi
71731-58-3(2),CASRN,ZGSDGGRVFIYKKE-UHFFFAOYSA-N,inchi
71751-41-2(4),CASRN,RRZXIRBKKLTSOM-IQQVKNEDSA-N,inchi
7177-50-6(2),CASRN,GPXLMGHLHQJAGZ-UHFFFAOYSA-N,inchi
71771-90-9(2),CASRN,VHSBBVZJABQOSG-UHFFFAOYSA-N,inchi
71827-03-7(2),CASRN,AZSNMRSAGSSBNP-IQQVKNEDSA-N,inchi
71868-10-5(2),CASRN,LWRBVKNFOYUCNP-UHFFFAOYSA-N,inchi
71888-89-6(2),CASRN,RKELNIPLHQEBJO-UHFFFAOYSA-N,inchi
719-22-2(2),CASRN,RDQSIADLBQFVMY-UHFFFAOYSA-N,inchi
719-32-4(4),CASRN,YJIRZJAZKDWEIJ-UHFFFAOYSA-N,inchi
7195-27-9(2),CASRN,SMNOERSLNYGGOU-UHFFFAOYSA-N,inchi
71963-77-4(2),CASRN,SXYIRMFQILZOAM-UHFFFAOYSA-N,inchi
7199-29-3(2),CASRN,APBVLLORZMAWKI-UHFFFAOYSA-N,inchi
72-14-0(6),CASRN,JNMRHUJNCSQMMB-UHFFFAOYSA-N,inchi
72-19-5(2),CASRN,AYFVYJQAPQTCCC-UHFFFAOYSA-N,inchi
"72-20-8(4), 60-57-1(2)",CASRN,DFBKLUNHFCTMDC-UHFFFAOYSA-N,inchi
72-33-3(4),CASRN,IMSSROKUHAOUJS-UHFFFAOYSA-N,inchi
"72-33-3(6), 43085-54-7(2)",CASRN,IMSSROKUHAOUJS-UHFFFAOYSA-N,inchi
72-43-5(11),CASRN,IAKOZHOLGAGEJT-UHFFFAOYSA-N,inchi
72-44-6(4),CASRN,JEYCTXHKTXCGPB-UHFFFAOYSA-N,inchi
72-48-0(2),CASRN,RGCKGOZRHPZPFP-UHFFFAOYSA-N,inchi
72-54-8(4),CASRN,AHJKRLASYNVKDZ-UHFFFAOYSA-N,inchi
72-55-9(4),CASRN,UCNVFOCBFJOQAL-UHFFFAOYSA-N,inchi
72-56-0(4),CASRN,QFMDFTQOJHFVNR-UHFFFAOYSA-N,inchi
72-57-1(2),CASRN,ZBNARPCCDMHDDV-UHFFFAOYSA-N,inchi
72-63-9(2),CASRN,XWALNWXLMVGSFR-UHFFFAOYSA-N,inchi
72-80-0(2),CASRN,GPTXWRGISTZRIO-UHFFFAOYSA-N,inchi
7209-38-3(2),CASRN,XUSNPFGLKGCWGN-UHFFFAOYSA-N,inchi
72178-02-0(4),CASRN,BGZZWXTVIYUUEY-UHFFFAOYSA-N,inchi
7225-61-8(2),CASRN,GGGDNPWHMNJRFN-UHFFFAOYSA-N,inchi
7227-91-0(2),CASRN,LLROQAGEAVDYFP-UHFFFAOYSA-N,inchi
723-46-6(4),CASRN,JLKIGFTWXXRPMT-UHFFFAOYSA-N,inchi
723-62-6(2),CASRN,XGWFJBFNAQHLEF-UHFFFAOYSA-N,inchi
72318-55-9(2),CASRN,YFEDJMLMWJSRJJ-UHFFFAOYSA-N,inchi
72332-33-3(2),CASRN,FKNXQNWAXFXVNW-UHFFFAOYSA-N,inchi
7235-40-7(2),CASRN,OENHQHLEOONYIE-JLTXGRSLSA-N,inchi
72420-38-3(2),CASRN,DFDGRKNOFOJBAJ-UHFFFAOYSA-N,inchi
72432-03-2(2),CASRN,IBAQFPQHRJAVAV-UHFFFAOYSA-N,inchi
72432-10-1(2),CASRN,ZXNRTKGTQJPIJK-UHFFFAOYSA-N,inchi
7246-14-2(2),CASRN,RJQXTJLFIWVMTO-UHFFFAOYSA-N,inchi
7246-21-1(2),CASRN,YMOXVLQZFAUUKI-UHFFFAOYSA-N,inchi
72490-01-8(2),CASRN,HJUFTIJOISQSKQ-UHFFFAOYSA-N,inchi
72496-41-4(2),CASRN,KMSKQZKKOZQFFG-UHFFFAOYSA-N,inchi
72509-76-3(2),CASRN,OCZRCBDLULTXDW-UHFFFAOYSA-N,inchi
725228-45-5(2),CASRN,FTLQSQQQFMZPKO-UHFFFAOYSA-N,inchi
72559-06-9(4),CASRN,DWCYJVNURDBQKD-NEDZDATGSA-N,inchi
72590-77-3(2),CASRN,FOGXJPFPZOHSQS-UHFFFAOYSA-N,inchi
72599-27-0(2),CASRN,UQRORFVVSGFNRO-UHFFFAOYSA-N,inchi
72702-95-5(2),CASRN,LKBFFDOJUKLQNY-UHFFFAOYSA-N,inchi
"72739-14-1(4), 76333-53-4(2)",CASRN,PUAQLLVFLMYYJJ-UHFFFAOYSA-N,inchi
72741-87-8(2),CASRN,FXUAIOOAOAVCGD-UHFFFAOYSA-N,inchi
7279-75-6(2),CASRN,HUYWAWARQUIQLE-UHFFFAOYSA-N,inchi
728-40-5(2),CASRN,FCGKUUOTWLWJHE-UHFFFAOYSA-N,inchi
7280-37-7(2),CASRN,JKKFKPJIXZFSSB-UHFFFAOYSA-N,inchi
72822-13-0(2),CASRN,RFWZESUMWJKKRN-UHFFFAOYSA-N,inchi
7287-19-6(4),CASRN,AAEVYOVXGOFMJO-UHFFFAOYSA-N,inchi
7296-30-2(2),CASRN,IBWPUTAKVGZXRB-UHFFFAOYSA-N,inchi
72963-72-5(2),CASRN,VPRAQYXPZIFIOH-UHFFFAOYSA-N,inchi
73-24-5(4),CASRN,GFFGJBXGBJISGV-UHFFFAOYSA-N,inchi
73-31-4(6),CASRN,DRLFMBDRBRZALE-UHFFFAOYSA-N,inchi
73-48-3(2),CASRN,HDWIHXWEUNVBIY-UHFFFAOYSA-N,inchi
73-49-4(2),CASRN,AGMMTXLNIQSRCG-UHFFFAOYSA-N,inchi
731-27-1(2),CASRN,HYVWIQDYBVKITD-UHFFFAOYSA-N,inchi
7313-87-3(2),CASRN,YQYVFVRQLZMJKJ-UHFFFAOYSA-N,inchi
732-11-6(6),CASRN,LMNZTLDVJIUSHT-UHFFFAOYSA-N,inchi
732-26-3(4),CASRN,PFEFOYRSMXVNEL-UHFFFAOYSA-N,inchi
7320-37-8(2),CASRN,DSZTYVZOIUIIGA-UHFFFAOYSA-N,inchi
73218-79-8(2),CASRN,IEJXVRYNEISIKR-UHFFFAOYSA-N,inchi
73231-34-2(2),CASRN,AYIRNRDRBQJXIF-UHFFFAOYSA-N,inchi
73250-68-7(1),CASRN,XIGAUIHYSDTJHW-UHFFFAOYSA-N,inchi
7328-17-8(2),CASRN,FTALTLPZDVFJSS-UHFFFAOYSA-N,inchi
7328-97-4(4),CASRN,HDDQXUDCEIMISH-UHFFFAOYSA-N,inchi
73334-07-3(2),CASRN,DGAIEPBNLOQYER-UHFFFAOYSA-N,inchi
7335-26-4(2),CASRN,FNODWEPAWIJGPM-UHFFFAOYSA-N,inchi
73367-80-3(2),CASRN,YYKBWYBUCFHYPR-UHFFFAOYSA-N,inchi
73384-60-8(2),CASRN,XMFCOYRWYYXZMY-UHFFFAOYSA-N,inchi
7351-61-3(2),CASRN,DOGMJCPBZJUYGB-UHFFFAOYSA-N,inchi
73573-88-3(2),CASRN,AJLFOPYRIVGYMJ-UHFFFAOYSA-N,inchi
73590-58-6(4),CASRN,SUBDBMMJDZJVOS-UHFFFAOYSA-N,inchi
7361-61-7(2),CASRN,BPICBUSOMSTKRF-UHFFFAOYSA-N,inchi
7364-25-2(2),CASRN,SWEICGMKXPNXNU-UHFFFAOYSA-N,inchi
73771-04-7(2),CASRN,FNPXMHRZILFCKX-UHFFFAOYSA-N,inchi
7378-99-6(2),CASRN,UQKAOOAFEFCDGT-UHFFFAOYSA-N,inchi
738-70-5(4),CASRN,IEDVJHCEMCRBQM-UHFFFAOYSA-N,inchi
73816-42-9(2),CASRN,YKYBWGJKLYMCFI-UHFFFAOYSA-N,inchi
73963-72-1(2),CASRN,RRGUKTPIGVIEKM-UHFFFAOYSA-N,inchi
7397-62-8(2),CASRN,VFGRALUHHHDIQI-UHFFFAOYSA-N,inchi
7398-69-8(4),CASRN,YIOJGTBNHQAVBO-UHFFFAOYSA-N,inchi
74-11-3(2),CASRN,XRHGYUZYPHTUJZ-UHFFFAOYSA-N,inchi
74-79-3(2),CASRN,ODKSFYDXXFIFQN-UHFFFAOYSA-N,inchi
74-95-3(2),CASRN,FJBFPHVGVWTDIP-UHFFFAOYSA-N,inchi
74-96-4(2),CASRN,RDHPKYGYEGBMSE-UHFFFAOYSA-N,inchi
74-97-5(2),CASRN,JPOXNPPZZKNXOV-UHFFFAOYSA-N,inchi
74011-58-8(2),CASRN,IDYZIJYBMGIQMJ-UHFFFAOYSA-N,inchi
74050-98-9(2),CASRN,FPCCSQOGAWCVBH-UHFFFAOYSA-N,inchi
74051-80-2(2),CASRN,NMHGOXYVOKDNHF-UHFFFAOYSA-N,inchi
741-58-2(2),CASRN,RRNIZKPFKNDSRS-UHFFFAOYSA-N,inchi
74103-07-4(4),CASRN,OZWKMVRBQXNZKK-UHFFFAOYSA-N,inchi
74115-24-5(4),CASRN,UXADOQPNKNTIHB-UHFFFAOYSA-N,inchi
7413-36-7(2),CASRN,UAORFCGRZIGNCI-UHFFFAOYSA-N,inchi
74135-10-7(2),CASRN,SAMAUJNEQQAEJY-UHFFFAOYSA-N,inchi
"7414-83-7(2), 25211-86-3(2), 2809-21-4(2)",CASRN,DBVJJBKOTRCVKF-UHFFFAOYSA-N,inchi
742-20-1(2),CASRN,BKYKPTRYDKTTJY-UHFFFAOYSA-N,inchi
7421-40-1(2),CASRN,OBZHEBDUNPOCJG-UHFFFAOYSA-N,inchi
74217-46-2(4),CASRN,OXFGTKPPFSCSMA-UHFFFAOYSA-N,inchi
74222-97-2(2),CASRN,ZDXMLEQEMNLCQG-UHFFFAOYSA-N,inchi
74223-64-6(2),CASRN,RSMUVYRMZCOLBH-UHFFFAOYSA-N,inchi
7424-00-2(2),CASRN,NIGWMJHCCYYCSF-UHFFFAOYSA-N,inchi
7424-9-1(2),CASRN,NNKCVJYUFBVOMM-UHFFFAOYSA-N,inchi
74258-86-9(2),CASRN,FHHHOYXPRDYHEZ-UHFFFAOYSA-N,inchi
742693-38-5(2),CASRN,MEZRZVWPLXVLSO-UHFFFAOYSA-N,inchi
74341-78-9(2),CASRN,PVXVWWANJIWJOO-UHFFFAOYSA-N,inchi
74341-83-6(2),CASRN,FNDCTJYFKOQGTL-UHFFFAOYSA-N,inchi
744-45-6(2),CASRN,FHESUNXRPBHDQM-UHFFFAOYSA-N,inchi
744-80-9(2),CASRN,QMOWPJIFTHVQMB-UHFFFAOYSA-N,inchi
"74440-81-6(2), 6220-15-1(2), 797789-00-5(2), 7324-00-7(2), 474368-70-2(2), 623167-81-7(2)",CASRN,AMKUSFIBHAUBIJ-UHFFFAOYSA-N,inchi
745-65-3(2),CASRN,GMVPRGQOIOIIMI-OUKQBFOZSA-N,inchi
7456-24-8(2),CASRN,VWNWVCJGUMZDIU-UHFFFAOYSA-N,inchi
74610-55-2(4),CASRN,WBPYTXDJUQJLPQ-LLMNDNAOSA-N,inchi
74697-28-2(2),CASRN,GYNNRVJJLAVVTQ-UHFFFAOYSA-N,inchi
747-36-4(2),CASRN,XXSMGPRMXLTPCZ-UHFFFAOYSA-N,inchi
74711-43-6(2),CASRN,MUXFZBHBYYYLTH-UHFFFAOYSA-N,inchi
"74712-19-9, 074712-19-9(1)",CASRN,WZDDLAZXUYIVMU-UHFFFAOYSA-N,inchi
7473-98-5(2),CASRN,XMLYCEVDHLAQEL-UHFFFAOYSA-N,inchi
74772-77-3(2),CASRN,YZFWTZACSRHJQD-UHFFFAOYSA-N,inchi
7481-89-2(6),CASRN,WREGKURFCTUGRC-UHFFFAOYSA-N,inchi
74863-84-6(2),CASRN,KXNPVXPOPUZYGB-UHFFFAOYSA-N,inchi
749-02-0(2),CASRN,DKGZKTPJOSAWFA-UHFFFAOYSA-N,inchi
7491-74-9(4),CASRN,GMZVRMREEHBGGF-UHFFFAOYSA-N,inchi
7492-29-7(2),CASRN,YAQKGZXXQNKEET-UHFFFAOYSA-N,inchi
"7492-30-0(4), 141-22-0(4)",CASRN,WBHHMMIMDMUBKC-XFXZXTDPSA-N,inchi
"7492-31-1(2), 526-99-8(2)",CASRN,DSLZVSRJTYRBFB-UHFFFAOYSA-N,inchi
7492-32-2(2),CASRN,JTPUMZTWMWIVPA-UHFFFAOYSA-O,inchi
7492-70-8(2),CASRN,NORZZKKLCYMBBF-UHFFFAOYSA-N,inchi
7493-63-2(2),CASRN,UCANFCXAKYMFGA-UHFFFAOYSA-N,inchi
7493-72-3(2),CASRN,MFLWLDDOGSNSKO-UHFFFAOYSA-N,inchi
75-05-8(2),CASRN,WEVYAHXRMPXWCK-UHFFFAOYSA-N,inchi
75-07-0(2),CASRN,IKHGUXGNUITLKF-UHFFFAOYSA-N,inchi
75-09-2(2),CASRN,YMWUJEATGCHHMB-UHFFFAOYSA-N,inchi
75-12-7(4),CASRN,ZHNUHDYFZUAESO-UHFFFAOYSA-N,inchi
75-15-0(4),CASRN,QGJOPFRUJISHPQ-UHFFFAOYSA-N,inchi
75-25-2(2),CASRN,DIKBFYAXUHHXCS-UHFFFAOYSA-N,inchi
75-26-3(2),CASRN,NAMYKGVDVNBCFQ-UHFFFAOYSA-N,inchi
75-27-4(2),CASRN,FMWLUWPQPKEARP-UHFFFAOYSA-N,inchi
75-33-2(2),CASRN,KJRCEJOSASVSRA-UHFFFAOYSA-N,inchi
75-34-3(2),CASRN,SCYULBFZEHDVBN-UHFFFAOYSA-N,inchi
75-35-4(2),CASRN,LGXVIGDEPROXKC-UHFFFAOYSA-N,inchi
75-47-8(6),CASRN,OKJPEAGHQZHRQV-UHFFFAOYSA-N,inchi
"75-50-3(2), 593-81-7(2)",CASRN,GETQZCLCWQTVFV-UHFFFAOYSA-N,inchi
75-52-5(2),CASRN,LYGJENNIWJXYER-UHFFFAOYSA-N,inchi
75-55-8(2),CASRN,OZDGMOYKSFPLSE-UHFFFAOYSA-N,inchi
"75-57-0(2), 75-59-2(2)",CASRN,QEMXHQIAXOOASZ-UHFFFAOYSA-N,inchi
75-60-5(2),CASRN,OGGXGZAMXPVRFZ-UHFFFAOYSA-N,inchi
75-62-7(4),CASRN,XNNQFQFUQLJSQT-UHFFFAOYSA-N,inchi
75-64-9(2),CASRN,YBRBMKDOPFTVDT-UHFFFAOYSA-N,inchi
75-66-1(2),CASRN,WMXCDAVJEZZYLT-UHFFFAOYSA-N,inchi
75-69-4(2),CASRN,CYRMSUTZVYGINF-UHFFFAOYSA-N,inchi
75-75-2(2),CASRN,AFVFQIVMOAPDHO-UHFFFAOYSA-N,inchi
75-76-3(2),CASRN,CZDYPVPMEAXLPK-UHFFFAOYSA-N,inchi
75-77-4(2),CASRN,IJOOHPMOJXWVHK-UHFFFAOYSA-N,inchi
75-83-2(2),CASRN,HNRMPXKDFBEGFZ-UHFFFAOYSA-N,inchi
75-85-4(2),CASRN,MSXVEPNJUHWQHW-UHFFFAOYSA-N,inchi
75-86-5(4),CASRN,MWFMGBPGAXYFAR-UHFFFAOYSA-N,inchi
75-89-8(2),CASRN,RHQDFWAXVIIEBN-UHFFFAOYSA-N,inchi
75-95-6(2),CASRN,OGVPXEPSTZMAFF-UHFFFAOYSA-N,inchi
75-96-7(2),CASRN,QIONYIKHPASLHO-UHFFFAOYSA-N,inchi
75-97-8(2),CASRN,PJGSXYOJTGTZAV-UHFFFAOYSA-N,inchi
75-98-9(2),CASRN,IUGYQRQAERSCNH-UHFFFAOYSA-N,inchi
"75-99-0(4), 127-20-8(2)",CASRN,NDUPDOJHUQKPAG-UHFFFAOYSA-N,inchi
751-94-0(2),CASRN,IECPWNUMDGFDKC-QOMWVZHYSA-N,inchi
7512-17-6(2),CASRN,OVRNDRQMDRJTHS-UHFFFAOYSA-N,inchi
"75176-37-3(2), 81938-43-4(2)",CASRN,IAIDUHCBNLFXEF-UHFFFAOYSA-N,inchi
752-56-7(2),CASRN,MJNIWUJSIGSWKK-UHFFFAOYSA-N,inchi
75272-39-8(2),CASRN,KRVOJOCLBAAKSJ-UHFFFAOYSA-N,inchi
75277-39-3(2),CASRN,JKMHFZQWWAIEOD-UHFFFAOYSA-N,inchi
7529-22-8(2),CASRN,LFTLOKWAGJYHHR-UHFFFAOYSA-N,inchi
75330-75-5(6),CASRN,PCZOHLXUXFIOCF-UHFFFAOYSA-N,inchi
7534-94-3(4),CASRN,IAXXETNIOYFMLW-UHFFFAOYSA-N,inchi
75359-31-8(2),CASRN,YKAWCFBMPUHDIC-UHFFFAOYSA-N,inchi
75438-57-2(2),CASRN,WPNJAUFVNXKLIM-UHFFFAOYSA-N,inchi
75443-99-1(2),CASRN,USZYSDMBJDPRIF-UHFFFAOYSA-N,inchi
75444-65-4(2),CASRN,HXCNRYXBZNHDNE-UHFFFAOYSA-N,inchi
7549-33-9(2),CASRN,YWIJRJQYADFRTL-UHFFFAOYSA-N,inchi
7549-37-3(2),CASRN,ZSKAJFSSXURRGL-PKNBQFBNSA-N,inchi
75498-96-3(2),CASRN,JSDXOWVAHXDYCU-UHFFFAOYSA-N,inchi
75507-68-5(4),CASRN,JUUFBMODXQKSTD-UHFFFAOYSA-N,inchi
75529-73-6(2),CASRN,NNAIYOXJNVGUOM-UHFFFAOYSA-N,inchi
75530-68-6(2),CASRN,HCGLEQDNFKVSSE-UHFFFAOYSA-N,inchi
7558-73-8(2),CASRN,BOOQTIHIKDDPRW-UHFFFAOYSA-N,inchi
756-79-6(4),CASRN,VONWDASPFIQPDY-UHFFFAOYSA-N,inchi
7560-83-0(2),CASRN,GSCCALZHGUWNJW-UHFFFAOYSA-N,inchi
75695-93-1(2),CASRN,QVGAECMHUSHDCG-UHFFFAOYSA-N,inchi
75706-12-6(4),CASRN,VHOGYURTWQBHIL-UHFFFAOYSA-N,inchi
75738-58-8(2),CASRN,HJJDBAOLQAWBMH-WNFQYIGGSA-N,inchi
75747-14-7(2),CASRN,IYZJNVFBGRUBIC-SBWMSROISA-N,inchi
7575-23-7(2),CASRN,JOBBTVPTPXRUBP-UHFFFAOYSA-N,inchi
7579-36-4(2),CASRN,ZYZXGWGQYNTGAU-UHFFFAOYSA-N,inchi
7581-97-7(2),CASRN,RMISVOPUIFJTEO-UHFFFAOYSA-N,inchi
75820-08-5(2),CASRN,LUBHDINQXIHVLS-UHFFFAOYSA-N,inchi
75847-73-3(2),CASRN,GBXSMTUPTTWBMN-UHFFFAOYSA-N,inchi
75859-03-9(2),CASRN,GUDVQJXODNJRIJ-UHFFFAOYSA-N,inchi
75899-68-2(2),CASRN,JVJFIQYAHPMBBX-FNORWQNLSA-N,inchi
759-73-9(4),CASRN,FUSGACRLAFQQRL-UHFFFAOYSA-N,inchi
759-94-4(4),CASRN,GUVLYNGULCJVDO-UHFFFAOYSA-N,inchi
759437-26-8(2),CASRN,NNHYHQPZMITHQP-AATRIKPKSA-N,inchi
75963-52-9(2),CASRN,QSKVYHYMQQQAFS-UHFFFAOYSA-N,inchi
76-01-7(2),CASRN,BNIXVQGCZULYKV-UHFFFAOYSA-N,inchi
76-02-8(2),CASRN,PVFOMCVHYWHZJE-UHFFFAOYSA-N,inchi
"76-03-9(6), 650-51-1(2)",CASRN,YNJBWRMUSHSURL-UHFFFAOYSA-N,inchi
76-06-2(2),CASRN,LFHISGNCFUNFFM-UHFFFAOYSA-N,inchi
76-12-0(2),CASRN,UGCSPKPEHQEOSR-UHFFFAOYSA-N,inchi
76-13-1(2),CASRN,AJDIZQLSFPQPEY-UHFFFAOYSA-N,inchi
76-20-0(2),CASRN,LKACJLUUJRMGFK-UHFFFAOYSA-N,inchi
76-25-5(6),CASRN,YNDXUCZADRHECN-UHFFFAOYSA-N,inchi
76-38-0(2),CASRN,RFKMCNOHBTXSMU-UHFFFAOYSA-N,inchi
76-39-1(2),CASRN,MVGJRISPEUZYAQ-UHFFFAOYSA-N,inchi
76-43-7(4),CASRN,YLRFCQOZQXIBAB-UHFFFAOYSA-N,inchi
76-44-8(4),CASRN,FRCCEHPWNOQAEU-UHFFFAOYSA-N,inchi
"76-49-3(4), 125-12-2(2)",CASRN,KGEKLUUHTZCSIP-UHFFFAOYSA-N,inchi
76-58-4(2),CASRN,OGDVEMNWJVYAJL-UHFFFAOYSA-N,inchi
76-60-8(2),CASRN,FRPHFZCDPYBUAU-UHFFFAOYSA-N,inchi
76-74-4(2),CASRN,WEXRUCMBJFQVBZ-UHFFFAOYSA-N,inchi
76-90-4(2),CASRN,GKNPSSNBBWDAGH-UHFFFAOYSA-N,inchi
760-23-6(4),CASRN,XVEASTGLHPVZNA-UHFFFAOYSA-N,inchi
760-67-8(4),CASRN,WFSGQBNCVASPMW-UHFFFAOYSA-N,inchi
7601-55-0(2),CASRN,JFXBEKISTKFVAB-UHFFFAOYSA-N,inchi
76150-91-9(4),CASRN,BAFKRPOFIYPKBQ-UHFFFAOYSA-N,inchi
7617-74-5(2),CASRN,ZRJOUVOXPWNFOF-UHFFFAOYSA-N,inchi
76180-96-6(2),CASRN,ARZWATDYIYAUTA-UHFFFAOYSA-N,inchi
762-04-9(2),CASRN,SULWMEGSVQCTSK-UHFFFAOYSA-N,inchi
762-75-4(2),CASRN,RUPAXCPQAAOIPB-UHFFFAOYSA-N,inchi
"76231-76-0(2), 546-80-5(2)",CASRN,USMNOWBWPHYOEA-UHFFFAOYSA-N,inchi
763-69-9(2),CASRN,BHXIWUJLHYHGSJ-UHFFFAOYSA-N,inchi
764-42-1(2),CASRN,KYPOHTVBFVELTG-OWOJBTEDSA-N,inchi
764-85-2(2),CASRN,NTQYXUJLILNTFH-UHFFFAOYSA-N,inchi
764-99-8(2),CASRN,SAMJGBVVQUEMGC-UHFFFAOYSA-N,inchi
76420-72-9(2),CASRN,LZFZMUMEGBBDTC-UHFFFAOYSA-N,inchi
765-09-3(2),CASRN,BFDNZQUBFCYTIC-UHFFFAOYSA-N,inchi
765-12-8(2),CASRN,CYIGRWUIQAVBFG-UHFFFAOYSA-N,inchi
765-15-1(2),CASRN,RYZZMYXTNUJGMU-UHFFFAOYSA-N,inchi
765-70-8(2),CASRN,OACYKCIZDVVNJL-UHFFFAOYSA-N,inchi
7654-3-7(2),CASRN,BEWNZPMDJIGBED-UHFFFAOYSA-N,inchi
76541-72-5(2),CASRN,VQHUQHAPWMNBLP-UHFFFAOYSA-N,inchi
76568-02-0(2),CASRN,UYGONJYYUKVHDD-UHFFFAOYSA-N,inchi
76578-14-8(4),CASRN,OSUHJPCHFDQAIT-UHFFFAOYSA-N,inchi
7659-86-1(4),CASRN,OWHSTLLOZWTNTQ-UHFFFAOYSA-N,inchi
7665-72-7(2),CASRN,SFJRUJUEMVAZLM-UHFFFAOYSA-N,inchi
76674-21-0(2),CASRN,JWUCHKBSVLQQCO-UHFFFAOYSA-N,inchi
76738-62-0(4),CASRN,RMOGWMIKYWRTKW-UHFFFAOYSA-N,inchi
768-52-5(2),CASRN,FRCFWPVMFJMNDP-UHFFFAOYSA-N,inchi
768-94-5(2),CASRN,DKNWSYNQZKUICI-UHFFFAOYSA-N,inchi
7681-67-6(2),CASRN,ZQTVCQIJTREKSP-UHFFFAOYSA-N,inchi
7681-76-7(4),CASRN,PQFRTXSWDXZRRS-UHFFFAOYSA-N,inchi
7681-93-8(2),CASRN,NCXMLFZGDNKEPB-YLTFDBFKSA-N,inchi
76824-35-6(4),CASRN,XUFQPHANEAPEMJ-UHFFFAOYSA-N,inchi
"7683-59-2(2), 51-30-9(4)",CASRN,JWZZKOKVBUJMES-UHFFFAOYSA-N,inchi
7689-03-4(5),CASRN,VSJKWCGYPAHWDS-UHFFFAOYSA-N,inchi
76894-77-4(2),CASRN,DEQLGSOHGTZKFB-UHFFFAOYSA-N,inchi
769-92-6(2),CASRN,WRDWWAVNELMWAM-UHFFFAOYSA-N,inchi
"7694-30-6(1), 7694-30-6, 20071-09-4(1)",CASRN,AERGGMDNGDDGPI-UHFFFAOYSA-N,inchi
7696-12-0(4),CASRN,CXBMCYHAMVGWJQ-UHFFFAOYSA-N,inchi
76963-41-2(4),CASRN,XPZQPVYGEOEOKS-UHFFFAOYSA-N,inchi
77-04-3(2),CASRN,PXOUWIIMEOTTMM-UHFFFAOYSA-N,inchi
77-06-5(4),CASRN,IXORZMNAPKEEDV-UHFFFAOYSA-N,inchi
77-19-0(2),CASRN,CURUTKGFNZGFSE-UHFFFAOYSA-N,inchi
77-21-4(2),CASRN,JMBQKKAJIKAWKF-UHFFFAOYSA-N,inchi
77-23-6(2),CASRN,CFJMRBQWBDQYMK-UHFFFAOYSA-N,inchi
77-36-1(2),CASRN,JIVPVXMEBJLZRO-UHFFFAOYSA-N,inchi
77-40-7(7),CASRN,HTVITOHKHWFJKO-UHFFFAOYSA-N,inchi
77-41-8(2),CASRN,AJXPJJZHWIXJCJ-UHFFFAOYSA-N,inchi
77-47-4(4),CASRN,VUNCWTMEJYMOOR-UHFFFAOYSA-N,inchi
77-48-5(2),CASRN,VRLDVERQJMEPIF-UHFFFAOYSA-N,inchi
77-49-6(2),CASRN,LOTYADDQWWVBDJ-UHFFFAOYSA-N,inchi
77-53-2(2),CASRN,SVURIXNDRWRAFU-UHFFFAOYSA-N,inchi
77-65-6(2),CASRN,OPNPQXLQERQBBV-UHFFFAOYSA-N,inchi
77-67-8(2),CASRN,HAPOVYFOVVWLRS-UHFFFAOYSA-N,inchi
77-71-4(4),CASRN,YIROYDNZEPTFOL-UHFFFAOYSA-N,inchi
"77-73-6(2), 68610-51-5(2)",CASRN,HECLRDQVFMWTQS-UHFFFAOYSA-N,inchi
77-75-8(2),CASRN,QXLPXWSKPNOQLE-UHFFFAOYSA-N,inchi
77-76-9(2),CASRN,HEWZVZIVELJPQZ-UHFFFAOYSA-N,inchi
77-78-1(4),CASRN,VAYGXNSJCAHWJZ-UHFFFAOYSA-N,inchi
77-79-2(4),CASRN,MBDNRNMVTZADMQ-UHFFFAOYSA-N,inchi
77-83-8(4),CASRN,LQKRYVGRPXFFAV-UHFFFAOYSA-N,inchi
77-85-0(2),CASRN,QXJQHYBHAIHNGG-UHFFFAOYSA-N,inchi
"77-86-1(6), 1185-53-1(2)",CASRN,LENZDBCJOHFCAS-UHFFFAOYSA-N,inchi
77-89-4(2),CASRN,WEAPVABOECTMGR-UHFFFAOYSA-N,inchi
77-90-7(6),CASRN,QZCLKYGREBVARF-UHFFFAOYSA-N,inchi
"77-92-9(6), 134-30-5(2), 3012-65-5(2)",CASRN,KRKNYBCHXYNGOX-UHFFFAOYSA-N,inchi
77-93-0(2),CASRN,DOOTYTYQINUNNV-UHFFFAOYSA-N,inchi
77-99-6(2),CASRN,ZJCCRDAZUWHFQH-UHFFFAOYSA-N,inchi
770-35-4(6),CASRN,IBLKWZIFZMJLFL-UHFFFAOYSA-N,inchi
77086-22-7(4),CASRN,LBOJYSIDWZQNJS-UHFFFAOYSA-N,inchi
77145-61-0(2),CASRN,WPVVMKYQOMJPIN-UHFFFAOYSA-N,inchi
77191-36-7(6),CASRN,NGHTXZCKLWZPGK-UHFFFAOYSA-N,inchi
77257-42-2(4),CASRN,YIMFXBPXUPTIEJ-OUKQBFOZSA-N,inchi
773-76-2(2),CASRN,WDFKMLRRRCGAKS-UHFFFAOYSA-N,inchi
77337-73-6(4),CASRN,AFCGFAGUEYAMAO-UHFFFAOYSA-N,inchi
774-55-0(2),CASRN,VEPUKHYQNXSSKV-UHFFFAOYSA-N,inchi
77439-76-0(2),CASRN,WNTRMRXAGJOLCU-UHFFFAOYSA-N,inchi
77469-98-8(2),CASRN,GLBJJMFZWDBELO-UHFFFAOYSA-N,inchi
7747-35-5(4),CASRN,ZRCMGIXRGFOXNT-UHFFFAOYSA-N,inchi
77500-04-0(1),CASRN,DVCCCQNKIYNAKB-UHFFFAOYSA-N,inchi
77501-63-4(4),CASRN,CONWAEURSVPLRM-UHFFFAOYSA-N,inchi
77501-90-7(2),CASRN,IPPAUTOBDWNELX-UHFFFAOYSA-N,inchi
7753-60-8(2),CASRN,YUWPMEXLKGOSBF-UHFFFAOYSA-N,inchi
775304-57-9(2),CASRN,OOUGLTULBSNHNF-UHFFFAOYSA-N,inchi
7756-96-9(2),CASRN,HUIYGGQINIVDNW-UHFFFAOYSA-N,inchi
77671-31-9(2),CASRN,GTHQFXJRSKHLQC-UHFFFAOYSA-N,inchi
777-11-7(2),CASRN,CTETYYAZBPJBHE-UHFFFAOYSA-N,inchi
77732-09-3(2),CASRN,UWVQIROCRJWDKL-UHFFFAOYSA-N,inchi
77771-02-9(2),CASRN,FAHZIKXYYRGSHF-UHFFFAOYSA-N,inchi
7779-27-3(2),CASRN,XYRTVIAPRQLSOW-UHFFFAOYSA-N,inchi
7779-31-9(2),CASRN,DABQKEQFLJIRHU-UHFFFAOYSA-N,inchi
7779-65-9(2),CASRN,JFHCDEYLWGVZMX-CMDGGOBGSA-N,inchi
7779-78-4(2),CASRN,IUADYGVMSDKSMB-UHFFFAOYSA-N,inchi
778-22-3(2),CASRN,MILSYCKGLDDVLM-UHFFFAOYSA-N,inchi
7785-33-3(2),CASRN,OGHBUHJLMHQMHS-KRDNBFTESA-N,inchi
7786-34-7(2),CASRN,GEPDYQSQVLXLEU-AATRIKPKSA-N,inchi
77883-43-3(2),CASRN,RUZYUOTYCVRMRZ-UHFFFAOYSA-N,inchi
7795-95-1(2),CASRN,WIVNTNLDTMNDNO-UHFFFAOYSA-N,inchi
78-07-9(2),CASRN,DENFJSAFJTVPJR-UHFFFAOYSA-N,inchi
78-08-0(2),CASRN,FWDBOZPQNFPOLF-UHFFFAOYSA-N,inchi
78-10-4(2),CASRN,BOTDANWDWHJENH-UHFFFAOYSA-N,inchi
78-11-5(4),CASRN,TZRXHJWUDPFEEY-UHFFFAOYSA-N,inchi
78-27-3(2),CASRN,QYLFHLNFIHBCPR-UHFFFAOYSA-N,inchi
78-35-3(2),CASRN,JZIARAQCPRDGAC-UHFFFAOYSA-N,inchi
78-37-5(2),CASRN,DPFUEXLIKDHJNB-BUHFOSPRSA-N,inchi
78-38-6(2),CASRN,AATNZNJRDOVKDD-UHFFFAOYSA-N,inchi
78-40-0(4),CASRN,DQWPFSLDHJDLRL-UHFFFAOYSA-N,inchi
78-41-1(2),CASRN,SYHDSBBKRLVLFF-UHFFFAOYSA-N,inchi
78-42-2(4),CASRN,GTVWRXDRKAHEAD-UHFFFAOYSA-N,inchi
78-44-4(4),CASRN,OFZCIYFFPZCNJE-UHFFFAOYSA-N,inchi
78-48-8(4),CASRN,ZOKXUAHZSKEQSS-UHFFFAOYSA-N,inchi
78-51-3(4),CASRN,WTLBZVNBAKMVDP-UHFFFAOYSA-N,inchi
78-59-1(4),CASRN,HJOVHMDZYOCNQW-UHFFFAOYSA-N,inchi
78-63-7(2),CASRN,DMWVYCCGCQPJEA-UHFFFAOYSA-N,inchi
78-67-1(4),CASRN,OZAIFHULBGXAKX-VAWYXSNFSA-N,inchi
78-69-3(4),CASRN,DLHQZZUEERVIGQ-UHFFFAOYSA-N,inchi
78-70-6(4),CASRN,CDOSHBSSFJOMGT-UHFFFAOYSA-N,inchi
78-76-2(2),CASRN,UPSXAPQYNGXVBF-UHFFFAOYSA-N,inchi
78-79-5(2),CASRN,RRHGJUQNOFWUDK-UHFFFAOYSA-N,inchi
78-82-0(4),CASRN,LRDFRRGEGBBSRN-UHFFFAOYSA-N,inchi
78-83-1(2),CASRN,ZXEKIIBDNHEJCQ-UHFFFAOYSA-N,inchi
78-84-2(2),CASRN,AMIMRNSIRUDHCM-UHFFFAOYSA-N,inchi
78-86-4(2),CASRN,BSPCSKHALVHRSR-UHFFFAOYSA-N,inchi
78-87-5(2),CASRN,KNKRKFALVUDBJE-UHFFFAOYSA-N,inchi
78-88-6(2),CASRN,FALCMQXTWHPRIH-UHFFFAOYSA-N,inchi
78-90-0(2),CASRN,AOHJOMMDDJHIJH-UHFFFAOYSA-N,inchi
78-92-2(2),CASRN,BTANRVKWQNVYAZ-UHFFFAOYSA-N,inchi
78-93-3(2),CASRN,ZWEHNKRNPOVVGH-UHFFFAOYSA-N,inchi
78-94-4(2),CASRN,FUSUHKVFWTUUBE-UHFFFAOYSA-N,inchi
78-95-5(2),CASRN,BULLHNJGPPOUOX-UHFFFAOYSA-N,inchi
78-96-6(2),CASRN,HXKKHQJGJAFBHI-UHFFFAOYSA-N,inchi
780-69-8(2),CASRN,JCVQKRGIASEUKR-UHFFFAOYSA-N,inchi
781-73-7(2),CASRN,IBASEVZORZFIIH-UHFFFAOYSA-N,inchi
78110-38-0(2),CASRN,WZPBZJONDBGPKJ-UHFFFAOYSA-N,inchi
78218-09-4(2),CASRN,XQGZSYKGWHUSDH-UHFFFAOYSA-N,inchi
78266-06-5(2),CASRN,MHPZZZZLAQGTHT-UHFFFAOYSA-N,inchi
78281-72-8(2),CASRN,QEFAQIPZVLVERP-UHFFFAOYSA-N,inchi
78415-72-2(4),CASRN,HNCVUKVLNACAGT-UHFFFAOYSA-N,inchi
78416-81-6(2),CASRN,MCMSJVMUSBZUCN-YYDJUVGSSA-N,inchi
78439-06-2(2),CASRN,ORFOPKXBNMVMKC-ZMFRSBBQSA-O,inchi
78473-71-9(2),CASRN,HVDGDHBAMCBBLR-UHFFFAOYSA-N,inchi
78491-02-8(4),CASRN,SOROIESOUPGGFO-UHFFFAOYSA-N,inchi
785-30-8(2),CASRN,XPAQFJJCWGSXGJ-UHFFFAOYSA-N,inchi
78587-05-0(2),CASRN,XGWIJUOSCAQSSV-UHFFFAOYSA-N,inchi
78590-17-7(2),CASRN,CZWCKYRVOZZJNM-UHFFFAOYSA-N,inchi
786-19-6(4),CASRN,VEDTXTNSFWUXGQ-UHFFFAOYSA-N,inchi
78613-35-1(2),CASRN,MQHLMHIZUIDKOO-UHFFFAOYSA-N,inchi
78649-41-9(2),CASRN,NJKDOADNQSYQEV-UHFFFAOYSA-N,inchi
78712-43-3(2),CASRN,SHZKQBHERIJWAO-AATRIKPKSA-N,inchi
78755-81-4(2),CASRN,OFBIFZUFASYYRE-UHFFFAOYSA-N,inchi
78761-38-3(2),CASRN,KGDJMNKPBUNHGY-RMKNXTFCSA-N,inchi
78919-13-8(2),CASRN,HIFJCPQKFCZDDL-QSGBCQANSA-N,inchi
78967-07-4(2),CASRN,DJEIHHYCDCTAAH-UHFFFAOYSA-N,inchi
"78995-18-3(2), 78995-09-2(2)",CASRN,MLQRZXNZHAOCHQ-UHFFFAOYSA-N,inchi
79-00-5(2),CASRN,UBOXGVDOUJQMTN-UHFFFAOYSA-N,inchi
79-01-6(4),CASRN,XSTXAVWGXDQKEL-UHFFFAOYSA-N,inchi
79-04-9(2),CASRN,VGCXGMAHQTYDJK-UHFFFAOYSA-N,inchi
79-06-1(4),CASRN,HRPVXLWXLXDGHG-UHFFFAOYSA-N,inchi
79-08-3(2),CASRN,KDPAWGWELVVRCH-UHFFFAOYSA-N,inchi
"79-10-7(2), 14643-87-9(2), 7446-81-3(2)",CASRN,NIXOWILDQLNWCW-UHFFFAOYSA-N,inchi
79-14-1(2),CASRN,AEMRFAOFKBGASW-UHFFFAOYSA-N,inchi
79-16-3(2),CASRN,OHLUUHNLEMFGTQ-UHFFFAOYSA-N,inchi
79-19-6(4),CASRN,BRWIZMBXBAOCCF-UHFFFAOYSA-N,inchi
79-20-9(4),CASRN,KXKVLQRXCPHEJC-UHFFFAOYSA-N,inchi
79-21-0(2),CASRN,KFSLWBXXFJQRDL-UHFFFAOYSA-N,inchi
79-22-1(2),CASRN,XMJHPCRAQCTCFT-UHFFFAOYSA-N,inchi
79-24-3(4),CASRN,MCSAJNNLRCFZED-UHFFFAOYSA-N,inchi
79-27-6(2),CASRN,QXSZNDIIPUOQMB-UHFFFAOYSA-N,inchi
79-29-8(2),CASRN,ZFFMLCVRJBZUDZ-UHFFFAOYSA-N,inchi
79-31-2(2),CASRN,KQNPFQTWMSNSAP-UHFFFAOYSA-N,inchi
79-34-5(2),CASRN,QPFMBZIOSGYJDE-UHFFFAOYSA-N,inchi
79-36-7(2),CASRN,FBCCMZVIWNDFMO-UHFFFAOYSA-N,inchi
79-39-0(4),CASRN,FQPSGWSUVKBHSU-UHFFFAOYSA-N,inchi
79-40-3(2),CASRN,OAEGRYMCJYIXQT-UHFFFAOYSA-N,inchi
"79-43-6(6), 2156-56-1(4)",CASRN,JXTHNDFMNIQAHM-UHFFFAOYSA-N,inchi
79-44-7(4),CASRN,YIIMEMSDCNDGTB-UHFFFAOYSA-N,inchi
79-46-9(2),CASRN,FGLBSLMDCBOPQK-UHFFFAOYSA-N,inchi
79-69-6(2),CASRN,JZQOJFLIJNRDHK-CMDGGOBGSA-N,inchi
79-74-3(2),CASRN,CZNRFEXEPBITDS-UHFFFAOYSA-N,inchi
"79-77-6(4), 14901-07-6(2)",CASRN,PSQYTAPXSHCGMF-BQYQJAHWSA-N,inchi
79-78-7(2),CASRN,FXCYGAGBPZQRJE-ZHACJKMWSA-N,inchi
79-81-2(4),CASRN,VYGQUTWHTHXGQB-FFHKNEKCSA-N,inchi
"79-92-5(4), 5794-4-7(2)",CASRN,CRPUJAZIXJMDBK-UHFFFAOYSA-N,inchi
"79-97-0(4), 33935-87-4(1)",CASRN,YMTYZTXUZLQUSF-UHFFFAOYSA-N,inchi
79069-94-6(2),CASRN,WEEYMMXMBFJUAI-UHFFFAOYSA-N,inchi
79094-20-5(2),CASRN,IULOBWFWYDMECP-UHFFFAOYSA-N,inchi
79098-20-7(2),CASRN,GPRIKJSAAYMDPC-UHFFFAOYSA-N,inchi
791-28-6(2),CASRN,FIQMHBFVRAXMOP-UHFFFAOYSA-N,inchi
791-35-5(2),CASRN,WRCHFMBCVFFYEQ-UHFFFAOYSA-N,inchi
79277-27-3(4),CASRN,AHTPATJNIAFOLR-UHFFFAOYSA-N,inchi
79278-88-9(2),CASRN,YMRFZDHYDKZXPA-UHFFFAOYSA-N,inchi
793-24-8(2),CASRN,ZZMVLMVFYMGSMY-UHFFFAOYSA-N,inchi
79307-93-0(2),CASRN,MBUVEWMHONZEQD-UHFFFAOYSA-N,inchi
79350-37-1(2),CASRN,OKBVVJOGVLARMR-AWQFTUOYSA-N,inchi
79416-27-6(2),CASRN,YUUAYBAIHCDHHD-UHFFFAOYSA-N,inchi
79455-30-4(2),CASRN,KTXBOOWDLPUROC-UHFFFAOYSA-N,inchi
79467-22-4(2),CASRN,HLAFSNJRKZLMPT-UHFFFAOYSA-N,inchi
795-38-0(2),CASRN,RBOXVHNMENFORY-UHFFFAOYSA-N,inchi
79538-32-2(2),CASRN,ZFHGXWPMULPQSE-WTKPLQERSA-N,inchi
79547-78-7(2),CASRN,ZCGOMHNNNFPNMX-UHFFFAOYSA-N,inchi
79558-09-1(2),CASRN,HBBVCKCCQCQCTJ-UHFFFAOYSA-N,inchi
79559-97-0(2),CASRN,VGKDLMBJGBXTGI-UHFFFAOYSA-N,inchi
796104-87-5(2),CASRN,DJSXNILVACEBLP-UHFFFAOYSA-N,inchi
79622-59-6(2),CASRN,UZCGKGPEKUCDTF-UHFFFAOYSA-N,inchi
79660-72-3(2),CASRN,XBJBPGROQZJDOJ-UHFFFAOYSA-N,inchi
79714-31-1(2),CASRN,CRPGRUONUFDYBG-UHFFFAOYSA-N,inchi
79794-75-5(4),CASRN,JCCNYMKQOSZNPW-UHFFFAOYSA-N,inchi
79902-63-9(4),CASRN,RYMZZMVNJRMUDD-UHFFFAOYSA-N,inchi
"79917-90-1(4), 448245-52-1(2), 174501-64-5(2), 342789-81-5(2), 344790-87-0(2), 262297-13-2(2), 65039-05-6(2), 174899-66-2(2), 359845-21-9(2), 174501-65-6(2)",CASRN,IQQRAVYLUAZUGX-UHFFFAOYSA-N,inchi
79944-58-4(2),CASRN,HPMRFMKYPGXPEP-UHFFFAOYSA-N,inchi
79983-71-4(2),CASRN,STMIIPIFODONDC-UHFFFAOYSA-N,inchi
80-00-2(2),CASRN,OFCFYWOKHPOXKF-UHFFFAOYSA-N,inchi
80-04-6(2),CASRN,CDBAMNGURPMUTG-UHFFFAOYSA-N,inchi
"80-05-7(6), 27100-33-0(7)",CASRN,IISBACLAFKSPIT-UHFFFAOYSA-N,inchi
80-06-8(2),CASRN,URYAFVKLYSEINW-UHFFFAOYSA-N,inchi
80-07-9(2),CASRN,GPAPPPVRLPGFEQ-UHFFFAOYSA-N,inchi
80-08-0(6),CASRN,MQJKPEGWNLWLTK-UHFFFAOYSA-N,inchi
80-09-1(4),CASRN,VPWNQTHUCYMVMZ-UHFFFAOYSA-N,inchi
"80-09-1(6), 98388-00-2(1)",CASRN,VPWNQTHUCYMVMZ-UHFFFAOYSA-N,inchi
80-10-4(2),CASRN,OSXYHAQZDCICNX-UHFFFAOYSA-N,inchi
80-13-7(4),CASRN,XPDVQPODLRGWPL-UHFFFAOYSA-N,inchi
80-15-9(2),CASRN,YQHLDYVWEZKEOX-UHFFFAOYSA-N,inchi
80-26-2(4),CASRN,IGODOXYLBBXFDW-UHFFFAOYSA-N,inchi
80-27-3(2),CASRN,CMKQOKAXUWQAHG-UHFFFAOYSA-N,inchi
80-30-8(2),CASRN,DKYVVNLWACXMDW-UHFFFAOYSA-N,inchi
80-32-0(4),CASRN,XOXHILFPRYWFOD-UHFFFAOYSA-N,inchi
80-33-1(4),CASRN,RZXLPPRPEOUENN-UHFFFAOYSA-N,inchi
80-35-3(2),CASRN,VLYWMPOKSSWJAL-UHFFFAOYSA-N,inchi
80-38-6(2),CASRN,SPJOZZSIXXJYBT-UHFFFAOYSA-N,inchi
80-39-7(2),CASRN,OHPZPBNDOVQJMH-UHFFFAOYSA-N,inchi
80-43-3(4),CASRN,XMNIXWIUMCBBBL-UHFFFAOYSA-N,inchi
80-46-6(6),CASRN,NRZWYNLTFLDQQX-UHFFFAOYSA-N,inchi
80-50-2(4),CASRN,XGGHHHBGPSNXFE-UHFFFAOYSA-N,inchi
80-51-3(2),CASRN,NBOCQTNZUPTTEI-UHFFFAOYSA-N,inchi
80-52-4(2),CASRN,KOGSPLLRMRSADR-UHFFFAOYSA-N,inchi
80-53-5(2),CASRN,RBNWAMSGVWEHFP-UHFFFAOYSA-N,inchi
80-54-6(4),CASRN,SDQFDHOLCGWZPU-UHFFFAOYSA-N,inchi
"80-56-8(6), 7785-26-4(4), 7785-70-8(2)",CASRN,GRWFGVWFFZKLTI-UHFFFAOYSA-N,inchi
80-62-6(2),CASRN,VVQNEPGJFQJSBK-UHFFFAOYSA-N,inchi
80-77-3(6),CASRN,WEQAYVWKMWHEJO-UHFFFAOYSA-N,inchi
80-92-2(2),CASRN,YWYQTGBBEZQBGO-UHFFFAOYSA-N,inchi
800-22-6(2),CASRN,ZZKWNLZUYAGVOT-UHFFFAOYSA-N,inchi
"8000-41-7(4), 98-55-5(2)",CASRN,WUOACPNHFRMFPN-UHFFFAOYSA-N,inchi
"8001-54-5(2), 139-07-1(2), 7281-4-1(2)",CASRN,CYDRXTMLKJDRQH-UHFFFAOYSA-N,inchi
8003-22-3(2),CASRN,IZMJMCDDWKSTTK-UHFFFAOYSA-N,inchi
8004-87-3(2),CASRN,AMPCGOAFZFKBGH-UHFFFAOYSA-N,inchi
8004-92-0(2),CASRN,OESPFRYVCUTRKF-UHFFFAOYSA-N,inchi
80125-14-0(2),CASRN,GUJRSXAPGDDABA-UHFFFAOYSA-N,inchi
80214-83-1(6),CASRN,RXZBMPWDPOLZGW-UHFFFAOYSA-N,inchi
80226-00-2(2),CASRN,DWONJCNDULPHLV-UHFFFAOYSA-N,inchi
8025-81-8(2),CASRN,ACTOXUHEUCPTEW-OBURPCBNSA-N,inchi
80288-49-9(2),CASRN,KGQZGCIVHYLPBH-UHFFFAOYSA-N,inchi
80370-57-6(2),CASRN,ZBHXIWJRIFEVQY-KSEXSDGBSA-N,inchi
80443-63-6(2),CASRN,QLCGXXYDHCTVKP-UHFFFAOYSA-N,inchi
80474-14-2(2),CASRN,WMWTYOKRWGGJOA-UHFFFAOYSA-N,inchi
80573-04-2(2),CASRN,IPOKCKJONYRRHP-FMQUCBEESA-N,inchi
80621-81-4(2),CASRN,NZCRJKRKKOLAOJ-XWSQLESMSA-N,inchi
8065-48-3(2),CASRN,GRPRVIYRYGLIJU-UHFFFAOYSA-N,inchi
8067-24-1(2),CASRN,SEALOBQTUQIVGU-UHFFFAOYSA-N,inchi
808-48-0(2),CASRN,VVOIQBFMTVCINR-UHFFFAOYSA-N,inchi
80809-81-0(2),CASRN,WDEABJKSGGRCQA-UHFFFAOYSA-N,inchi
80844-07-1(2),CASRN,YREQHYQNNWYQCJ-UHFFFAOYSA-N,inchi
80879-63-6(2),CASRN,NWWORXYTJRPSMC-UHFFFAOYSA-N,inchi
80880-90-6(2),CASRN,VSWPGAIWKHPTKX-UHFFFAOYSA-N,inchi
"81-07-2(6), 82385-42-0(2), 6381-91-5(2), 128-44-9(2)",CASRN,CVHZOJJKTDOEJC-UHFFFAOYSA-N,inchi
81-11-8(2),CASRN,REJHVSOVQBJEBF-OWOJBTEDSA-N,inchi
"81-13-0(2), 16485-10-2(2)",CASRN,SNPLKNRPJHDVJA-UHFFFAOYSA-N,inchi
81-14-1(2),CASRN,WXCMHFPAUCOJIG-UHFFFAOYSA-N,inchi
81-15-2(2),CASRN,XMWRWTSZNLOZFN-UHFFFAOYSA-N,inchi
81-16-3(2),CASRN,GWIAAIUASRVOIA-UHFFFAOYSA-N,inchi
81-20-9(4),CASRN,HDFQKJQEWGVKCQ-UHFFFAOYSA-N,inchi
81-21-0(2),CASRN,BQQUFAMSJAKLNB-UHFFFAOYSA-N,inchi
81-23-2(2),CASRN,OHXPGWPVLFPUSM-UHFFFAOYSA-N,inchi
81-27-6(2),CASRN,IPQVTOJGNYVQEO-UHFFFAOYSA-N,inchi
"81-27-6(2), 81-27-6, 128-57-4, 8013-11-4, 517-43-1(6)",CASRN,IPQVTOJGNYVQEO-UHFFFAOYSA-N,inchi
81-48-1(2),CASRN,LJFWQNJLLOFIJK-UHFFFAOYSA-N,inchi
81-49-2(2),CASRN,ZINRVIQBCHAZMM-UHFFFAOYSA-N,inchi
81-54-9(2),CASRN,BBNQQADTFFCFGB-UHFFFAOYSA-N,inchi
81-55-0(2),CASRN,GJCHQJDEYFYWER-UHFFFAOYSA-N,inchi
81-64-1(2),CASRN,GUEIZVNYDFNHJU-UHFFFAOYSA-N,inchi
"81-64-1(2), 103220-12-8(3)",CASRN,GUEIZVNYDFNHJU-UHFFFAOYSA-N,inchi
"81-81-2(6), 2610-86-8(2), 129-06-6(2)",CASRN,FQEPJUOLUDFINX-UHFFFAOYSA-N,inchi
81-82-3(2),CASRN,IJLKMWOHASEYKD-UHFFFAOYSA-N,inchi
81-83-4(2),CASRN,XJHABGPPCLHLLV-UHFFFAOYSA-N,inchi
81-84-5(2),CASRN,GRSMWKLPSNHDHA-UHFFFAOYSA-N,inchi
81-88-9(2),CASRN,CVAVMIODJQHEEH-UHFFFAOYSA-O,inchi
81-90-3(4),CASRN,FFFPYJTVNSSLBQ-UHFFFAOYSA-N,inchi
81-92-5(2),CASRN,CREICILGVGNQBH-UHFFFAOYSA-N,inchi
81098-60-4(2),CASRN,DCSUBABJRXZOMT-UHFFFAOYSA-N,inchi
81103-11-9(4),CASRN,AGOYDEPGAOXOCK-UHFFFAOYSA-N,inchi
81110-73-8(2),CASRN,ODUOJXZPIYUATO-UHFFFAOYSA-N,inchi
81129-83-1(4),CASRN,UUNQYGUCVSFAME-UHFFFAOYSA-N,inchi
81131-70-6(4),CASRN,TUZYXOIXSAXUGO-UHFFFAOYSA-N,inchi
81161-17-3(2),CASRN,AQNDDEOPVVGCPG-UHFFFAOYSA-N,inchi
81167-16-0(2),CASRN,UXABARREKCJULM-UHFFFAOYSA-N,inchi
813-78-5(2),CASRN,KKUKTXOBAWVSHC-UHFFFAOYSA-N,inchi
81334-34-1(2),CASRN,CLQMBPJKHLGMQK-UHFFFAOYSA-N,inchi
81335-37-7(4),CASRN,CABMTIJINOIHOD-UHFFFAOYSA-N,inchi
81335-77-5(4),CASRN,XVOKUMIPKHGGTN-UHFFFAOYSA-N,inchi
81403-68-1(2),CASRN,WNMJYKCGWZFFKR-UHFFFAOYSA-N,inchi
81405-85-8(2),CASRN,FFCCBBNQPIMUJI-UHFFFAOYSA-N,inchi
81406-37-3(2),CASRN,OLZQTUCTGLHFTQ-UHFFFAOYSA-N,inchi
81409-90-7(2),CASRN,KORNTPPJEAJQIU-UHFFFAOYSA-N,inchi
81496-81-3(2),CASRN,BJDCWCLMFKKGEE-UHFFFAOYSA-N,inchi
815-17-8(2),CASRN,IAWVHZJZHDSEOC-UHFFFAOYSA-N,inchi
81690-06-4(1),CASRN,YLPGTOIOYRQOHV-UHFFFAOYSA-N,inchi
81732-46-9(2),CASRN,ANZXOIAKUNOVQU-UHFFFAOYSA-N,inchi
81741-28-8(4),CASRN,YCBRTSYWJMECAH-UHFFFAOYSA-N,inchi
81777-89-1(2),CASRN,KIEDNEWSYUYDSN-UHFFFAOYSA-N,inchi
818-61-1(4),CASRN,OMIGHNLMNHATMP-UHFFFAOYSA-N,inchi
818-72-4(2),CASRN,VUGRNZHKYVHZSN-UHFFFAOYSA-N,inchi
81801-12-9(2),CASRN,DXPOSRCHIDYWHW-UHFFFAOYSA-N,inchi
82-02-0(2),CASRN,HSMPDPBYAYSOBC-UHFFFAOYSA-N,inchi
82-28-0(4),CASRN,ZLCUIOWQYBYEBG-UHFFFAOYSA-N,inchi
82-66-6(2),CASRN,JYGLAHSAISAEAL-UHFFFAOYSA-N,inchi
82-68-8(4),CASRN,LKPLKUMXSAEKID-UHFFFAOYSA-N,inchi
82-86-0(2),CASRN,AFPRJLBZLPBTPZ-UHFFFAOYSA-N,inchi
82-99-5(4),CASRN,WHLUQAYNVOGZST-UHFFFAOYSA-N,inchi
82034-46-6(2),CASRN,DMKSVUSAATWOCU-UHFFFAOYSA-N,inchi
82097-50-5(2),CASRN,XOPFESVZMSQIKC-UHFFFAOYSA-N,inchi
821-06-7(2),CASRN,RMXLHIUHKIVPAB-OWOJBTEDSA-N,inchi
82159-09-9(2),CASRN,CHNUOJQWGUIOLD-SMTGYRLFSA-N,inchi
82168-26-1(2),CASRN,PLSMXIQMWYSHIV-UHFFFAOYSA-N,inchi
82186-77-4(2),CASRN,DYLGFOYVTXJFJP-MYYYXRDXSA-N,inchi
822-06-0(4),CASRN,RRAMGCGOFNQTLD-UHFFFAOYSA-N,inchi
822-36-6(2),CASRN,XLSZMDLNRCVEIJ-UHFFFAOYSA-N,inchi
822-87-7(2),CASRN,CCHNWURRBFGQCD-UHFFFAOYSA-N,inchi
82248-59-7(2),CASRN,VHGCDTVCOLNTBX-UHFFFAOYSA-N,inchi
823-40-5(2),CASRN,RLYCRLGLCUXUPO-UHFFFAOYSA-N,inchi
"824-39-5(2), 88-75-5(4)",CASRN,IQUPABOKLQSFBK-UHFFFAOYSA-N,inchi
824-72-6(2),CASRN,IBDMRHDXAQZJAP-UHFFFAOYSA-N,inchi
82410-32-0(2),CASRN,IRSCQMHQWWYFCW-UHFFFAOYSA-N,inchi
82419-36-1(2),CASRN,GSDSWSVVBLHKDQ-UHFFFAOYSA-N,inchi
82469-79-2(2),CASRN,GWVUTNGDMGTPFE-UHFFFAOYSA-N,inchi
82547-58-8(2),CASRN,XSPUSVIQHBDITA-LSFURLLWSA-N,inchi
82558-50-7(4),CASRN,PMHURSZHKKJGBM-UHFFFAOYSA-N,inchi
82560-54-1(2),CASRN,FYZBOYWSHKHDMT-UHFFFAOYSA-N,inchi
825643-57-0(2),CASRN,QOOXCQFWUYVSGU-UHFFFAOYSA-N,inchi
82586-52-5(2),CASRN,UWWDHYUMIORJTA-UHFFFAOYSA-N,inchi
82586-55-8(4),CASRN,JSDRRTOADPPCHY-UHFFFAOYSA-N,inchi
826-36-8(2),CASRN,JWUXJYZVKZKLTJ-UHFFFAOYSA-N,inchi
826-62-0(2),CASRN,KNDQHSIWLOJIGP-UHFFFAOYSA-N,inchi
82626-01-5(2),CASRN,JRTIDHTUMYMPRU-UHFFFAOYSA-N,inchi
82626-48-0(2),CASRN,ZAFYATHCZYHLPB-UHFFFAOYSA-N,inchi
82657-04-3(4),CASRN,OMFRMAHOUUJSGP-UNOMPAQXSA-N,inchi
82691-32-5(2),CASRN,ISEHJSHTIVKELA-UHFFFAOYSA-N,inchi
827-21-4(2),CASRN,CHZLVSBMXZSPNN-UHFFFAOYSA-N,inchi
827-61-2(2),CASRN,WRJPSSPFHGNBMG-UHFFFAOYSA-N,inchi
"827-95-2(2), 121-92-6(4)",CASRN,AFPHTEQTJZKQAQ-UHFFFAOYSA-N,inchi
82752-99-6(4),CASRN,VRBKIVRKKCLPHA-UHFFFAOYSA-N,inchi
828-00-2(4),CASRN,PHMNXPYGVPEQSJ-UHFFFAOYSA-N,inchi
828-26-2(2),CASRN,NBNWHQAWKFYFKI-UHFFFAOYSA-N,inchi
82834-16-0(2),CASRN,IPVQLZZIHOAWMC-UHFFFAOYSA-N,inchi
82854-37-3(2),CASRN,FSBUXLDOLNLABB-QPJJXVBHSA-N,inchi
829-74-3(2),CASRN,GEFQWZLICWMTKF-UHFFFAOYSA-N,inchi
82956-11-4(2),CASRN,MQQNFDZXWVTQEH-UHFFFAOYSA-N,inchi
82985-35-1(2),CASRN,TZZGHGKTHXIOMN-UHFFFAOYSA-N,inchi
82989-25-1(2),CASRN,XQTARQNQIVVBRX-UHFFFAOYSA-N,inchi
83-05-6(2),CASRN,YIOCIFXUGBYCJR-UHFFFAOYSA-N,inchi
83-07-8(2),CASRN,NALBNRYDQPVIQB-UHFFFAOYSA-N,inchi
83-12-5(2),CASRN,NFBAXHOPROOJAW-UHFFFAOYSA-N,inchi
83-26-1(4),CASRN,RZKYEQDPDZUERB-UHFFFAOYSA-N,inchi
83-28-3(2),CASRN,PVWMAOPFDINGAY-UHFFFAOYSA-N,inchi
83-32-9(4),CASRN,CWRYPZZKDGJXCA-UHFFFAOYSA-N,inchi
83-34-1(2),CASRN,ZFRKQXVRDFCRJG-UHFFFAOYSA-N,inchi
83-38-5(2),CASRN,DMIYKWPEFRFTPY-UHFFFAOYSA-N,inchi
83-40-9(2),CASRN,WHSXTWFYRGOBGO-UHFFFAOYSA-N,inchi
83-41-0(4),CASRN,FVHAWXWFPBPFOS-UHFFFAOYSA-N,inchi
83-42-1(2),CASRN,XCSNRORTQRKCHB-UHFFFAOYSA-N,inchi
83-43-2(4),CASRN,VHRSUDSXCMQTMA-UHFFFAOYSA-N,inchi
83-46-5(2),CASRN,KZJWDPNRJALLNS-UHFFFAOYSA-N,inchi
83-66-9(2),CASRN,SUAUILGSCPYJCS-UHFFFAOYSA-N,inchi
83-67-0(4),CASRN,YAPQBXQYLJRXSA-UHFFFAOYSA-N,inchi
83-73-8(2),CASRN,UXZFQZANDVDGMM-UHFFFAOYSA-N,inchi
83-75-0(2),CASRN,NSBRKSWSLRQPJW-UHFFFAOYSA-N,inchi
83-79-4(6),CASRN,JUVIOZPCNVVQFO-UHFFFAOYSA-N,inchi
83-88-5(8),CASRN,AUNGANRZJHBGPY-UHFFFAOYSA-N,inchi
830-13-7(4),CASRN,SXVPOSFURRDKBO-UHFFFAOYSA-N,inchi
830-89-7(4),CASRN,RATGSRSDPNECNO-UHFFFAOYSA-N,inchi
83016-70-0(2),CASRN,NCUPDIHWMQEDPR-UHFFFAOYSA-N,inchi
83055-99-6(2),CASRN,XMQFTWRPUQYINF-UHFFFAOYSA-N,inchi
831-59-4(2),CASRN,WRUAHXANJKHFIL-UHFFFAOYSA-N,inchi
831-82-3(2),CASRN,ZSBDGXGICLIJGD-UHFFFAOYSA-N,inchi
831-82-3(4),CASRN,ZSBDGXGICLIJGD-UHFFFAOYSA-N,inchi
83105-70-8(2),CASRN,OPYGFNJSCUDTBT-UHFFFAOYSA-N,inchi
83121-18-0(2),CASRN,CJDWRQLODFKPEL-UHFFFAOYSA-N,inchi
83164-33-4(2),CASRN,WYEHFWKAOXOVJD-UHFFFAOYSA-N,inchi
832-92-8(2),CASRN,RHCSKNNOAZULRK-UHFFFAOYSA-N,inchi
83275-56-3(2),CASRN,KJAMZCVTJDTESW-UHFFFAOYSA-N,inchi
83314-01-6(2),CASRN,MJQUEDHRCUIRLF-KOWVOJLTSA-N,inchi
834-12-8(4),CASRN,RQVYBGPQFYCBGX-UHFFFAOYSA-N,inchi
834-28-6(8),CASRN,ICFJFFQQTFMIBG-UHFFFAOYSA-N,inchi
83435-67-0(2),CASRN,WOUOLAUOZXOLJQ-UHFFFAOYSA-N,inchi
83471-41-4(2),CASRN,RJOUHGWLHPOQSA-UHFFFAOYSA-N,inchi
83480-29-9(2),CASRN,FZNCGRZWXLXZSZ-UHFFFAOYSA-N,inchi
835-11-0(2),CASRN,YIYBRXKMQFDHSM-UHFFFAOYSA-N,inchi
"835-31-4(4), 550-99-2(2)",CASRN,VIXRKFBKWOHVBR-UHFFFAOYSA-N,inchi
83519-04-4(2),CASRN,ODEDPKNSRBCSDO-UHFFFAOYSA-O,inchi
836-30-6(4),CASRN,XXYMSQQCBUKFHE-UHFFFAOYSA-N,inchi
83657-24-3(2),CASRN,FBOUIAKEJMZPQG-AWNIVKPZSA-N,inchi
838-85-7(2),CASRN,ASMQGLCHMVWBQR-UHFFFAOYSA-N,inchi
838-88-0(4),CASRN,WECDUOXQLAIPQW-UHFFFAOYSA-N,inchi
83881-52-1(4),CASRN,ZKLPARSLTMPFCP-UHFFFAOYSA-N,inchi
839-90-7(4),CASRN,BPXVHIRIPLPOPT-UHFFFAOYSA-N,inchi
83905-01-5(4),CASRN,MQTOSJVFKKJCRP-UHFFFAOYSA-N,inchi
83915-83-7(2),CASRN,RLAWWYSOJDYHDC-UHFFFAOYSA-N,inchi
83919-23-7(2),CASRN,WOFMFGQZHJDGCX-UHFFFAOYSA-N,inchi
83966-24-9(2),CASRN,VRBUFFFVTDWWMY-UHFFFAOYSA-N,inchi
84-02-6(2),CASRN,WIKYUJGCLQQFNW-UHFFFAOYSA-N,inchi
84-08-2(2),CASRN,KJKJUXGEMYCCJN-UHFFFAOYSA-N,inchi
84-12-8(2),CASRN,VLPADTBFADIFKG-UHFFFAOYSA-N,inchi
"84-16-2(6), 84-16-2, 5635-50-7, 000084-16-2(2)",CASRN,PBBGSZCBWVPOOL-UHFFFAOYSA-N,inchi
84-17-3(2),CASRN,NFDFQCUYFHCNBW-SCGPFSFSSA-N,inchi
84-36-6(2),CASRN,ZCDNRPPFBQDQHR-UHFFFAOYSA-N,inchi
84-51-5(2),CASRN,SJEBAWHUJDUKQK-UHFFFAOYSA-N,inchi
84-54-8(2),CASRN,NJWGQARXZDRHCD-UHFFFAOYSA-N,inchi
84-60-6(3),CASRN,APAJFZPFBHMFQR-UHFFFAOYSA-N,inchi
84-62-8(2),CASRN,DWNAQMUDCDVSLT-UHFFFAOYSA-N,inchi
84-65-1(2),CASRN,RZVHIXYEVGDQDX-UHFFFAOYSA-N,inchi
84-65-1(5),CASRN,RZVHIXYEVGDQDX-UHFFFAOYSA-N,inchi
84-66-2(6),CASRN,FLKPEMZONWLCSK-UHFFFAOYSA-N,inchi
84-69-5(4),CASRN,MGWAVDBGNNKXQV-UHFFFAOYSA-N,inchi
84-72-0(2),CASRN,PZBLUWVMZMXIKZ-UHFFFAOYSA-N,inchi
84-74-2(4),CASRN,DOIRQSBPFJWKBE-UHFFFAOYSA-N,inchi
84-75-3(4),CASRN,KCXZNSGUUQJJTR-UHFFFAOYSA-N,inchi
84-76-4(2),CASRN,DROMNWUQASBTFM-UHFFFAOYSA-N,inchi
84-77-5(2),CASRN,PGIBJVOPLXHHGS-UHFFFAOYSA-N,inchi
84-79-7(2),CASRN,KBTHDLHMTHCIHG-UHFFFAOYSA-N,inchi
84-80-0(2),CASRN,MBWXNTAXLNYFJB-LKUDQCMESA-N,inchi
84-97-9(2),CASRN,WEYVCQFUGFRXOM-UHFFFAOYSA-N,inchi
840-65-3(2),CASRN,GYUVMLBYMPKZAZ-UHFFFAOYSA-N,inchi
84057-84-1(2),CASRN,PYZRQGJRPPTADH-UHFFFAOYSA-N,inchi
84087-01-4(2),CASRN,FFSSWMQPCJRCRV-UHFFFAOYSA-N,inchi
84088-42-6(2),CASRN,HILNTCXOOWYEJP-UHFFFAOYSA-N,inchi
841-73-6(2),CASRN,DVEQCIBLXRSYPH-UHFFFAOYSA-N,inchi
842-07-9(4),CASRN,MRQIXHXHHPWVIL-ISLYRVAYSA-N,inchi
84225-95-6(2),CASRN,WAOQONBSWFLFPE-UHFFFAOYSA-N,inchi
84243-58-3(2),CASRN,VXMYWVMXSWJFCV-UHFFFAOYSA-N,inchi
843-55-0(2),CASRN,SDDLEVPIDBLVHC-UHFFFAOYSA-N,inchi
84366-81-4(2),CASRN,VWWQXMAJTJZDQX-UHFFFAOYSA-N,inchi
84370-95-6(2),CASRN,BVPWJMCABCPUQY-UHFFFAOYSA-N,inchi
84379-13-5(2),CASRN,LWUDDYHYYNNIQI-UHFFFAOYSA-N,inchi
84392-17-6(2),CASRN,IQOMYCGTGFGDFN-UHFFFAOYSA-N,inchi
844-26-8(2),CASRN,RPAJWWXZIQJVJF-UHFFFAOYSA-N,inchi
84485-00-7(2),CASRN,UNAANXDKBXWMLN-UHFFFAOYSA-N,inchi
84504-69-8(2),CASRN,ATCGGEJZONJOCL-UHFFFAOYSA-N,inchi
846-49-1(2),CASRN,DIWRORZWFLOCLC-UHFFFAOYSA-N,inchi
846-50-4(4),CASRN,SEQDDYPDSLOBDC-UHFFFAOYSA-N,inchi
84611-23-4(2),CASRN,QGFORSXNKQLDNO-UHFFFAOYSA-N,inchi
84625-61-6(2),CASRN,VHVPQPYKVGDNFY-UHFFFAOYSA-N,inchi
848-53-3(2),CASRN,WEUCDJCFJHYFRL-UHFFFAOYSA-N,inchi
84852-15-3(6),CASRN,JSFITYFUKSFPBZ-UHFFFAOYSA-N,inchi
84878-61-5(2),CASRN,RWVUEZAROXKXRT-UHFFFAOYSA-N,inchi
84962-98-1(2),CASRN,HDUNVICUTAZXTE-UHFFFAOYSA-N,inchi
85-01-8(4),CASRN,YNPNZTXNASCQKK-UHFFFAOYSA-N,inchi
85-02-9(4),CASRN,HCAUQPZEWLULFJ-UHFFFAOYSA-N,inchi
85-19-8(2),CASRN,OMWSZDODENFLSV-UHFFFAOYSA-N,inchi
85-34-7(2),CASRN,QZXCCPZJCKEPSA-UHFFFAOYSA-N,inchi
85-36-9(2),CASRN,GNOGSFBXBWBTIG-UHFFFAOYSA-N,inchi
"85-40-5(2), 1469-48-3(2)",CASRN,CIFFBTOJCKSRJY-UHFFFAOYSA-N,inchi
"85-41-6(4), 1074-82-4(2)",CASRN,XKJCHHZQLQNZHY-UHFFFAOYSA-N,inchi
85-42-7(2),CASRN,MUTGBJKUEZFXGO-UHFFFAOYSA-N,inchi
85-43-8(2),CASRN,KMOUUZVZFBCRAM-UHFFFAOYSA-N,inchi
85-44-9(2),CASRN,LGRFSURHDFAFJT-UHFFFAOYSA-N,inchi
85-60-9(2),CASRN,PFANXOISJYKQRP-UHFFFAOYSA-N,inchi
85-68-7(4),CASRN,IRIAEXORFWYRCZ-UHFFFAOYSA-N,inchi
85-69-8(2),CASRN,AVOLBYOSCILFLL-UHFFFAOYSA-N,inchi
85-70-1(4),CASRN,GOJCZVPJCKEBQV-UHFFFAOYSA-N,inchi
85-73-4(2),CASRN,PBMSWVPMRUJMPE-UHFFFAOYSA-N,inchi
85-79-0(2),CASRN,PUFQVTATUTYEAL-UHFFFAOYSA-N,inchi
85-83-6(2),CASRN,RCTGMCJBQGBLKT-PAMTUDGESA-N,inchi
85-98-3(2),CASRN,PZIMIYVOZBTARW-UHFFFAOYSA-N,inchi
850-52-2(2),CASRN,VWAUPFMBXBWEQY-UHFFFAOYSA-N,inchi
850140-15-7(2),CASRN,OLEVEPDJOFPJTF-UHFFFAOYSA-N,inchi
"85100-76-1(2), 79917-89-8(2)",CASRN,JFYZBXKLRPWSGV-UHFFFAOYSA-N,inchi
85100-77-2(2),CASRN,KAIPKTYOBMEXRR-UHFFFAOYSA-N,inchi
85181-40-4(2),CASRN,HDDNYFLPWFSBLN-UHFFFAOYSA-N,inchi
85188-88-1(1),CASRN,FBQQHUGEACOBDN-UHFFFAOYSA-N,inchi
851916-42-2(2),CASRN,MTMDXAIUENDNDL-UHFFFAOYSA-N,inchi
85264-33-1(2),CASRN,OBENDWOJIFFDLZ-UHFFFAOYSA-N,inchi
853-23-6(4),CASRN,NCMZQTLCXHGLOK-UHFFFAOYSA-N,inchi
85371-64-8(2),CASRN,IVVNZDGDKPTYHK-UHFFFAOYSA-N,inchi
"85446-17-9(2), 32536-52-0(2)",CASRN,ORYGKUIDIMIRNN-UHFFFAOYSA-N,inchi
85468-01-5(2),CASRN,IDINUJSAMVOPCM-UHFFFAOYSA-N,inchi
"85507-79-5(2), 3648-20-2(2)",CASRN,QQVHEQUEHCEAKS-UHFFFAOYSA-N,inchi
85509-19-9(4),CASRN,FQKUGOMFVDPBIZ-UHFFFAOYSA-N,inchi
85532-75-8(2),CASRN,RAVIZVQZGXBOQO-UHFFFAOYSA-N,inchi
85622-93-1(2),CASRN,BPEGJWRSRHCHSN-UHFFFAOYSA-N,inchi
"85785-20-2, 085785-20-2(1)",CASRN,BXEHUCNTIZGSOJ-UHFFFAOYSA-N,inchi
85798-08-9(2),CASRN,FTSUPYGMFAPCFZ-UHFFFAOYSA-N,inchi
859-07-4(2),CASRN,GOFCPYKUMJBHBH-UHFFFAOYSA-N,inchi
859-18-7(2),CASRN,OJMMVQQUTAEWLP-UHFFFAOYSA-N,inchi
85976-54-1(2),CASRN,HTSNFXAICLXZMA-UHFFFAOYSA-N,inchi
86-00-0(2),CASRN,YOJKKXRJMXIKSR-UHFFFAOYSA-N,inchi
86-12-4(2),CASRN,KLOHYVOVXOUKQI-UHFFFAOYSA-N,inchi
86-16-8(2),CASRN,KNHGNICBXADRMC-UHFFFAOYSA-N,inchi
86-20-4(2),CASRN,WONHLSYSHMRRGO-UHFFFAOYSA-N,inchi
86-29-3(4),CASRN,NEBPTMCRLHKPOB-UHFFFAOYSA-N,inchi
86-30-6(4),CASRN,UBUCNCOMADRQHX-UHFFFAOYSA-N,inchi
86-34-0(2),CASRN,WLWFNJKHKGIJNW-UHFFFAOYSA-N,inchi
86-35-1(2),CASRN,SZQIFWWUIBRPBZ-UHFFFAOYSA-N,inchi
86-50-0(4),CASRN,CJJOSEISRRTUQB-UHFFFAOYSA-N,inchi
86-57-7(4),CASRN,RJKGJBPXVHTNJL-UHFFFAOYSA-N,inchi
86-73-7(4),CASRN,NIHNNTQXNPWCJQ-UHFFFAOYSA-N,inchi
86-74-8(4),CASRN,UJOBWOGCFQCDNV-UHFFFAOYSA-N,inchi
86-75-9(2),CASRN,BHKPHCKISVSDGV-UHFFFAOYSA-N,inchi
86-77-1(1),CASRN,HGIDRHWWNZRUEP-UHFFFAOYSA-N,inchi
86-86-2(2),CASRN,XFNJVKMNNVCYEK-UHFFFAOYSA-N,inchi
"86-87-3(4), 15165-79-4(2)",CASRN,PRPINYUDVPFIRX-UHFFFAOYSA-N,inchi
86-88-4(2),CASRN,PIVQQUNOTICCSA-UHFFFAOYSA-N,inchi
86089-17-0(2),CASRN,KFBNTNYCQVDLBK-UHFFFAOYSA-N,inchi
86197-47-9(2),CASRN,RYBJORHCUPVNMB-UHFFFAOYSA-N,inchi
862243-29-6(2),CASRN,OEMJXSVJXPIFMA-UHFFFAOYSA-N,inchi
86329-79-5(2),CASRN,XDZKBRJLTGRPSS-ROTLSHHCSA-N,inchi
86347-15-1(2),CASRN,CUHVIMMYOGQXCV-UHFFFAOYSA-N,inchi
86386-73-4(6),CASRN,RFHAOTPXVQNOHP-UHFFFAOYSA-N,inchi
864283-48-7(2),CASRN,ZDYGKWOTFUOWOA-UHFFFAOYSA-N,inchi
86479-06-3(2),CASRN,RGNPBRKPHBKNKX-UHFFFAOYSA-N,inchi
86508-42-1(2),CASRN,BPHQIXJDBIHMLT-UHFFFAOYSA-N,inchi
86541-74-4(2),CASRN,XPCFTKFZXHTYIP-UHFFFAOYSA-N,inchi
867-13-0(2),CASRN,GGUBFICZYGKNTD-UHFFFAOYSA-N,inchi
86780-90-7(2),CASRN,SFNSAGXFTUBWBC-UHFFFAOYSA-N,inchi
868-59-7(2),CASRN,YVKSGVDJQXLXDV-UHFFFAOYSA-N,inchi
868-77-9(2),CASRN,WOBHKFSMXKNTIM-UHFFFAOYSA-N,inchi
868-85-9(4),CASRN,HZCDANOFLILNSA-UHFFFAOYSA-N,inchi
86811-58-7(2),CASRN,YOWNVPAUWYHLQX-UHFFFAOYSA-N,inchi
86832-68-0(2),CASRN,UIMOJFJSJSIGLV-IDUWFGFVSA-N,inchi
868540-17-4(2),CASRN,BLMPQMFVWMYDKT-UHFFFAOYSA-N,inchi
869-24-9(2),CASRN,YMDNODNLFSHHCV-UHFFFAOYSA-N,inchi
87-01-4(2),CASRN,GZEYLLPOQRZUDF-UHFFFAOYSA-N,inchi
87-02-5(4),CASRN,KYARBIJYVGJZLB-UHFFFAOYSA-N,inchi
87-10-5(6),CASRN,KVSKGMLNBAPGKH-UHFFFAOYSA-N,inchi
87-17-2(2),CASRN,WKEDVNSFRWHDNR-UHFFFAOYSA-N,inchi
87-18-3(2),CASRN,DBOSBRHMHBENLP-UHFFFAOYSA-N,inchi
87-19-4(2),CASRN,PTXDBYSCVQQBNF-UHFFFAOYSA-N,inchi
87-22-9(1),CASRN,YNMSDIQQNIRGDP-UHFFFAOYSA-N,inchi
87-24-1(2),CASRN,SOUAXOGPALPTTC-UHFFFAOYSA-N,inchi
87-25-2(4),CASRN,TWLLPUMZVVGILS-UHFFFAOYSA-N,inchi
87-26-3(2),CASRN,ROMXEVFSCNLHAB-UHFFFAOYSA-N,inchi
87-28-5(2),CASRN,LVYLCBNXHHHPSB-UHFFFAOYSA-N,inchi
87-29-6(2),CASRN,GABQNAFEZZDSCM-RMKNXTFCSA-N,inchi
87-33-2(2),CASRN,MOYKHGMNXAOIAT-UHFFFAOYSA-N,inchi
87-44-5(2),CASRN,NPNUFJAVOOONJE-IZZDOVSWSA-N,inchi
87-51-4(4),CASRN,SEOVTRFCIGRIMH-UHFFFAOYSA-N,inchi
87-56-9(4),CASRN,LUMLZKVIXLWTCI-IHWYPQMZSA-N,inchi
87-60-5(2),CASRN,ZUVPLKVDZNDZCM-UHFFFAOYSA-N,inchi
87-61-6(4),CASRN,RELMFMZEBKVZJC-UHFFFAOYSA-N,inchi
87-62-7(4),CASRN,UFFBMTHBGFGIHF-UHFFFAOYSA-N,inchi
87-65-0(2),CASRN,HOLHYSJJBXSLMV-UHFFFAOYSA-N,inchi
87-66-1(4),CASRN,WQGWDDDVZFFDIG-UHFFFAOYSA-N,inchi
87-68-3(4),CASRN,RWNKSTSCBHKHTB-UHFFFAOYSA-N,inchi
87-79-6(2),CASRN,BJHIKXHVCXFQLS-UHFFFAOYSA-N,inchi
87-81-0(4),CASRN,LKDRXBCSQODPBY-UHFFFAOYSA-N,inchi
87-82-1(2),CASRN,CAYGQBVSOZLICD-UHFFFAOYSA-N,inchi
87-89-8(4),CASRN,CDAISMWEOUEBRE-UHFFFAOYSA-N,inchi
87-90-1(4),CASRN,YRIZYWQGELRKNT-UHFFFAOYSA-N,inchi
870-72-4(2),CASRN,DETXZQGDWUJKMO-UHFFFAOYSA-N,inchi
87051-43-2(2),CASRN,JUQLTPCYUFPYKE-UHFFFAOYSA-N,inchi
87130-20-9(2),CASRN,LNJNFVJKDJYTEU-UHFFFAOYSA-N,inchi
87151-85-7(2),CASRN,NYKCGQQJNVPOLU-UHFFFAOYSA-N,inchi
872-05-9(2),CASRN,AFFLGGQVNFXPEV-UHFFFAOYSA-N,inchi
872-10-6(2),CASRN,JOZDADPMWLVEJK-UHFFFAOYSA-N,inchi
872-50-4(4),CASRN,SECXISVLQFMRJM-UHFFFAOYSA-N,inchi
87233-62-3(2),CASRN,KBUZBQVCBVDWKX-UHFFFAOYSA-N,inchi
87239-81-4(4),CASRN,LTINZAODLRIQIX-MXAYSNPKSA-N,inchi
87248-13-3(2),CASRN,GQGRDYWMOPRROR-UPHRSURJSA-N,inchi
873-94-9(2),CASRN,POSWICCRDBKBMH-UHFFFAOYSA-N,inchi
87333-19-5(2),CASRN,HDACQVRGBOVJII-UHFFFAOYSA-N,inchi
874-23-7(2),CASRN,OEKATORRSPXJHE-UHFFFAOYSA-N,inchi
874-42-0(2),CASRN,YSFBEAASFUWWHU-UHFFFAOYSA-N,inchi
87440-45-7(2),CASRN,ZLJOKYGJNOQXDP-IGZKKZBOSA-N,inchi
87463-91-0(2),CASRN,VHWFITPGPFLBGT-UHFFFAOYSA-N,inchi
87546-18-7(2),CASRN,IRECWLYBCAZIJM-UHFFFAOYSA-N,inchi
87674-68-8(4),CASRN,JLYFCTQDENRSOL-UHFFFAOYSA-N,inchi
87679-37-6(4),CASRN,VXFJYXUZANRPDJ-UHFFFAOYSA-N,inchi
"877-24-7(2), 88-99-3(2)",CASRN,XNGIFLGASWRNHJ-UHFFFAOYSA-N,inchi
87760-53-0(2),CASRN,CEIJFEGBUDEYSX-UHFFFAOYSA-N,inchi
87771-40-2(2),CASRN,AMDBBAQNWSUWGN-UHFFFAOYSA-N,inchi
87818-31-3(2),CASRN,QMTNOLKHSWIQBE-UHFFFAOYSA-N,inchi
87820-88-0(2),CASRN,ZHDPLQKJJVUBDP-UHFFFAOYSA-N,inchi
87848-99-5(2),CASRN,PWACSDKDOHSSQD-IUTFFREVSA-N,inchi
87862-25-7(4),CASRN,PDWUPXJEEYOOTR-UHFFFAOYSA-N,inchi
879-39-0(2),CASRN,MTBYTWZDRVOMBR-UHFFFAOYSA-N,inchi
87940-60-1(2),CASRN,YYFGRAGNYHYWEZ-UHFFFAOYSA-N,inchi
88-04-0(4),CASRN,OSDLLIBGSJNGJE-UHFFFAOYSA-N,inchi
88-06-2(4),CASRN,LINPIYWFGCPVIE-UHFFFAOYSA-N,inchi
88-09-5(2),CASRN,OXQGTIUCKGYOAA-UHFFFAOYSA-N,inchi
88-12-0(4),CASRN,WHNWPMSKXPGLAX-UHFFFAOYSA-N,inchi
88-14-2(2),CASRN,SMNDYUVBFMFKNZ-UHFFFAOYSA-N,inchi
88-16-4(2),CASRN,DGRVQOKCSKDWIH-UHFFFAOYSA-N,inchi
88-18-6(4),CASRN,WJQOZHYUIDYNHM-UHFFFAOYSA-N,inchi
88-19-7(2),CASRN,YCMLQMDWSXFTIF-UHFFFAOYSA-N,inchi
88-21-1(2),CASRN,ZMCHBSMFKQYNKA-UHFFFAOYSA-N,inchi
88-23-3(2),CASRN,YCTAOQGPWNTYJE-UHFFFAOYSA-N,inchi
88-24-4(2),CASRN,GPNYZBKIGXGYNU-UHFFFAOYSA-N,inchi
88-26-6(2),CASRN,HNURKXXMYARGAY-UHFFFAOYSA-N,inchi
88-27-7(2),CASRN,VMZVBRIIHDRYGK-UHFFFAOYSA-N,inchi
88-30-2(2),CASRN,ZEFMBAFMCSYJOO-UHFFFAOYSA-N,inchi
88-41-5(2),CASRN,FINOAUDUYKVGDS-UHFFFAOYSA-N,inchi
88-44-8(4),CASRN,LTPSRQRIPCVMKQ-UHFFFAOYSA-N,inchi
88-51-7(2),CASRN,VRLPHBSFRWMMPW-UHFFFAOYSA-N,inchi
88-53-9(2),CASRN,VYZCFAPUHSSYCC-UHFFFAOYSA-N,inchi
88-58-4(2),CASRN,JZODKRWQWUWGCD-UHFFFAOYSA-N,inchi
88-60-8(4),CASRN,XOUQAVYLRNOXDO-UHFFFAOYSA-N,inchi
88-63-1(2),CASRN,JVMSQRAXNZPDHF-UHFFFAOYSA-N,inchi
88-68-6(2),CASRN,PXBFMLJZNCDSMP-UHFFFAOYSA-N,inchi
88-69-7(2),CASRN,CRBJBYGJVIBWIY-UHFFFAOYSA-N,inchi
88-72-2(4),CASRN,PLAZTCDQAHEYBI-UHFFFAOYSA-N,inchi
88-73-3(2),CASRN,BFCFYVKQTRLZHA-UHFFFAOYSA-N,inchi
88-74-4(4),CASRN,DPJCXCZTLWNFOH-UHFFFAOYSA-N,inchi
88-82-4(2),CASRN,ZMZGFLUUZLELNE-UHFFFAOYSA-N,inchi
88-85-7(4),CASRN,OWZPCEFYPSAJFR-UHFFFAOYSA-N,inchi
88-86-8(2),CASRN,AUAXYMOBWXOEQD-UHFFFAOYSA-N,inchi
88-96-0(2),CASRN,NAYYNDKKHOIIOD-UHFFFAOYSA-N,inchi
880-09-1(2),CASRN,LRKYLKBLUJXTFL-UHFFFAOYSA-N,inchi
88069-67-4(2),CASRN,BCQTVJKBTWGHCX-UHFFFAOYSA-N,inchi
881-03-8(2),CASRN,IZNWACYOILBFEG-UHFFFAOYSA-N,inchi
88107-10-2(4),CASRN,MWYHLEQJTQJHSS-UHFFFAOYSA-N,inchi
882-09-7(4),CASRN,TXCGAZHTZHNUAI-UHFFFAOYSA-N,inchi
882-33-7(2),CASRN,GUUVPOWQJOLRAS-UHFFFAOYSA-N,inchi
88475-69-8(2),CASRN,CTPOHARTNNSRSR-OUKQBFOZSA-N,inchi
88485-37-4(2),CASRN,UKSLKNUCVPZQCQ-UHFFFAOYSA-N,inchi
88495-63-0(2),CASRN,FIHJKUPKCHIPAT-UHFFFAOYSA-N,inchi
"88598-74-7(2), 29216-28-2(2)",CASRN,HOKDBMAJZXIPGC-UHFFFAOYSA-N,inchi
886-08-8(2),CASRN,LPSMMAHYAIVSQW-UHFFFAOYSA-N,inchi
886-38-4(2),CASRN,HCIBTBXNLVOFER-UHFFFAOYSA-N,inchi
886-50-0(4),CASRN,IROINLKCQGIITA-UHFFFAOYSA-N,inchi
886-74-8(2),CASRN,SKPLBLUECSEIFO-UHFFFAOYSA-N,inchi
886-86-2(2),CASRN,ZMCBYSBVJIMENC-UHFFFAOYSA-N,inchi
"886439-34-5(2), 94280-72-5(2), 37971-78-1(2)",CASRN,UVCPHBWNKAXVPC-UHFFFAOYSA-N,inchi
88671-89-0(4),CASRN,HZJKXKUJVSEEFU-UHFFFAOYSA-N,inchi
88678-31-3(2),CASRN,VPHPQNGOVQYUMG-UHFFFAOYSA-N,inchi
88768-40-5(2),CASRN,HHHKFGXWKKUNCY-UHFFFAOYSA-N,inchi
"88840-42-0(2), 17874-63-4(2), 879866-95-2(2)",CASRN,OGLIVJFAKNJZRE-UHFFFAOYSA-N,inchi
88889-14-9(2),CASRN,BIDNLKIUORFRQP-UHFFFAOYSA-N,inchi
88917-22-0(2),CASRN,USDXBNSCKZJDLC-UHFFFAOYSA-N,inchi
89-00-9(2),CASRN,GJAWHXHKYYXBSV-UHFFFAOYSA-N,inchi
89-02-1(2),CASRN,OVOJUAKDTOOXRF-UHFFFAOYSA-N,inchi
89-04-3(2),CASRN,JNXDCMUUZNIWPQ-UHFFFAOYSA-N,inchi
89-05-4(2),CASRN,CYIDZMCFTVVTJO-UHFFFAOYSA-N,inchi
89-08-7(2),CASRN,WNKQDGLSQUASME-UHFFFAOYSA-N,inchi
89-25-8(6),CASRN,QELUYTUMUWHWMC-UHFFFAOYSA-N,inchi
89-32-7(4),CASRN,ANSXAPJVJOKRDJ-UHFFFAOYSA-N,inchi
89-33-8(2),CASRN,WBFXQKNQVZMOSQ-UHFFFAOYSA-N,inchi
89-36-1(2),CASRN,CWJQQASJVVAXKL-UHFFFAOYSA-N,inchi
89-40-7(2),CASRN,ANYWGXDASKQYAD-UHFFFAOYSA-N,inchi
89-46-3(2),CASRN,SJOXEWUZWQYCGL-UHFFFAOYSA-N,inchi
89-57-6(6),CASRN,KBOPZPXVLCULAV-UHFFFAOYSA-N,inchi
89-58-7(2),CASRN,BSFHJMGROOFSRA-UHFFFAOYSA-N,inchi
89-62-3(4),CASRN,DLURHXYXQYMPLT-UHFFFAOYSA-N,inchi
89-63-4(2),CASRN,PBGKNXWGYQPUJK-UHFFFAOYSA-N,inchi
89-68-9(4),CASRN,KFZXVMNBUMVKLN-UHFFFAOYSA-N,inchi
89-69-0(2),CASRN,IBRBMZRLVYKVRF-UHFFFAOYSA-N,inchi
89-71-4(2),CASRN,WVWZECQNFWFVFW-UHFFFAOYSA-N,inchi
89-72-5(4),CASRN,NGFPWHGISWUQOI-UHFFFAOYSA-N,inchi
"89-78-1(8), 2216-51-5(4), 1490-04-6(4)",CASRN,NOOLISFMXDJSKH-UHFFFAOYSA-N,inchi
89-79-2(2),CASRN,ZYTMANIQRDEHIO-UHFFFAOYSA-N,inchi
89-82-7(2),CASRN,NZGWDASTMWDZIW-UHFFFAOYSA-N,inchi
89-83-8(4),CASRN,MGSRCZKZVOBKFT-UHFFFAOYSA-N,inchi
89-86-1(2),CASRN,UIAFKZKHHVMJGS-UHFFFAOYSA-N,inchi
89-87-2(4),CASRN,BBUPBICWUURTNP-UHFFFAOYSA-N,inchi
89-98-5(2),CASRN,FPYUJUBAXZAQNL-UHFFFAOYSA-N,inchi
89197-32-0(2),CASRN,RATZLMXRALDSJW-UHFFFAOYSA-N,inchi
89226-75-5(2),CASRN,PIRWHBVBBBZNKG-UHFFFAOYSA-N,inchi
893-01-6(2),CASRN,KHXBULXCCPIELT-DCIPZJNNSA-N,inchi
"89365-50-4(2), 94749-08-3(2)",CASRN,GIIZNNXWQWCKIB-UHFFFAOYSA-N,inchi
89396-94-1(2),CASRN,KLZWOWYOHUKJIG-UHFFFAOYSA-N,inchi
894-71-3(2),CASRN,PHVGLTMQBUFIQQ-UHFFFAOYSA-N,inchi
89419-40-9(2),CASRN,PXUIZULXJVRBPC-UHFFFAOYSA-N,inchi
"89565-68-4(2), 115626-53-4(2)",CASRN,ZNRGQMMCGHDTEI-UHFFFAOYSA-N,inchi
89667-40-3(2),CASRN,UWPBQLKEHGGKKD-GZTJUZNOSA-N,inchi
89778-27-8(4),CASRN,XFCLJVABOIYOMF-QPLCGJKRSA-N,inchi
89785-84-2(2),CASRN,LPQZKKCYTLCDGQ-UHFFFAOYSA-N,inchi
89796-99-6(2),CASRN,MNIPYSSQXLZQLJ-UHFFFAOYSA-N,inchi
898128-45-5(2),CASRN,QDNMBJXNLJFNHT-UHFFFAOYSA-N,inchi
90-00-6(4),CASRN,IXQGCWUGDFDQMF-UHFFFAOYSA-N,inchi
90-01-7(2),CASRN,CQRYARSYNCAZFO-UHFFFAOYSA-N,inchi
90-02-8(4),CASRN,SMQUZDBALVYZAC-UHFFFAOYSA-N,inchi
"90-04-0(4), 134-29-2(4)",CASRN,VMPITZXILSNTON-UHFFFAOYSA-N,inchi
"90-05-1(6), 8021-39-4(2)",CASRN,LHGVFZTZFXWLCP-UHFFFAOYSA-N,inchi
90-12-0(4),CASRN,QPUYECUOLPXSFR-UHFFFAOYSA-N,inchi
90-13-1(2),CASRN,JTPNRXUCIXHOKM-UHFFFAOYSA-N,inchi
90-15-3(4),CASRN,KJCVRFUGPWSIIH-UHFFFAOYSA-N,inchi
90-15-3(5),CASRN,KJCVRFUGPWSIIH-UHFFFAOYSA-N,inchi
90-16-4(4),CASRN,DMSSTTLDFWKBSX-UHFFFAOYSA-N,inchi
90-17-5(2),CASRN,JKRWZLOCPLZZEI-UHFFFAOYSA-N,inchi
90-22-2(2),CASRN,UPPMZCXMQRVMME-UHFFFAOYSA-N,inchi
90-30-2(4),CASRN,XQVWYOYUZDUNRW-UHFFFAOYSA-N,inchi
"90-30-2(4), 219315-45-4(1)",CASRN,XQVWYOYUZDUNRW-UHFFFAOYSA-N,inchi
"90-33-5(4), 103764-33-6(2)",CASRN,HSHNITRMYYLLCV-UHFFFAOYSA-N,inchi
90-39-1(2),CASRN,SLRCCWJSBJZJBV-UHFFFAOYSA-N,inchi
90-41-5(2),CASRN,TWBPWBPGNQWFSJ-UHFFFAOYSA-N,inchi
90-42-6(2),CASRN,UOBQDYFTAJKQAL-UHFFFAOYSA-N,inchi
90-44-8(2),CASRN,RJGDLRCDCYRQOQ-UHFFFAOYSA-N,inchi
90-47-1(2),CASRN,JNELGWHKGNBSMD-UHFFFAOYSA-N,inchi
90-49-3(4),CASRN,AJOQSQHYDOFIOX-UHFFFAOYSA-N,inchi
90-51-7(2),CASRN,HBZVNWNSRNTWPS-UHFFFAOYSA-N,inchi
90-54-0(2),CASRN,OEGDFSLNGABBKJ-UHFFFAOYSA-N,inchi
90-69-7(2),CASRN,MXYUKLILVYORSK-UHFFFAOYSA-N,inchi
90-72-2(4),CASRN,AHDSRXYHVZECER-UHFFFAOYSA-N,inchi
90-80-2(4),CASRN,PHOQVHQSTUBQQK-UHFFFAOYSA-N,inchi
90-87-9(2),CASRN,UFOUDYPOSJJEDJ-UHFFFAOYSA-N,inchi
90-94-8(4),CASRN,VVBLNCFGVYUYGU-UHFFFAOYSA-N,inchi
90-98-2(2),CASRN,OKISUZLXOYGIFP-UHFFFAOYSA-N,inchi
9002-93-1(4),CASRN,JYCQQPHGFMYQCF-UHFFFAOYSA-N,inchi
9002-96-4(2),CASRN,AOBORMOPSGHCAX-UHFFFAOYSA-N,inchi
9003-11-6(2),CASRN,OQNWUUGFAWNUME-UHFFFAOYSA-N,inchi
90038-01-0(2),CASRN,RHDJRPPFURBGLQ-UHFFFAOYSA-N,inchi
9004-38-0(2),CASRN,DMNFZTKVDDFCQE-UHFFFAOYSA-N,inchi
9004-61-9(2),CASRN,KIUKXJAPPMFGSW-UHFFFAOYSA-N,inchi
9004-82-4(2),CASRN,QTDIEDOANJISNP-UHFFFAOYSA-N,inchi
9004-96-0(2),CASRN,MUHFRORXWCGZGE-KTKRTIGZSA-N,inchi
9004-98-2(2),CASRN,KWVPFECTOKLOBL-KTKRTIGZSA-N,inchi
9005-00-9(2),CASRN,ICIDSZQHPUZUHC-UHFFFAOYSA-N,inchi
9005-27-0(2),CASRN,MLTFKRFUQNLDIU-UHFFFAOYSA-N,inchi
9005-65-6(2),CASRN,RGPBUVUVZKQNHD-MDZDMXLPSA-N,inchi
9005-67-8(2),CASRN,CRBBOOXGHMTWOC-UHFFFAOYSA-N,inchi
9005-7-6(2),CASRN,NKSOSPOXQKNIKJ-CLFAGFIQSA-N,inchi
90098-04-7(2),CASRN,ALLWOAVDORUJLA-UHFFFAOYSA-N,inchi
9013-34-7(2),CASRN,QLAJPGCDKRPRKU-UHFFFAOYSA-N,inchi
9016-00-6(2),CASRN,SEUDSDUUJXTXSV-UHFFFAOYSA-N,inchi
"9016-87-9(2), 101-68-8(2)",CASRN,UPMLOUAZCHDJJD-UHFFFAOYSA-N,inchi
90162-60-0(2),CASRN,WHUWQSQEVISUMC-UHFFFAOYSA-N,inchi
902261-63-6(2),CASRN,YPBUATXUTLIOSC-UHFFFAOYSA-N,inchi
90274-24-1(2),CASRN,YJQZYXCXBBCEAQ-UHFFFAOYSA-N,inchi
90293-01-9(2),CASRN,QSQQPMHPCBLLGX-UHFFFAOYSA-N,inchi
90357-06-5(4),CASRN,LKJPYSCBVHEWIU-UHFFFAOYSA-N,inchi
90494-79-4(2),CASRN,WJJYZXPHLSLMGE-UHFFFAOYSA-N,inchi
905-97-5(2),CASRN,JGLWGLKNDHZFAP-UHFFFAOYSA-N,inchi
907169-79-3(2),CASRN,IFSLBHIBVNZLNQ-UHFFFAOYSA-N,inchi
90717-03-6(2),CASRN,ALZOLUNSQWINIR-UHFFFAOYSA-N,inchi
90729-43-4(2),CASRN,MJJALKDDGIKVBE-UHFFFAOYSA-N,inchi
90736-23-5(2),CASRN,KXUBAVLIJFTASZ-UHFFFAOYSA-N,inchi
90779-69-4(2),CASRN,VWXRQYYUEIYXCZ-UHFFFAOYSA-N,inchi
909-39-7(4),CASRN,YNZFUWZUGRBMHL-UHFFFAOYSA-N,inchi
91-08-7(2),CASRN,RUELTTOHQODFPA-UHFFFAOYSA-N,inchi
91-15-6(2),CASRN,XQZYPMVTSDWCCE-UHFFFAOYSA-N,inchi
91-16-7(2),CASRN,ABDKAPXRBAPSQN-UHFFFAOYSA-N,inchi
91-17-8(2),CASRN,NNBZCPXTIHJBJL-UHFFFAOYSA-N,inchi
91-19-0(2),CASRN,XSCHRSMBECNVNS-UHFFFAOYSA-N,inchi
91-20-3(6),CASRN,UFWIBTONFRDIAS-UHFFFAOYSA-N,inchi
91-21-4(2),CASRN,UWYZHKAOTLEWKK-UHFFFAOYSA-N,inchi
91-22-5(4),CASRN,SMWDFEZZVXVKRB-UHFFFAOYSA-N,inchi
91-23-6(4),CASRN,CFBYEGUGFPZCNF-UHFFFAOYSA-N,inchi
91-33-8(2),CASRN,NDTSRXAMMQDVSW-UHFFFAOYSA-N,inchi
91-44-1(4),CASRN,AFYCEAFSNDLKSX-UHFFFAOYSA-N,inchi
91-53-2(6),CASRN,DECIPOUIJURFOJ-UHFFFAOYSA-N,inchi
91-56-5(2),CASRN,JXDYKVIHCLTXOP-UHFFFAOYSA-N,inchi
91-57-6(2),CASRN,QIMMUPPBPVKWKM-UHFFFAOYSA-N,inchi
91-58-7(2),CASRN,CGYGETOMCSJHJU-UHFFFAOYSA-N,inchi
91-59-8(4),CASRN,JBIJLHTVPXGSAM-UHFFFAOYSA-N,inchi
91-61-2(2),CASRN,XOKMRXSMOHCNIX-UHFFFAOYSA-N,inchi
91-62-3(4),CASRN,LUYISICIYVKBTA-UHFFFAOYSA-N,inchi
91-63-4(2),CASRN,SMUQFGGVLNAIOZ-UHFFFAOYSA-N,inchi
91-64-5(6),CASRN,ZYGHJZDHTFUPRJ-UHFFFAOYSA-N,inchi
91-65-6(2),CASRN,CIXSDMKDSYXUMJ-UHFFFAOYSA-N,inchi
91-66-7(4),CASRN,GGSUCNLOZRCGPQ-UHFFFAOYSA-N,inchi
91-68-9(2),CASRN,WAVOOWVINKGEHS-UHFFFAOYSA-N,inchi
91-76-9(4),CASRN,GZVHEAJQGPRDLQ-UHFFFAOYSA-N,inchi
"91-84-9(4), 59-33-6(2)",CASRN,YECBIJXISLIIDS-UHFFFAOYSA-N,inchi
91-88-3(2),CASRN,KRNUKKZDGDAWBF-UHFFFAOYSA-N,inchi
91-93-0(2),CASRN,QZWKEPYTBWZJJA-UHFFFAOYSA-N,inchi
"91-95-2(2), 7411-49-6(2)",CASRN,HSTOKWSFWGCZMH-UHFFFAOYSA-N,inchi
91082-17-6(2),CASRN,UDKSLGIUCGAZTK-UHFFFAOYSA-N,inchi
"911-45-5(2), 50-41-9(2)",CASRN,GKIRPKYJQBWNGO-QPLCGJKRSA-N,inchi
911-65-9(2),CASRN,PXDBZSCGSQSKST-UHFFFAOYSA-N,inchi
91161-71-6(2),CASRN,DOMXUEMWDBAQBQ-WEVVVXLNSA-N,inchi
91296-86-5(2),CASRN,NOCJXYPHIIZEHN-UHFFFAOYSA-N,inchi
91296-87-6(2),CASRN,XBHBWNFJWIASRO-UHFFFAOYSA-N,inchi
91374-21-9(2),CASRN,UHSKFQJFRQCDBE-UHFFFAOYSA-N,inchi
91421-42-0(2),CASRN,VHXNKPBCCMUMSW-UHFFFAOYSA-N,inchi
"91465-08-6(2), 68085-85-8(2)",CASRN,ZXQYGBMAQZUVMI-UNOMPAQXSA-N,inchi
915-67-3(4),CASRN,IRPXADUBAQAOKL-DQRAZIAOSA-N,inchi
91503-79-6(4),CASRN,ALIVXCSEERJYHU-UHFFFAOYSA-N,inchi
91599-74-5(2),CASRN,JEEWYTNVHFSNBZ-UHFFFAOYSA-N,inchi
91648-24-7(2),CASRN,FYRWKWGEFZTOQI-UHFFFAOYSA-N,inchi
918-00-3(2),CASRN,SMZHKGXSEAGRTI-UHFFFAOYSA-N,inchi
91832-40-5(4),CASRN,ARLUIXDNJOUYAM-UHFFFAOYSA-N,inchi
918639-10-8(2),CASRN,UBPYILGKFZZVDX-UHFFFAOYSA-N,inchi
919-30-2(4),CASRN,WYTZZXDRDKSJID-UHFFFAOYSA-N,inchi
919-31-3(4),CASRN,GBQYMXVQHATSCC-UHFFFAOYSA-N,inchi
91940-87-3(2),CASRN,KEDQCFRVSHYKLR-UHFFFAOYSA-N,inchi
92-00-2(2),CASRN,MVQUJEUCFOGFJU-UHFFFAOYSA-N,inchi
92-04-6(2),CASRN,MXORDJXBRHNWBE-UHFFFAOYSA-N,inchi
92-06-8(4),CASRN,YJTKZCDBKVTVBY-UHFFFAOYSA-N,inchi
92-13-7(2),CASRN,QCHFTSOMWOSFHM-UHFFFAOYSA-N,inchi
92-15-9(4),CASRN,KYYRTDXOHQYZPO-UHFFFAOYSA-N,inchi
92-31-9(2),CASRN,RQNADZJRELIICT-UHFFFAOYSA-N,inchi
92-43-3(2),CASRN,CMCWWLVWPDLCRM-UHFFFAOYSA-N,inchi
92-48-8(4),CASRN,FXFYOPQLGGEACP-UHFFFAOYSA-N,inchi
92-51-3(2),CASRN,WVIIMZNLDWSIRH-UHFFFAOYSA-N,inchi
92-52-4(4),CASRN,ZUOUZKKEUPVFJK-UHFFFAOYSA-N,inchi
92-59-1(2),CASRN,HSZCJVZRHXPCIA-UHFFFAOYSA-N,inchi
92-66-0(2),CASRN,PKJBWOWQJHHAHG-UHFFFAOYSA-N,inchi
92-68-2(2),CASRN,JLYNSPSTPQAEAX-UHFFFAOYSA-N,inchi
92-69-3(4),CASRN,YXVFYQXJAXKLAK-UHFFFAOYSA-N,inchi
92-70-6(4),CASRN,ALKYHXVLJMQRLQ-UHFFFAOYSA-N,inchi
92-84-2(4),CASRN,WJFKNYWRSNBZNX-UHFFFAOYSA-N,inchi
"92-87-5(4), 531-85-1(2)",CASRN,HFACYLZERDEVSX-UHFFFAOYSA-N,inchi
92-92-2(2),CASRN,NNJMFJSKMRYHSR-UHFFFAOYSA-N,inchi
92-94-4(2),CASRN,XJKSTNDFUHDPQJ-UHFFFAOYSA-N,inchi
921-03-9(2),CASRN,ZWILTCXCTVMANU-UHFFFAOYSA-N,inchi
921-20-0(2),CASRN,WPTUDAOQIXOMIQ-UHFFFAOYSA-N,inchi
92146-82-2(2),CASRN,YGIRNXMYJLWFLH-UHFFFAOYSA-N,inchi
"923-26-2(2), 27813-02-1(2), 25703-79-1(2)",CASRN,VHSHLMUCYSAUQU-UHFFFAOYSA-N,inchi
924-16-3(4),CASRN,YGJHZCLPZAZIHH-UHFFFAOYSA-N,inchi
924-49-2(2),CASRN,YQGDEPYYFWUPGO-UHFFFAOYSA-N,inchi
924-88-9(2),CASRN,YPLYFEUBZLLLIY-UHFFFAOYSA-N,inchi
926-06-7(2),CASRN,SWWHCQCMVCPLEQ-UHFFFAOYSA-N,inchi
926-39-6(2),CASRN,WSYUEVRAMDSJKL-UHFFFAOYSA-N,inchi
926-57-8(2),CASRN,WLIADPFXSACYLS-RQOWECAXSA-N,inchi
92623-83-1(2),CASRN,MEUQWHZOUDZXHH-UHFFFAOYSA-N,inchi
928-95-0(2),CASRN,ZCHHRLHTBGRGOT-SNAWJCMRSA-N,inchi
928-97-2(2),CASRN,UFLHIIWVXFIJGU-ONEGZZNKSA-N,inchi
92841-65-1(2),CASRN,BGPAZBKCZVVZGF-UHFFFAOYSA-N,inchi
929-06-6(4),CASRN,GIAFURWZWWWBQT-UHFFFAOYSA-N,inchi
929-59-9(2),CASRN,IWBOPFCKHIJFMS-UHFFFAOYSA-N,inchi
92953-10-1(2),CASRN,WPSYTTKBGAZSCX-UHFFFAOYSA-N,inchi
929601-09-2(2),CASRN,RDJQCOBTKKAQAH-UHFFFAOYSA-N,inchi
93-00-5(2),CASRN,SEMRCUIXRUXGJX-UHFFFAOYSA-N,inchi
93-04-9(2),CASRN,LUZDYPLAQQGJEA-UHFFFAOYSA-N,inchi
93-05-0(2),CASRN,QNGVNLMMEQUVQK-UHFFFAOYSA-N,inchi
93-08-3(2),CASRN,XSAYZAUNJMRRIR-UHFFFAOYSA-N,inchi
93-14-1(4),CASRN,HSRJKNPTNIJEKV-UHFFFAOYSA-N,inchi
93-15-2(4),CASRN,ZYEMGPIYFIJGTP-UHFFFAOYSA-N,inchi
93-28-7(1),CASRN,SCCDQYPEOIRVGX-UHFFFAOYSA-N,inchi
93-30-1(2),CASRN,OEHAYUOVELTAPG-UHFFFAOYSA-N,inchi
93-46-9(4),CASRN,VETPHHXZEJAYOB-UHFFFAOYSA-N,inchi
93-47-0(2),CASRN,HPXIKMBHOXLFOR-LICLKQGHSA-N,inchi
93-51-6(2),CASRN,PETRWTHZSKVLRE-UHFFFAOYSA-N,inchi
93-54-9(2),CASRN,DYUQAZSOFZSPHD-UHFFFAOYSA-N,inchi
93-55-0(2),CASRN,KRIOVPPHQSLHCZ-UHFFFAOYSA-N,inchi
93-56-1(2),CASRN,PWMWNFMRSKOCEY-UHFFFAOYSA-N,inchi
93-58-3(4),CASRN,QPJVMBTYPHYUOC-UHFFFAOYSA-N,inchi
93-60-7(4),CASRN,YNBADRVTZLEFNH-UHFFFAOYSA-N,inchi
93-65-2(4),CASRN,WNTGYJSOUMFZEP-UHFFFAOYSA-N,inchi
93-68-5(4),CASRN,TVZIWRMELPWPPR-UHFFFAOYSA-N,inchi
93-69-6(2),CASRN,SQZCAOHYQSOZCE-UHFFFAOYSA-N,inchi
93-72-1(2),CASRN,ZLSWBLPERHFHIS-UHFFFAOYSA-N,inchi
93-76-5(4),CASRN,SMYMJHWAQXWPDB-UHFFFAOYSA-N,inchi
93-83-4(2),CASRN,LPMBTLLQQJBUOO-KTKRTIGZSA-N,inchi
93-89-0(2),CASRN,MTZQAGJQAFMTAQ-UHFFFAOYSA-N,inchi
93-91-4(2),CASRN,CVBUKMMMRLOKQR-UHFFFAOYSA-N,inchi
93-92-5(2),CASRN,QUMXDOLUJCHOAY-UHFFFAOYSA-N,inchi
93-97-0(2),CASRN,CHIHQLCVLOXUJW-UHFFFAOYSA-N,inchi
93-99-2(4),CASRN,FCJSHPDYVMKCHI-UHFFFAOYSA-N,inchi
930-22-3(2),CASRN,GXBYFVGCMPJVJX-UHFFFAOYSA-N,inchi
930-55-2(4),CASRN,WNYADZVDBIBLJJ-UHFFFAOYSA-N,inchi
930-68-7(2),CASRN,FWFSEYBSWVRWGL-UHFFFAOYSA-N,inchi
931-19-1(2),CASRN,CFZKDDTWZYUZKS-UHFFFAOYSA-N,inchi
931-36-2(2),CASRN,ULKLGIFJWFIQFF-UHFFFAOYSA-N,inchi
931-97-5(2),CASRN,ZDBRPNZOTCHLSP-UHFFFAOYSA-N,inchi
93106-60-6(2),CASRN,SPFYMRJSYKOXGV-UHFFFAOYSA-N,inchi
93107-08-5(2),CASRN,MYSWGUAQZAJSOK-UHFFFAOYSA-N,inchi
932-83-2(2),CASRN,UZMVSVHUTOAPTD-UHFFFAOYSA-N,inchi
933-52-8(2),CASRN,RGCDVHNITQEYPO-UHFFFAOYSA-N,inchi
933-75-5(4),CASRN,XGCHAIDDPMFRLJ-UHFFFAOYSA-N,inchi
933-78-8(2),CASRN,WWGQHTJIFOQAOC-UHFFFAOYSA-N,inchi
934-00-9(2),CASRN,LPYUENQFPVNPHY-UHFFFAOYSA-N,inchi
934-32-7(4),CASRN,JWYUFVNJZUSCSM-UHFFFAOYSA-N,inchi
"93413-69-5(2), 99300-78-4(2)",CASRN,PNVNVHUZROJLTJ-UHFFFAOYSA-N,inchi
93479-97-1(2),CASRN,WIGIZIANZCJQQY-UHFFFAOYSA-N,inchi
935-69-3(2),CASRN,HCGHYQLFMPXSDU-UHFFFAOYSA-N,inchi
935-95-5(2),CASRN,KEWNKZNZRIAIAK-UHFFFAOYSA-N,inchi
93793-83-0(4),CASRN,SMTZFNFIKUPEJC-UHFFFAOYSA-N,inchi
938-16-9(2),CASRN,OECPUBRNDKXFDX-UHFFFAOYSA-N,inchi
938-73-8(4),CASRN,SBNKFTQSBPKMBZ-UHFFFAOYSA-N,inchi
938-85-2(2),CASRN,RFLVMTUMFYRZCB-UHFFFAOYSA-N,inchi
939-48-0(2),CASRN,FEXQDZTYJVXMOS-UHFFFAOYSA-N,inchi
939-97-9(2),CASRN,OTXINXDGSUFPNU-UHFFFAOYSA-N,inchi
"93957-55-2(2), 93957-54-1(2)",CASRN,FJLGEFLZQAZZCD-VAWYXSNFSA-N,inchi
94-02-0(2),CASRN,GKKZMYDNDDMXSE-UHFFFAOYSA-N,inchi
94-07-5(4),CASRN,YRCWQPVGYLYSOX-UHFFFAOYSA-N,inchi
94-08-6(2),CASRN,NWPWRAWAUYIELB-UHFFFAOYSA-N,inchi
94-09-7(4),CASRN,BLFLLBZGZJTVJG-UHFFFAOYSA-N,inchi
94-10-0(2),CASRN,GAWOVNGQYQVFLI-UHFFFAOYSA-N,inchi
94-11-1(4),CASRN,WHOKDONDRZNCBC-UHFFFAOYSA-N,inchi
94-12-2(2),CASRN,NBFQYHKHPBMJJV-UHFFFAOYSA-N,inchi
94-13-3(4),CASRN,QELSKZZBTMNZEB-UHFFFAOYSA-N,inchi
94-13-3(7),CASRN,QELSKZZBTMNZEB-UHFFFAOYSA-N,inchi
94-14-4(2),CASRN,PUYOAVGNCWPANW-UHFFFAOYSA-N,inchi
94-18-8(6),CASRN,MOZDKDIOPSPTBH-UHFFFAOYSA-N,inchi
94-19-9(2),CASRN,SVYBEBLNQGDRHF-UHFFFAOYSA-N,inchi
94-20-2(6),CASRN,RKWGIWYCVPQPMF-UHFFFAOYSA-N,inchi
94-23-5(2),CASRN,OWWVHQUOYSPNNE-UHFFFAOYSA-N,inchi
94-26-8(9),CASRN,QFOHBWFCKVYLES-UHFFFAOYSA-N,inchi
94-28-0(4),CASRN,FRQDZJMEHSJOPU-UHFFFAOYSA-N,inchi
94-36-0(2),CASRN,OMPJBNCRMGITSC-UHFFFAOYSA-N,inchi
94-44-0(2),CASRN,KVYGGMBOZFWZBQ-UHFFFAOYSA-N,inchi
94-45-1(2),CASRN,KOYJWFGMEBETBU-UHFFFAOYSA-N,inchi
94-46-2(2),CASRN,MLLAPOCBLWUFAP-UHFFFAOYSA-N,inchi
94-47-3(2),CASRN,OSORMYZMWHVFOZ-UHFFFAOYSA-N,inchi
94-52-0(4),CASRN,XPAZGLFMMUODDK-UHFFFAOYSA-N,inchi
94-59-7(4),CASRN,ZMQAAUBTXCXRIC-UHFFFAOYSA-N,inchi
"94-60-0(4), 3399-22-2(2)",CASRN,LNGAGQAGYITKCW-UHFFFAOYSA-N,inchi
94-62-2(4),CASRN,MXXWOMGUGJBKIW-YPCIICBESA-N,inchi
94-70-2(2),CASRN,ULHFFAFDSSHFDA-UHFFFAOYSA-N,inchi
94-71-3(2),CASRN,MOEFFSWKSMRFRQ-UHFFFAOYSA-N,inchi
"94-74-6(4), 3653-48-3(2)",CASRN,WHKUVVPPKQRRBV-UHFFFAOYSA-N,inchi
"94-75-7(4), 2702-72-9(4), 2008-39-1(2)",CASRN,OVSKIKFHRZPJSS-UHFFFAOYSA-N,inchi
94-80-4(4),CASRN,UQMRAFJOBWOFNS-UHFFFAOYSA-N,inchi
94-81-5(4),CASRN,LLWADFLAOKUBDR-UHFFFAOYSA-N,inchi
"94-82-6(2), 10433-59-7(2)",CASRN,YIVXMZJTEQBPQO-UHFFFAOYSA-N,inchi
94-91-7(2),CASRN,RURPJGZXBHYNEM-GDAWTGGTSA-N,inchi
94-96-2(6),CASRN,RWLALWYNXFYRGW-UHFFFAOYSA-N,inchi
94-97-3(2),CASRN,PZBQVZFITSVHAW-UHFFFAOYSA-N,inchi
94-99-5(2),CASRN,IRSVDHPYXFLLDS-UHFFFAOYSA-N,inchi
940-69-2(2),CASRN,FCCDDURTIIUXBY-UHFFFAOYSA-N,inchi
94055-76-2(2),CASRN,DYZJXZOQQRXDLE-UHFFFAOYSA-O,inchi
941-69-5(2),CASRN,HIDBROSJWZYGSZ-UHFFFAOYSA-N,inchi
943-41-9(2),CASRN,AMTRFSFECFPSHF-UHFFFAOYSA-N,inchi
943-89-5(2),CASRN,AFDXODALSZRGIH-QPJJXVBHSA-N,inchi
94317-64-3(2),CASRN,HEPPIYNOUFWEPP-UHFFFAOYSA-N,inchi
94361-06-5(2),CASRN,UFNOUKDBUJZYDE-UHFFFAOYSA-N,inchi
944-22-9(2),CASRN,KVGLBTYUCJYMND-UHFFFAOYSA-N,inchi
94497-51-5(2),CASRN,MUTNCGKQJGXKEM-UHFFFAOYSA-N,inchi
94535-50-9(4),CASRN,TVZCRIROJQEVOT-UHFFFAOYSA-N,inchi
947-02-4(2),CASRN,ILBONRFSLATCRE-UHFFFAOYSA-N,inchi
947-04-6(4),CASRN,JHWNWJKBPDFINM-UHFFFAOYSA-N,inchi
947-19-3(2),CASRN,QNODIIQQMGDSEF-UHFFFAOYSA-N,inchi
94739-29-4(2),CASRN,NLQULMCCIHTCMR-UHFFFAOYSA-N,inchi
94746-78-8(2),CASRN,PSWBKVWMVVCATC-UHFFFAOYSA-N,inchi
94841-17-5(2),CASRN,HRWCVUIFMSZDJS-UHFFFAOYSA-N,inchi
95-06-7(2),CASRN,XJCLWVXTCRQIDI-UHFFFAOYSA-N,inchi
95-13-6(2),CASRN,YBYIRNPNPLQARY-UHFFFAOYSA-N,inchi
95-14-7(4),CASRN,QRUDEWIWKLJBPS-UHFFFAOYSA-N,inchi
95-16-9(4),CASRN,IOJUPLGTWVMSFF-UHFFFAOYSA-N,inchi
95-25-0(2),CASRN,TZFWDZFKRBELIQ-UHFFFAOYSA-N,inchi
95-27-2(2),CASRN,WGMYEOIMVYADRJ-UHFFFAOYSA-N,inchi
95-31-8(2),CASRN,IUJLOAKJZQBENM-UHFFFAOYSA-N,inchi
95-32-9(4),CASRN,QRYFCNPYGUORTK-UHFFFAOYSA-N,inchi
95-33-0(6),CASRN,DEQZTKGFXNUBJL-UHFFFAOYSA-N,inchi
95-45-4(2),CASRN,WTPHDERCPWEBOS-UHFFFAOYSA-N,inchi
95-46-5(2),CASRN,QSSXJPIWXQTSIX-UHFFFAOYSA-N,inchi
95-47-6(2),CASRN,CTQNGGLPUBDAKN-UHFFFAOYSA-N,inchi
95-48-7(4),CASRN,QWVGKYWNOKOFNN-UHFFFAOYSA-N,inchi
95-49-8(4),CASRN,IBSQPLPBRSHTTG-UHFFFAOYSA-N,inchi
95-50-1(6),CASRN,RFFLAFLAYFXFSW-UHFFFAOYSA-N,inchi
95-51-2(2),CASRN,AKCRQHGQIJBRMN-UHFFFAOYSA-N,inchi
"95-53-4(4), 636-21-5(4)",CASRN,RNVCVTLRINQCPJ-UHFFFAOYSA-N,inchi
95-55-6(2),CASRN,CDAWCLOXVUBKRW-UHFFFAOYSA-N,inchi
95-57-8(4),CASRN,ISPYQTSUDJAMAB-UHFFFAOYSA-N,inchi
95-63-6(4),CASRN,GWHJZXXIDMPWGX-UHFFFAOYSA-N,inchi
95-64-7(2),CASRN,DOLQYFPDPKPQSS-UHFFFAOYSA-N,inchi
95-65-8(4),CASRN,YCOXTKKNXUZSKD-UHFFFAOYSA-N,inchi
"95-68-1(2), 21436-96-4(2)",CASRN,CZZZABOKJQXEBO-UHFFFAOYSA-N,inchi
"95-69-2(2), 3165-93-3(4)",CASRN,CXNVOWPRHWWCQR-UHFFFAOYSA-N,inchi
95-71-6(2),CASRN,CNHDIAIOKMXOLK-UHFFFAOYSA-N,inchi
95-73-8(2),CASRN,FUNUTBJJKQIVSY-UHFFFAOYSA-N,inchi
95-74-9(4),CASRN,RQKFYFNZSHWXAW-UHFFFAOYSA-N,inchi
95-76-1(4),CASRN,SDYWXFYBZPNOFX-UHFFFAOYSA-N,inchi
95-77-2(2),CASRN,WDNBURPWRNALGP-UHFFFAOYSA-N,inchi
95-78-3(2),CASRN,VOWZNBNDMFLQGM-UHFFFAOYSA-N,inchi
95-79-4(2),CASRN,WRZOMWDJOLIVQP-UHFFFAOYSA-N,inchi
95-80-7(4),CASRN,VOZKAJLKRJDJLL-UHFFFAOYSA-N,inchi
95-82-9(2),CASRN,AVYGCQXNNJPXSS-UHFFFAOYSA-N,inchi
95-83-0(4),CASRN,BXIXXXYDDJVHDL-UHFFFAOYSA-N,inchi
95-84-1(2),CASRN,ZMXYNJXDULEQCK-UHFFFAOYSA-N,inchi
95-85-2(2),CASRN,SWFNPENEBHAHEB-UHFFFAOYSA-N,inchi
95-87-4(4),CASRN,NKTOLZVEWDHZMU-UHFFFAOYSA-N,inchi
95-92-1(2),CASRN,WYACBZDAHNBPPB-UHFFFAOYSA-N,inchi
95-93-2(4),CASRN,SQNZJJAZBFDUTD-UHFFFAOYSA-N,inchi
95-94-3(4),CASRN,JHBKHLUZVFWLAG-UHFFFAOYSA-N,inchi
95-96-5(2),CASRN,JJTUDXZGHPGLLC-UHFFFAOYSA-N,inchi
950-35-6(2),CASRN,BAFQDKPJKOLXFZ-UHFFFAOYSA-N,inchi
950-37-8(2),CASRN,MEBQXILRKZHVCX-UHFFFAOYSA-N,inchi
952-54-5(2),CASRN,GVTLAVKAVSKBKK-UHFFFAOYSA-N,inchi
95233-18-4(2),CASRN,UYFLKEIEOREOFC-UHFFFAOYSA-N,inchi
95266-40-3(2),CASRN,FNNWEGFGOSAQMF-UHFFFAOYSA-N,inchi
954-21-2(2),CASRN,DIZKGJLRHOCMTP-UHFFFAOYSA-N,inchi
956-03-6(2),CASRN,VXJABHHJLXLNMP-UHFFFAOYSA-N,inchi
95635-55-5(2),CASRN,XKLMZUWKNUAPSZ-UHFFFAOYSA-N,inchi
957-51-7(4),CASRN,QAHFOPIILNICLA-UHFFFAOYSA-N,inchi
957-56-2(2),CASRN,NASXCEITKQITLD-UHFFFAOYSA-N,inchi
957-68-6(2),CASRN,HSHGZXNAXBPPDL-UHFFFAOYSA-N,inchi
95737-68-1(2),CASRN,NHDHVHZZCFYRSB-UHFFFAOYSA-N,inchi
95847-70-4(2),CASRN,TZJUVVIWVWFLCD-UHFFFAOYSA-N,inchi
96-05-9(4),CASRN,FBCQUCJYYPMKRO-UHFFFAOYSA-N,inchi
96-08-2(2),CASRN,YIEDFHHVUWKOEV-UHFFFAOYSA-N,inchi
96-09-3(4),CASRN,AWMVMTVKBNGEAK-UHFFFAOYSA-N,inchi
96-12-8(2),CASRN,WBEJYOJJBDISQU-UHFFFAOYSA-N,inchi
96-13-9(2),CASRN,QWVCIORZLNBIIC-UHFFFAOYSA-N,inchi
96-17-3(4),CASRN,BYGQBDHUGHBGMD-UHFFFAOYSA-N,inchi
96-18-4(4),CASRN,CFXQEHVMCRXUSD-UHFFFAOYSA-N,inchi
96-22-0(2),CASRN,FDPIMTJIUBPUKL-UHFFFAOYSA-N,inchi
96-23-1(4),CASRN,DEWLEGDTCGBNGU-UHFFFAOYSA-N,inchi
96-24-2(4),CASRN,SSZWWUDQMAHNAQ-UHFFFAOYSA-N,inchi
96-27-5(4),CASRN,PJUIMOJAAPLTRJ-UHFFFAOYSA-N,inchi
96-29-7(4),CASRN,GRFXXWWBAWFSRF-UHFFFAOYSA-N,inchi
96-31-1(2),CASRN,MGJKQDOBUOMPEZ-UHFFFAOYSA-N,inchi
96-33-3(2),CASRN,BAPJBEWLBFYGME-UHFFFAOYSA-N,inchi
96-37-7(2),CASRN,GDOPTJXRTPNYNR-UHFFFAOYSA-N,inchi
96-41-3(4),CASRN,XCIXKGXIYUWCLL-UHFFFAOYSA-N,inchi
96-45-7(4),CASRN,PDQAZBWRQCGBEV-UHFFFAOYSA-N,inchi
96-47-9(2),CASRN,JWUJQDFVADABEY-UHFFFAOYSA-N,inchi
96-48-0(4),CASRN,YEJRWHAVMIAJKC-UHFFFAOYSA-N,inchi
96-49-1(2),CASRN,KMTRUDSVKNLOMY-UHFFFAOYSA-N,inchi
96-50-4(4),CASRN,RAIPHJJURHTUIC-UHFFFAOYSA-N,inchi
96-62-8(2),CASRN,MMDWBZHWHFGVHF-UHFFFAOYSA-N,inchi
96-69-5(2),CASRN,HXIQYSLFEXIOAV-UHFFFAOYSA-N,inchi
96-70-8(2),CASRN,LZHCVNIARUXHAL-UHFFFAOYSA-N,inchi
96-76-4(4),CASRN,ICKWICRCANNIBI-UHFFFAOYSA-N,inchi
96-80-0(2),CASRN,ZYWUVGFIXPNBDL-UHFFFAOYSA-N,inchi
96-82-2(2),CASRN,JYTUSYBCFIZPBE-UHFFFAOYSA-N,inchi
96-84-4(2),CASRN,GOIQOQCNFWYSTQ-UHFFFAOYSA-N,inchi
96-91-3(2),CASRN,QXYMVUZOGFVPGH-UHFFFAOYSA-N,inchi
96-96-8(2),CASRN,QFMJFXFXQAFGBO-UHFFFAOYSA-N,inchi
96-98-0(2),CASRN,BBEWSMNRCUXQRF-UHFFFAOYSA-N,inchi
960-71-4(2),CASRN,MXSVLWZRHLXFKH-UHFFFAOYSA-N,inchi
96020-91-6(2),CASRN,VLCYCQAOQCDTCN-UHFFFAOYSA-N,inchi
96036-03-2(2),CASRN,DMJNNHOOLUXYBV-UHFFFAOYSA-N,inchi
96182-53-5(2),CASRN,AWYOMXWDGWUJHS-UHFFFAOYSA-N,inchi
962-58-3(2),CASRN,VBLJFQYCTRKKKF-UHFFFAOYSA-N,inchi
963-14-4(2),CASRN,FFJIWWBSBCOKLS-UHFFFAOYSA-N,inchi
963-39-3(2),CASRN,GGRWZBVSUZZMKS-UHFFFAOYSA-N,inchi
96346-61-1(2),CASRN,IEXUMDBQLIVNHZ-UHFFFAOYSA-N,inchi
96346-61-1(3),CASRN,IEXUMDBQLIVNHZ-UHFFFAOYSA-N,inchi
964-52-3(2),CASRN,VRYMTAVOXVTQEF-UHFFFAOYSA-N,inchi
96489-71-3(2),CASRN,DWFZBUWUXWZWKD-UHFFFAOYSA-N,inchi
965-52-6(2),CASRN,YCWSUKQGVSGXJO-UHFFFAOYSA-N,inchi
965-90-2(2),CASRN,AOXRBFRFYPMWLR-UHFFFAOYSA-N,inchi
96568-04-6(2),CASRN,IEUHWNLWVMLHHC-UHFFFAOYSA-N,inchi
96686-51-0(2),CASRN,AKNLFHJQVCPHHO-UHFFFAOYSA-N,inchi
96744-75-1(2),CASRN,PGZRDDYTKFZSFR-UHFFFAOYSA-N,inchi
968-61-6(2),CASRN,LWPXJPFOEPMIRG-UHFFFAOYSA-N,inchi
968-81-0(6),CASRN,VGZSUPCWNCWDAN-UHFFFAOYSA-N,inchi
968-93-4(2),CASRN,BPEWUONYVDABNZ-UHFFFAOYSA-N,inchi
96829-58-2(2),CASRN,AHLBNYSZXLDEJQ-UHFFFAOYSA-N,inchi
97-00-7(4),CASRN,VYZAHLCBVHPDDF-UHFFFAOYSA-N,inchi
97-02-9(2),CASRN,LXQOQPGNCGEELI-UHFFFAOYSA-N,inchi
97-16-5(4),CASRN,OZFAFGSSMRRTDW-UHFFFAOYSA-N,inchi
97-17-6(2),CASRN,WGOWCPGHOCIHBW-UHFFFAOYSA-N,inchi
"97-18-7(6), 6385-58-6(2)",CASRN,JFIOVJDNOJYLKP-UHFFFAOYSA-N,inchi
97-23-4(6),CASRN,MDNWOSOZYLHTCG-UHFFFAOYSA-N,inchi
97-24-5(4),CASRN,ANUSOIHIIPAHJV-UHFFFAOYSA-N,inchi
97-30-3(2),CASRN,HOVAGTYPODGVJG-UHFFFAOYSA-N,inchi
97-32-5(2),CASRN,YKOCPBMVMBUTAX-UHFFFAOYSA-N,inchi
97-36-9(2),CASRN,HGVIAKXYAZRSEG-UHFFFAOYSA-N,inchi
97-39-2(2),CASRN,OPNUROKCUBTKLF-UHFFFAOYSA-N,inchi
97-42-7(4),CASRN,YTHRBOFHFYZBRJ-UHFFFAOYSA-N,inchi
97-44-9(2),CASRN,ODFJOVXVLFUVNQ-UHFFFAOYSA-N,inchi
97-52-9(2),CASRN,GVBHRNIWBGTNQA-UHFFFAOYSA-N,inchi
97-53-0(6),CASRN,RRAFCDWBNXTKKO-UHFFFAOYSA-N,inchi
97-54-1(6),CASRN,BJIOGJUNALELMI-ONEGZZNKSA-N,inchi
97-59-6(6),CASRN,POJWUDADGALRAB-UHFFFAOYSA-N,inchi
97-61-0(2),CASRN,OVBFMEVBMNZIBR-UHFFFAOYSA-N,inchi
97-63-2(2),CASRN,SUPCQIBBMFXVTL-UHFFFAOYSA-N,inchi
97-64-3(2),CASRN,LZCLXQDLBQLTDK-UHFFFAOYSA-N,inchi
97-65-4(4),CASRN,LVHBHZANLOWSRM-UHFFFAOYSA-N,inchi
97-72-3(2),CASRN,LSACYLWPPQLVSM-UHFFFAOYSA-N,inchi
97-77-8(6),CASRN,AUZONCFQVSMFAP-UHFFFAOYSA-N,inchi
"97-78-9(2), 137-16-6(2)",CASRN,BACYUWVYYTXETD-UHFFFAOYSA-N,inchi
97-85-8(2),CASRN,RXGUIWHIADMCFC-UHFFFAOYSA-N,inchi
97-86-9(4),CASRN,RUMACXVDVNRZJZ-UHFFFAOYSA-N,inchi
97-88-1(2),CASRN,SOGAXMICEFXMKE-UHFFFAOYSA-N,inchi
97-90-5(4),CASRN,STVZJERGLQHEKB-UHFFFAOYSA-N,inchi
97-95-0(2),CASRN,TZYRSLHNPKPEFV-UHFFFAOYSA-N,inchi
97-96-1(2),CASRN,UNNGUFMVYQJGTD-UHFFFAOYSA-N,inchi
97-99-4(4),CASRN,BSYVTEYKTMYBMK-UHFFFAOYSA-N,inchi
971-15-3(2),CASRN,HPFHYRNETZEPIV-UHFFFAOYSA-N,inchi
972-02-1(2),CASRN,OGAKLTJNUQRZJU-UHFFFAOYSA-N,inchi
97240-79-4(4),CASRN,KJADKKWYZYXHBB-UHFFFAOYSA-N,inchi
973-21-7(2),CASRN,HDWLUGYOLUHEMN-UHFFFAOYSA-N,inchi
97322-87-7(4),CASRN,GXPHKUHSUJUWKP-UHFFFAOYSA-N,inchi
97466-90-5(2),CASRN,TUFADSGTJUOBEH-UHFFFAOYSA-N,inchi
97519-39-6(2),CASRN,UNJFKXSSGBWRBZ-BHQIHCQQSA-N,inchi
976-71-6(2),CASRN,UJVLDDZCTMKXJK-UHFFFAOYSA-N,inchi
97612-24-3(6),CASRN,AADCDMQTJNYOSS-UHFFFAOYSA-N,inchi
97683-31-3(2),CASRN,NARQSHREEUXZBT-UHFFFAOYSA-N,inchi
97886-45-8(2),CASRN,YUBJPYNSGLJZPQ-UHFFFAOYSA-N,inchi
979-32-8(2),CASRN,RSEPBGGWRJCQGY-UHFFFAOYSA-N,inchi
979-32-8(4),CASRN,RSEPBGGWRJCQGY-UHFFFAOYSA-N,inchi
98-00-0(4),CASRN,XPFVYQJUAUNWIW-UHFFFAOYSA-N,inchi
98-01-1(6),CASRN,HYBBIBNJHNGZAN-UHFFFAOYSA-N,inchi
98-06-6(2),CASRN,YTZKOQUCBOVLHL-UHFFFAOYSA-N,inchi
98-07-7(4),CASRN,XEMRAKSQROQPBR-UHFFFAOYSA-N,inchi
98-08-8(2),CASRN,GETTZEONDQJALK-UHFFFAOYSA-N,inchi
98-09-9(2),CASRN,CSKNSYBAZOQPLR-UHFFFAOYSA-N,inchi
98-11-3(4),CASRN,SRSXLGNVWSONIS-UHFFFAOYSA-N,inchi
98-15-7(2),CASRN,YTCGOUNVIAWCMG-UHFFFAOYSA-N,inchi
98-16-8(4),CASRN,VIUDTWATMPPKEL-UHFFFAOYSA-N,inchi
98-29-3(4),CASRN,XESZUVZBAMCAEJ-UHFFFAOYSA-N,inchi
98-37-3(2),CASRN,ULUIMLJNTCECJU-UHFFFAOYSA-N,inchi
98-44-2(2),CASRN,LDCCBULMAFILCT-UHFFFAOYSA-N,inchi
98-46-4(2),CASRN,WHNAMGUAXHGCHH-UHFFFAOYSA-N,inchi
"98-50-0(4), 127-85-5(2)",CASRN,XKNKHVGWJDPIRJ-UHFFFAOYSA-N,inchi
98-51-1(4),CASRN,QCWXDVFBZVHKLV-UHFFFAOYSA-N,inchi
98-52-2(4),CASRN,CCOQPGVQAWPUPE-UHFFFAOYSA-N,inchi
98-53-3(2),CASRN,YKFKEYKJGVSEIX-UHFFFAOYSA-N,inchi
98-54-4(6),CASRN,QHPQWRBYOIRBIT-UHFFFAOYSA-N,inchi
98-56-6(4),CASRN,QULYNCCPRWKEMF-UHFFFAOYSA-N,inchi
98-57-7(4),CASRN,LMCOQDVJBWVNNI-UHFFFAOYSA-N,inchi
98-66-8(2),CASRN,RJWBTWIBUIGANW-UHFFFAOYSA-N,inchi
"98-67-9(2), 825-90-1(2)",CASRN,FEPBITJSIHRMRT-UHFFFAOYSA-N,inchi
98-69-1(2),CASRN,BRIXOPDYGQCZFO-UHFFFAOYSA-N,inchi
98-72-6(4),CASRN,FUUFQLXAIUOWML-UHFFFAOYSA-N,inchi
98-73-7(2),CASRN,KDVYCTOWXSLNNI-UHFFFAOYSA-N,inchi
98-79-3(2),CASRN,ODHCTXKNWHHXJC-UHFFFAOYSA-N,inchi
98-82-8(2),CASRN,RWGFKTVRMDUZSP-UHFFFAOYSA-N,inchi
98-83-9(2),CASRN,XYLMUPLGERFSHI-UHFFFAOYSA-N,inchi
98-85-1(2),CASRN,WAPNOHKVXSQRPX-UHFFFAOYSA-N,inchi
98-86-2(4),CASRN,KWOLFJPFCHCOCG-UHFFFAOYSA-N,inchi
98-87-3(4),CASRN,CAHQGWAXKLQREW-UHFFFAOYSA-N,inchi
98-88-4(2),CASRN,PASDCCFISLVPSO-UHFFFAOYSA-N,inchi
98-92-0(6),CASRN,DFPAKSUCGFBDDF-UHFFFAOYSA-N,inchi
98-94-2(2),CASRN,SVYKKECYCPFKGB-UHFFFAOYSA-N,inchi
98-95-3(6),CASRN,LQNUZADURLCDLV-UHFFFAOYSA-N,inchi
98-96-4(6),CASRN,IPEHBUMCGVEMRF-UHFFFAOYSA-N,inchi
"98-98-6(4), 14639-25-9(2)",CASRN,SIOXPEMLGUPBBT-UHFFFAOYSA-N,inchi
98007-99-9(1),CASRN,BVVFOLSZMQVDKV-UHFFFAOYSA-N,inchi
98079-52-8(4),CASRN,ZEKZLJVOYLTDKK-UHFFFAOYSA-N,inchi
982-57-0(2),CASRN,LIRCDOVJWUGTMW-UHFFFAOYSA-N,inchi
98206-09-8(2),CASRN,WVLHGCRWEHCIOT-UHFFFAOYSA-N,inchi
98319-26-7(6),CASRN,DBEPLOCGEIEOCV-UHFFFAOYSA-N,inchi
98323-83-2(2),CASRN,AFSOIHMEOKEZJF-UHFFFAOYSA-N,inchi
98330-05-3(2),CASRN,GGALEXMXDMUMDM-UHFFFAOYSA-N,inchi
985-13-7(2),CASRN,ZOWYFYXTIWQBEP-UHFFFAOYSA-N,inchi
98631-95-9(2),CASRN,OCOKWVBYZHBHLU-UHFFFAOYSA-N,inchi
98717-15-8(2),CASRN,ZKMNUMMKYBVTFN-UHFFFAOYSA-N,inchi
98730-04-2(4),CASRN,PFJJMJDEVDLPNE-UHFFFAOYSA-N,inchi
98753-19-6(2),CASRN,DKOQGJHPHLTOJR-YSMPRRRNSA-O,inchi
98769-84-7(2),CASRN,CBQGYUDMJHNJBX-UHFFFAOYSA-N,inchi
98774-23-3(2),CASRN,NFIXBCVWIPOYCD-UHFFFAOYSA-N,inchi
98886-44-3(2),CASRN,DUFVKSUJRWYZQP-UHFFFAOYSA-N,inchi
"98892-75-2(2), 227617-70-1(2), 108203-70-9(2), 402846-78-0(2), 475575-45-2(2), 765910-73-4(2)",CASRN,XUAXVBUVQVRIIQ-UHFFFAOYSA-N,inchi
98892-76-3(2),CASRN,WDXRMHIGMAONJV-UHFFFAOYSA-N,inchi
989-38-8(4),CASRN,IWWWBRIIGAXLCJ-KRUMMXJUSA-N,inchi
989-51-5(4),CASRN,WMBWREPUVVBILR-UHFFFAOYSA-N,inchi
98967-40-9(2),CASRN,RXCPQSJAVKGONC-UHFFFAOYSA-N,inchi
99-00-3(2),CASRN,IDIICHZCEIGXGB-UHFFFAOYSA-N,inchi
99-04-7(4),CASRN,GPSDUZXPYCFOSQ-UHFFFAOYSA-N,inchi
99-06-9(2),CASRN,IJFXRHURBJZNAO-UHFFFAOYSA-N,inchi
99-07-0(4),CASRN,MESJRHHDBDCQTH-UHFFFAOYSA-N,inchi
99-08-1(4),CASRN,QZYHIOPPLUPUJF-UHFFFAOYSA-N,inchi
99-09-2(2),CASRN,XJCVRTZCHMZPBD-UHFFFAOYSA-N,inchi
99-12-7(2),CASRN,BYFNZOKBMZKTSC-UHFFFAOYSA-N,inchi
99-30-9(4),CASRN,BIXZHMJUSMUDOQ-UHFFFAOYSA-N,inchi
99-45-6(2),CASRN,PZMVOUYYNKPMSI-UHFFFAOYSA-N,inchi
99-48-9(2),CASRN,BAVONGHXFVOKBV-UHFFFAOYSA-N,inchi
99-50-3(2),CASRN,YQUVCSBJEUQKSH-UHFFFAOYSA-N,inchi
99-51-4(4),CASRN,HFZKOYWDLDYELC-UHFFFAOYSA-N,inchi
99-52-5(2),CASRN,XTTIQGSLJBWVIV-UHFFFAOYSA-N,inchi
99-54-7(4),CASRN,NTBYINQTYWZXLH-UHFFFAOYSA-N,inchi
99-55-8(4),CASRN,DSBIJCMXAIKKKI-UHFFFAOYSA-N,inchi
99-56-9(4),CASRN,RAUWPNXIALNKQM-UHFFFAOYSA-N,inchi
99-57-0(4),CASRN,VLZVIIYRNMWPSN-UHFFFAOYSA-N,inchi
99-59-2(4),CASRN,NIPDVSLAMPAWTP-UHFFFAOYSA-N,inchi
99-61-6(2),CASRN,ZETIVVHRRQLWFW-UHFFFAOYSA-N,inchi
99-62-7(4),CASRN,UNEATYXSUBPPKP-UHFFFAOYSA-N,inchi
99-63-8(4),CASRN,FDQSRULYDNDXQB-UHFFFAOYSA-N,inchi
99-65-0(4),CASRN,WDCYWAQPCXBPJA-UHFFFAOYSA-N,inchi
"99-66-1(6), 1069-66-5(2)",CASRN,NIJJYAXOARWZEE-UHFFFAOYSA-N,inchi
99-71-8(4),CASRN,ZUTYZAFDFLLILI-UHFFFAOYSA-N,inchi
99-75-2(4),CASRN,QSSJZLPUHJDYKF-UHFFFAOYSA-N,inchi
99-76-3(6),CASRN,LXCFILQKKLGQFO-UHFFFAOYSA-N,inchi
99-85-4(2),CASRN,YKFLAYDHMOASIY-UHFFFAOYSA-N,inchi
99-86-5(2),CASRN,YHQGMYUVUMAZJR-UHFFFAOYSA-N,inchi
99-87-6(4),CASRN,HFPZCAJZSCWRBC-UHFFFAOYSA-N,inchi
99-89-8(2),CASRN,YQUQWHNMBPIWGK-UHFFFAOYSA-N,inchi
99-93-4(4),CASRN,TXFPEBPIARQUIG-UHFFFAOYSA-N,inchi
99-94-5(2),CASRN,LPNBBFKOUUSUDB-UHFFFAOYSA-N,inchi
99-96-7(4),CASRN,FJKROLUGYXJWQN-UHFFFAOYSA-N,inchi
99-97-8(4),CASRN,GYVGXEWAOAAJEU-UHFFFAOYSA-N,inchi
99-99-0(4),CASRN,ZPTVNYMJQHSSEA-UHFFFAOYSA-N,inchi
99011-02-6(2),CASRN,DOUYETYNHWVLEO-UHFFFAOYSA-N,inchi
992-21-2(2),CASRN,BAMTVATUENLIOP-UHFFFAOYSA-N,inchi
992-59-6(2),CASRN,PYPYDHUIORYEHW-HVMBLDELSA-N,inchi
994-05-8(2),CASRN,HVZJRWJGKQPSFL-UHFFFAOYSA-N,inchi
99464-64-9(2),CASRN,LSNWBKACGXCGAJ-UHFFFAOYSA-N,inchi
99592-39-9(2),CASRN,JLGKQTAYUIMGRK-UHFFFAOYSA-N,inchi
"996-19-0(2), 1937-19-5(2)",CASRN,HAMNKKUPIHEESI-UHFFFAOYSA-N,inchi
996-35-0(2),CASRN,VMOWKUTXPNPTEN-UHFFFAOYSA-N,inchi
99607-70-2(2),CASRN,COYBRKAVBMYYSF-UHFFFAOYSA-N,inchi
99617-34-2(2),CASRN,FEROPKNOYKURCJ-UHFFFAOYSA-N,inchi
99665-00-6(2),CASRN,UHRBTBZOWWGKMK-UHFFFAOYSA-N,inchi
99755-59-6(2),CASRN,KFQYTPMOWPVWEJ-UHFFFAOYSA-N,inchi
998-40-3(2),CASRN,TUQOTMZNTHZOKS-UHFFFAOYSA-N,inchi
999-21-3(2),CASRN,ZPOLOEWJWXZUSP-WAYWQWQTSA-N,inchi
999-81-5(2),CASRN,JUZXDNPBRPUIOR-UHFFFAOYSA-N,inchi
999-97-3(4),CASRN,FFUAGWLWBBFQJT-UHFFFAOYSA-N,inchi
